game_id,game_date,start_time,captured_at,home_team,away_team,bullpen_ip_diff,bullpen_availability_diff,home_bullpen_fatigue_score,away_bullpen_fatigue_score,home_bullpen_pitches_last_1d,away_bullpen_pitches_last_1d,home_bullpen_pitches_last_3d,away_bullpen_pitches_last_3d,home_closer_risk_score,away_closer_risk_score,lineup_projection_available_diff,context_bridge_source_status,context_bridge_reason,context_bridge_captured_at
822727,2026-06-03,2026-06-03T17:05:00+00:00,2026-06-03T14:02:07.840520+00:00,Washington Nationals,Miami Marlins,36.0,12.0,167.5,179.5,107.0,95.0,228.0,264.0,1.0,1.0,0,partial,"missing_source_columns=home_projected_lineup_available,away_projected_lineup_available; bullpen_availability_diff=away_fatigue-home_fatigue",2026-06-10T04:15:49.768802+00:00
822728,2026-06-02,2026-06-02T22:45:00+00:00,2026-06-02T21:54:22.349462+00:00,Washington Nationals,Miami Marlins,13.0,-17.0,140.5,123.5,76.0,29.0,205.0,218.0,1.0,0.85,0,partial,"missing_source_columns=home_projected_lineup_available,away_projected_lineup_available; bullpen_availability_diff=away_fatigue-home_fatigue",2026-06-10T04:15:49.768802+00:00
822729,2026-05-31,2026-05-31T17:35:00+00:00,2026-05-31T16:07:50.641249+00:00,Washington Nationals,San Diego Padres,-109.0,-75.0,163.0,88.0,84.0,43.0,242.0,133.0,,,0,partial,"missing_source_columns=home_projected_lineup_available,away_projected_lineup_available; bullpen_availability_diff=away_fatigue-home_fatigue",2026-06-10T04:15:49.768802+00:00
822730,2026-06-01,2026-06-01T22:45:00+00:00,2026-06-01T21:56:45.773595+00:00,Washington Nationals,Miami Marlins,-58.0,18.5,166.0,184.5,45.0,140.0,287.0,229.0,1.0,1.0,0,partial,"missing_source_columns=home_projected_lineup_available,away_projected_lineup_available; bullpen_availability_diff=away_fatigue-home_fatigue",2026-06-10T04:15:49.768802+00:00
822731,2026-05-30,2026-05-30T20:05:00+00:00,2026-05-30T19:14:08.902169+00:00,Washington Nationals,San Diego Padres,-130.0,-99.0,214.0,115.0,158.0,90.0,270.0,140.0,,,0,partial,"missing_source_columns=home_projected_lineup_available,away_projected_lineup_available; bullpen_availability_diff=away_fatigue-home_fatigue",2026-06-10T04:15:49.768802+00:00
822804,2026-06-10,2026-06-10T23:07:00+00:00,2026-06-10T03:55:04.862494+00:00,Toronto Blue Jays,Philadelphia Phillies,-18.0,-7.5,109.0,101.5,39.0,42.0,179.0,161.0,0.85,0.85,0,partial,"missing_source_columns=home_projected_lineup_available,away_projected_lineup_available; bullpen_availability_diff=away_fatigue-home_fatigue",2026-06-10T04:15:49.768802+00:00
822805,2026-06-09,2026-06-09T23:07:00+00:00,2026-06-09T22:25:45.628325+00:00,Toronto Blue Jays,Philadelphia Phillies,-95.0,-72.0,171.5,99.5,78.0,29.0,265.0,170.0,1.0,0.7,0,partial,"missing_source_columns=home_projected_lineup_available,away_projected_lineup_available; bullpen_availability_diff=away_fatigue-home_fatigue",2026-06-10T04:15:49.768802+00:00
822806,2026-06-08,2026-06-08T23:07:00+00:00,2026-06-08T22:28:08.345647+00:00,Toronto Blue Jays,Philadelphia Phillies,-78.0,-25.0,166.5,141.5,62.0,90.0,271.0,193.0,1.0,1.0,0,partial,"missing_source_columns=home_projected_lineup_available,away_projected_lineup_available; bullpen_availability_diff=away_fatigue-home_fatigue",2026-06-10T04:15:49.768802+00:00
822807,2026-06-07,2026-06-07T17:37:00+00:00,2026-06-07T10:56:39.401112+00:00,Toronto Blue Jays,Baltimore Orioles,-189.0,-130.5,224.5,94.0,125.0,53.0,324.0,135.0,1.0,0.85,0,partial,"missing_source_columns=home_projected_lineup_available,away_projected_lineup_available; bullpen_availability_diff=away_fatigue-home_fatigue",2026-06-10T04:15:49.768802+00:00
822808,2026-06-06,2026-06-06T19:07:00+00:00,2026-06-06T13:40:39.003341+00:00,Toronto Blue Jays,Baltimore Orioles,-74.0,-58.0,166.5,108.5,84.0,42.0,249.0,175.0,1.0,0.85,0,partial,"missing_source_columns=home_projected_lineup_available,away_projected_lineup_available; bullpen_availability_diff=away_fatigue-home_fatigue",2026-06-10T04:15:49.768802+00:00
822810,2026-06-05,2026-06-05T23:07:00+00:00,2026-06-05T21:25:18.854859+00:00,Toronto Blue Jays,Baltimore Orioles,-39.0,-57.0,156.0,99.0,115.0,40.0,197.0,158.0,1.0,0.85,0,partial,"missing_source_columns=home_projected_lineup_available,away_projected_lineup_available; bullpen_availability_diff=away_fatigue-home_fatigue",2026-06-10T04:15:49.768802+00:00
822890,2026-06-07,2026-06-07T18:35:00+00:00,2026-06-07T10:56:39.401112+00:00,Texas Rangers,Cleveland Guardians,-62.0,-63.0,107.5,44.5,74.0,10.0,141.0,79.0,0.85,0.1,0,partial,"missing_source_columns=home_projected_lineup_available,away_projected_lineup_available; bullpen_availability_diff=away_fatigue-home_fatigue",2026-06-10T04:15:49.768802+00:00
822891,2026-06-06,2026-06-06T23:35:00+00:00,2026-06-06T13:40:39.003341+00:00,Texas Rangers,Cleveland Guardians,10.0,-15.0,89.0,74.0,67.0,27.0,111.0,121.0,0.75,0.45,0,partial,"missing_source_columns=home_projected_lineup_available,away_projected_lineup_available; bullpen_availability_diff=away_fatigue-home_fatigue",2026-06-10T04:15:49.768802+00:00
822892,2026-06-05,2026-06-06T00:15:00+00:00,2026-06-05T23:08:37.410209+00:00,Texas Rangers,Cleveland Guardians,87.0,64.5,41.0,105.5,0.0,42.0,82.0,169.0,0.1,0.85,0,partial,"missing_source_columns=home_projected_lineup_available,away_projected_lineup_available; bullpen_availability_diff=away_fatigue-home_fatigue",2026-06-10T04:15:49.768802+00:00
822893,2026-05-30,2026-05-30T20:05:00+00:00,2026-05-30T19:14:08.902169+00:00,Texas Rangers,Kansas City Royals,9.0,13.5,87.0,100.5,43.0,61.0,131.0,140.0,,,0,partial,"missing_source_columns=home_projected_lineup_available,away_projected_lineup_available; bullpen_availability_diff=away_fatigue-home_fatigue",2026-06-10T04:15:49.768802+00:00
822895,2026-05-31,2026-05-31T18:35:00+00:00,2026-05-31T18:01:13.612831+00:00,Texas Rangers,Kansas City Royals,-22.0,-16.5,103.0,86.5,67.0,56.0,139.0,117.0,,,0,partial,"missing_source_columns=home_projected_lineup_available,away_projected_lineup_available; bullpen_availability_diff=away_fatigue-home_fatigue",2026-06-10T04:15:49.768802+00:00
822969,2026-06-09,2026-06-09T22:40:00+00:00,2026-06-09T22:25:45.628325+00:00,Tampa Bay Rays,Boston Red Sox,0.0,0.0,123.5,,63.0,,184.0,,1.0,1.0,0,partial,"missing_source_columns=home_projected_lineup_available,away_projected_lineup_available; bullpen_pitches_last_3d_missing; fatigue_missing_used_closer_risk; bullpen_availability_diff=away_closer_risk-home_closer_risk",2026-06-10T04:15:49.768802+00:00
822970,2026-06-10,2026-06-10T17:10:00+00:00,2026-06-10T03:55:04.862494+00:00,Tampa Bay Rays,Boston Red Sox,-22.0,-4.5,88.5,84.0,19.0,32.0,158.0,136.0,0.45,0.6,0,partial,"missing_source_columns=home_projected_lineup_available,away_projected_lineup_available; bullpen_availability_diff=away_fatigue-home_fatigue",2026-06-10T04:15:49.768802+00:00
822971,2026-06-02,2026-06-02T22:40:00+00:00,2026-06-02T21:54:22.349462+00:00,Tampa Bay Rays,Detroit Tigers,-44.0,5.0,167.0,172.0,84.0,138.0,250.0,206.0,1.0,1.0,0,partial,"missing_source_columns=home_projected_lineup_available,away_projected_lineup_available; bullpen_availability_diff=away_fatigue-home_fatigue",2026-06-10T04:15:49.768802+00:00
822972,2026-06-08,2026-06-08T22:40:00+00:00,2026-06-08T22:28:08.345647+00:00,Tampa Bay Rays,Boston Red Sox,0.0,0.0,116.0,,76.0,,156.0,,1.0,1.0,0,partial,"missing_source_columns=home_projected_lineup_available,away_projected_lineup_available; bullpen_pitches_last_3d_missing; fatigue_missing_used_closer_risk; bullpen_availability_diff=away_closer_risk-home_closer_risk",2026-06-10T04:15:49.768802+00:00
822973,2026-06-03,2026-06-03T17:10:00+00:00,2026-06-03T14:02:07.840520+00:00,Tampa Bay Rays,Detroit Tigers,-36.0,-55.5,178.5,123.0,110.0,35.0,247.0,211.0,1.0,1.0,0,partial,"missing_source_columns=home_projected_lineup_available,away_projected_lineup_available; bullpen_availability_diff=away_fatigue-home_fatigue",2026-06-10T04:15:49.768802+00:00
822974,2026-06-01,2026-06-01T22:40:00+00:00,2026-06-01T21:56:45.773595+00:00,Tampa Bay Rays,Detroit Tigers,-119.0,-67.0,137.0,70.0,53.0,38.0,221.0,102.0,1.0,0.6,0,partial,"missing_source_columns=home_projected_lineup_available,away_projected_lineup_available; bullpen_availability_diff=away_fatigue-home_fatigue",2026-06-10T04:15:49.768802+00:00
822975,2026-05-30,2026-05-30T20:10:00+00:00,2026-05-30T19:14:08.902169+00:00,Tampa Bay Rays,Los Angeles Angels,20.0,4.5,92.0,96.5,55.0,44.0,129.0,149.0,,,0,partial,"missing_source_columns=home_projected_lineup_available,away_projected_lineup_available; bullpen_availability_diff=away_fatigue-home_fatigue",2026-06-10T04:15:49.768802+00:00
822976,2026-05-31,2026-05-31T17:40:00+00:00,2026-05-31T16:07:50.641249+00:00,Tampa Bay Rays,Los Angeles Angels,25.0,-2.0,140.5,138.5,113.0,84.0,168.0,193.0,,,0,partial,"missing_source_columns=home_projected_lineup_available,away_projected_lineup_available; bullpen_availability_diff=away_fatigue-home_fatigue",2026-06-10T04:15:49.768802+00:00
823047,2026-06-07,2026-06-07T18:15:00+00:00,2026-06-07T10:56:39.401112+00:00,St. Louis Cardinals,Cincinnati Reds,11.0,-4.5,104.0,99.5,65.0,45.0,143.0,154.0,0.85,1.0,0,partial,"missing_source_columns=home_projected_lineup_available,away_projected_lineup_available; bullpen_availability_diff=away_fatigue-home_fatigue",2026-06-10T04:15:49.768802+00:00
823048,2026-06-06,2026-06-06T18:15:00+00:00,2026-06-06T13:40:39.003341+00:00,St. Louis Cardinals,Cincinnati Reds,36.0,33.5,108.5,142.0,78.0,109.0,139.0,175.0,0.85,1.0,0,partial,"missing_source_columns=home_projected_lineup_available,away_projected_lineup_available; bullpen_availability_diff=away_fatigue-home_fatigue",2026-06-10T04:15:49.768802+00:00
823049,2026-06-05,2026-06-06T00:15:00+00:00,2026-06-05T23:08:37.410209+00:00,St. Louis Cardinals,Cincinnati Reds,21.0,10.5,63.5,74.0,0.0,0.0,127.0,148.0,0.3,0.3,0,partial,"missing_source_columns=home_projected_lineup_available,away_projected_lineup_available; bullpen_availability_diff=away_fatigue-home_fatigue",2026-06-10T04:15:49.768802+00:00
823050,2026-06-01,2026-06-01T23:45:00+00:00,2026-06-01T23:03:22.306671+00:00,St. Louis Cardinals,Texas Rangers,-64.0,-37.0,143.0,106.0,61.0,51.0,225.0,161.0,1.0,1.0,0,partial,"missing_source_columns=home_projected_lineup_available,away_projected_lineup_available; bullpen_availability_diff=away_fatigue-home_fatigue",2026-06-10T04:15:49.768802+00:00
823051,2026-06-03,2026-06-03T23:45:00+00:00,2026-06-03T23:43:03.467080+00:00,St. Louis Cardinals,Texas Rangers,-33.0,-30.5,120.5,90.0,66.0,38.0,175.0,142.0,1.0,0.7,0,partial,"missing_source_columns=home_projected_lineup_available,away_projected_lineup_available; bullpen_availability_diff=away_fatigue-home_fatigue",2026-06-10T04:15:49.768802+00:00
823052,2026-06-02,2026-06-02T23:45:00+00:00,2026-06-02T23:02:12.073800+00:00,St. Louis Cardinals,Texas Rangers,-23.0,-9.0,121.0,112.0,48.0,53.0,194.0,171.0,1.0,1.0,0,partial,"missing_source_columns=home_projected_lineup_available,away_projected_lineup_available; bullpen_availability_diff=away_fatigue-home_fatigue",2026-06-10T04:15:49.768802+00:00
823053,2026-05-31,2026-05-31T23:20:00+00:00,2026-05-31T23:09:04.009586+00:00,St. Louis Cardinals,Chicago Cubs,-23.0,-38.0,124.5,86.5,85.0,32.0,164.0,141.0,,,0,partial,"missing_source_columns=home_projected_lineup_available,away_projected_lineup_available; bullpen_availability_diff=away_fatigue-home_fatigue",2026-06-10T04:15:49.768802+00:00
823054,2026-05-30,2026-05-30T23:15:00+00:00,2026-05-30T22:01:24.114016+00:00,St. Louis Cardinals,Chicago Cubs,86.0,23.0,86.5,109.5,79.0,39.0,94.0,180.0,,,0,partial,"missing_source_columns=home_projected_lineup_available,away_projected_lineup_available; bullpen_availability_diff=away_fatigue-home_fatigue",2026-06-10T04:15:49.768802+00:00
823129,2026-06-02,2026-06-03T01:40:00+00:00,2026-06-02T23:02:12.073800+00:00,Seattle Mariners,New York Mets,60.0,63.0,114.5,177.5,58.0,124.0,171.0,231.0,1.0,1.0,0,partial,"missing_source_columns=home_projected_lineup_available,away_projected_lineup_available; bullpen_availability_diff=away_fatigue-home_fatigue",2026-06-10T04:15:49.768802+00:00
823130,2026-06-03,2026-06-03T19:40:00+00:00,2026-06-03T18:23:52.453650+00:00,Seattle Mariners,New York Mets,140.0,117.0,100.5,217.5,36.0,130.0,165.0,305.0,0.85,1.0,0,partial,"missing_source_columns=home_projected_lineup_available,away_projected_lineup_available; bullpen_availability_diff=away_fatigue-home_fatigue",2026-06-10T04:15:49.768802+00:00
823131,2026-06-01,2026-06-02T01:40:00+00:00,2026-06-01T23:03:22.306671+00:00,Seattle Mariners,New York Mets,-42.0,-31.0,141.0,110.0,71.0,51.0,211.0,169.0,1.0,1.0,0,partial,"missing_source_columns=home_projected_lineup_available,away_projected_lineup_available; bullpen_availability_diff=away_fatigue-home_fatigue",2026-06-10T04:15:49.768802+00:00
823132,2026-05-30,2026-05-31T02:10:00+00:00,2026-05-30T22:01:24.114016+00:00,Seattle Mariners,Arizona Diamondbacks,-26.0,-24.0,119.5,95.5,98.0,76.0,141.0,115.0,,,0,partial,"missing_source_columns=home_projected_lineup_available,away_projected_lineup_available; bullpen_availability_diff=away_fatigue-home_fatigue",2026-06-10T04:15:49.768802+00:00
823133,2026-05-31,2026-05-31T20:10:00+00:00,2026-05-31T20:07:12.119028+00:00,Seattle Mariners,Arizona Diamondbacks,-27.0,-16.0,91.0,75.0,42.0,37.0,140.0,113.0,,,0,partial,"missing_source_columns=home_projected_lineup_available,away_projected_lineup_available; bullpen_availability_diff=away_fatigue-home_fatigue",2026-06-10T04:15:49.768802+00:00
823214,2026-06-09,2026-06-10T01:45:00+00:00,2026-06-09T22:25:45.628325+00:00,San Francisco Giants,Washington Nationals,66.0,79.5,91.5,171.0,25.0,118.0,158.0,224.0,0.7,1.0,0,partial,"missing_source_columns=home_projected_lineup_available,away_projected_lineup_available; bullpen_availability_diff=away_fatigue-home_fatigue",2026-06-10T04:15:49.768802+00:00
823215,2026-06-10,2026-06-10T19:45:00+00:00,2026-06-10T03:55:04.862494+00:00,San Francisco Giants,Washington Nationals,82.0,41.0,46.0,87.0,0.0,0.0,92.0,174.0,0.1,0.45,0,partial,"missing_source_columns=home_projected_lineup_available,away_projected_lineup_available; bullpen_availability_diff=away_fatigue-home_fatigue",2026-06-10T04:15:49.768802+00:00
823218,2026-06-08,2026-06-09T01:45:00+00:00,2026-06-08T23:48:33.404711+00:00,San Francisco Giants,Washington Nationals,-17.0,-14.0,128.5,114.5,67.0,56.0,190.0,173.0,1.0,1.0,0,partial,"missing_source_columns=home_projected_lineup_available,away_projected_lineup_available; bullpen_availability_diff=away_fatigue-home_fatigue",2026-06-10T04:15:49.768802+00:00
823287,2026-06-10,2026-06-10T20:10:00+00:00,2026-06-10T03:55:04.862494+00:00,San Diego Padres,Cincinnati Reds,-16.0,-8.0,77.5,69.5,0.0,0.0,155.0,139.0,0.45,0.3,0,partial,"missing_source_columns=home_projected_lineup_available,away_projected_lineup_available; bullpen_availability_diff=away_fatigue-home_fatigue",2026-06-10T04:15:49.768802+00:00
823289,2026-06-08,2026-06-09T01:40:00+00:00,2026-06-08T23:48:33.404711+00:00,San Diego Padres,Cincinnati Reds,56.0,31.0,140.0,171.0,88.0,94.0,192.0,248.0,1.0,1.0,0,partial,"missing_source_columns=home_projected_lineup_available,away_projected_lineup_available; bullpen_availability_diff=away_fatigue-home_fatigue",2026-06-10T04:15:49.768802+00:00
823290,2026-06-09,2026-06-10T01:40:00+00:00,2026-06-09T22:25:45.628325+00:00,San Diego Padres,Cincinnati Reds,-21.0,-21.5,136.0,114.5,67.0,45.0,205.0,184.0,1.0,1.0,0,partial,"missing_source_columns=home_projected_lineup_available,away_projected_lineup_available; bullpen_availability_diff=away_fatigue-home_fatigue",2026-06-10T04:15:49.768802+00:00
823291,2026-06-07,2026-06-07T20:10:00+00:00,2026-06-07T10:56:39.401112+00:00,San Diego Padres,New York Mets,-110.0,-63.0,116.0,53.0,50.0,34.0,182.0,72.0,1.0,0.4,0,partial,"missing_source_columns=home_projected_lineup_available,away_projected_lineup_available; bullpen_availability_diff=away_fatigue-home_fatigue",2026-06-10T04:15:49.768802+00:00
823292,2026-06-06,2026-06-07T02:10:00+00:00,2026-06-06T13:40:39.003341+00:00,San Diego Padres,New York Mets,-91.0,-53.5,109.5,56.0,54.0,38.0,165.0,74.0,1.0,0.4,0,partial,"missing_source_columns=home_projected_lineup_available,away_projected_lineup_available; bullpen_availability_diff=away_fatigue-home_fatigue",2026-06-10T04:15:49.768802+00:00
823293,2026-06-05,2026-06-06T01:40:00+00:00,2026-06-05T23:08:37.410209+00:00,San Diego Padres,New York Mets,5.0,-36.5,119.5,83.0,78.0,0.0,161.0,166.0,1.0,0.45,0,partial,"missing_source_columns=home_projected_lineup_available,away_projected_lineup_available; bullpen_availability_diff=away_fatigue-home_fatigue",2026-06-10T04:15:49.768802+00:00
823372,2026-06-10,2026-06-10T22:40:00+00:00,2026-06-10T03:55:04.862494+00:00,Pittsburgh Pirates,Los Angeles Dodgers,-3.0,-23.5,170.0,146.5,113.0,69.0,227.0,224.0,1.0,1.0,0,partial,"missing_source_columns=home_projected_lineup_available,away_projected_lineup_available; bullpen_availability_diff=away_fatigue-home_fatigue",2026-06-10T04:15:49.768802+00:00
823373,2026-05-31,2026-05-31T17:35:00+00:00,2026-05-31T16:07:50.641249+00:00,Pittsburgh Pirates,Minnesota Twins,4.0,-9.5,156.5,147.0,89.0,66.0,224.0,228.0,,,0,partial,"missing_source_columns=home_projected_lineup_available,away_projected_lineup_available; bullpen_availability_diff=away_fatigue-home_fatigue",2026-06-10T04:15:49.768802+00:00
823374,2026-06-09,2026-06-09T22:40:00+00:00,2026-06-09T22:25:45.628325+00:00,Pittsburgh Pirates,Los Angeles Dodgers,12.0,6.0,78.5,84.5,0.0,0.0,157.0,169.0,0.45,0.45,0,partial,"missing_source_columns=home_projected_lineup_available,away_projected_lineup_available; bullpen_availability_diff=away_fatigue-home_fatigue",2026-06-10T04:15:49.768802+00:00
823375,2026-05-30,2026-05-30T20:05:00+00:00,2026-05-30T19:14:08.902169+00:00,Pittsburgh Pirates,Minnesota Twins,15.0,20.5,140.0,160.5,57.0,83.0,223.0,238.0,,,0,partial,"missing_source_columns=home_projected_lineup_available,away_projected_lineup_available; bullpen_availability_diff=away_fatigue-home_fatigue",2026-06-10T04:15:49.768802+00:00
823453,2026-06-07,2026-06-07T17:35:00+00:00,2026-06-07T10:56:39.401112+00:00,Philadelphia Phillies,Chicago White Sox,46.0,64.0,98.5,162.5,51.0,133.0,146.0,192.0,0.85,1.0,0,partial,"missing_source_columns=home_projected_lineup_available,away_projected_lineup_available; bullpen_availability_diff=away_fatigue-home_fatigue",2026-06-10T04:15:49.768802+00:00
823454,2026-06-06,2026-06-06T20:05:00+00:00,2026-06-06T13:40:39.003341+00:00,Philadelphia Phillies,Chicago White Sox,-19.0,-6.0,92.5,86.5,52.0,59.0,133.0,114.0,0.85,0.75,0,partial,"missing_source_columns=home_projected_lineup_available,away_projected_lineup_available; bullpen_availability_diff=away_fatigue-home_fatigue",2026-06-10T04:15:49.768802+00:00
823455,2026-06-05,2026-06-05T22:40:00+00:00,2026-06-05T21:25:18.854859+00:00,Philadelphia Phillies,Chicago White Sox,-33.0,-38.0,88.5,50.5,43.0,0.0,134.0,101.0,0.6,0.2,0,partial,"missing_source_columns=home_projected_lineup_available,away_projected_lineup_available; bullpen_availability_diff=away_fatigue-home_fatigue",2026-06-10T04:15:49.768802+00:00
823456,2026-06-03,2026-06-03T22:40:00+00:00,2026-06-03T21:48:35.136209+00:00,Philadelphia Phillies,San Diego Padres,-37.0,-20.0,98.0,78.0,53.0,50.0,143.0,106.0,0.85,0.75,0,partial,"missing_source_columns=home_projected_lineup_available,away_projected_lineup_available; bullpen_availability_diff=away_fatigue-home_fatigue",2026-06-10T04:15:49.768802+00:00
823457,2026-06-04,2026-06-04T17:05:00+00:00,2026-06-04T14:58:51.159192+00:00,Philadelphia Phillies,San Diego Padres,-8.0,-6.5,64.5,58.0,38.0,33.0,91.0,83.0,0.5,0.4,0,partial,"missing_source_columns=home_projected_lineup_available,away_projected_lineup_available; bullpen_availability_diff=away_fatigue-home_fatigue",2026-06-10T04:15:49.768802+00:00
823460,2026-06-02,2026-06-02T22:40:00+00:00,2026-06-02T21:54:22.349462+00:00,Philadelphia Phillies,San Diego Padres,-51.0,-25.5,75.0,49.5,0.0,0.0,150.0,99.0,0.45,0.1,0,partial,"missing_source_columns=home_projected_lineup_available,away_projected_lineup_available; bullpen_availability_diff=away_fatigue-home_fatigue",2026-06-10T04:15:49.768802+00:00
823537,2026-06-07,2026-06-07T17:35:00+00:00,2026-06-07T10:56:39.401112+00:00,New York Yankees,Boston Red Sox,0.0,0.0,,,,,,,1.0,1.0,0,partial,"missing_source_columns=home_projected_lineup_available,away_projected_lineup_available; bullpen_pitches_last_3d_missing; fatigue_missing_used_closer_risk; bullpen_availability_diff=away_closer_risk-home_closer_risk",2026-06-10T04:15:49.768802+00:00
823538,2026-06-05,2026-06-05T23:05:00+00:00,2026-06-05T21:25:18.854859+00:00,New York Yankees,Boston Red Sox,-10.0,7.0,114.0,121.0,41.0,65.0,187.0,177.0,0.85,1.0,0,partial,"missing_source_columns=home_projected_lineup_available,away_projected_lineup_available; bullpen_availability_diff=away_fatigue-home_fatigue",2026-06-10T04:15:49.768802+00:00
823539,2026-06-06,2026-06-06T23:35:00+00:00,2026-06-06T13:40:39.003341+00:00,New York Yankees,Boston Red Sox,36.0,17.5,70.5,88.0,30.0,29.0,111.0,147.0,0.6,0.45,0,partial,"missing_source_columns=home_projected_lineup_available,away_projected_lineup_available; bullpen_availability_diff=away_fatigue-home_fatigue",2026-06-10T04:15:49.768802+00:00
823540,2026-06-03,2026-06-03T23:05:00+00:00,2026-06-03T21:48:35.136209+00:00,New York Yankees,Cleveland Guardians,-24.0,-27.5,136.0,108.5,106.0,75.0,166.0,142.0,1.0,0.85,0,partial,"missing_source_columns=home_projected_lineup_available,away_projected_lineup_available; bullpen_availability_diff=away_fatigue-home_fatigue",2026-06-10T04:15:49.768802+00:00
823541,2026-06-02,2026-06-02T23:05:00+00:00,2026-06-02T23:02:12.073800+00:00,New York Yankees,Cleveland Guardians,88.0,44.0,41.0,85.0,0.0,0.0,82.0,170.0,0.1,0.45,0,partial,"missing_source_columns=home_projected_lineup_available,away_projected_lineup_available; bullpen_availability_diff=away_fatigue-home_fatigue",2026-06-10T04:15:49.768802+00:00
823542,2026-06-04,2026-06-04T17:35:00+00:00,2026-06-04T14:58:51.159192+00:00,New York Yankees,Cleveland Guardians,-19.0,-3.5,93.0,89.5,40.0,52.0,146.0,127.0,0.7,0.75,0,partial,"missing_source_columns=home_projected_lineup_available,away_projected_lineup_available; bullpen_availability_diff=away_fatigue-home_fatigue",2026-06-10T04:15:49.768802+00:00
823618,2026-06-10,2026-06-10T23:10:00+00:00,2026-06-10T03:55:04.862494+00:00,New York Mets,St. Louis Cardinals,-78.0,-37.0,93.5,56.5,28.0,32.0,159.0,81.0,0.7,0.4,0,partial,"missing_source_columns=home_projected_lineup_available,away_projected_lineup_available; bullpen_availability_diff=away_fatigue-home_fatigue",2026-06-10T04:15:49.768802+00:00
823620,2026-06-09,2026-06-09T23:10:00+00:00,2026-06-09T22:25:45.628325+00:00,New York Mets,St. Louis Cardinals,-51.0,-25.5,82.5,57.0,0.0,0.0,165.0,114.0,0.45,0.2,0,partial,"missing_source_columns=home_projected_lineup_available,away_projected_lineup_available; bullpen_availability_diff=away_fatigue-home_fatigue",2026-06-10T04:15:49.768802+00:00
823621,2026-05-31,2026-05-31T17:40:00+00:00,2026-05-31T16:07:50.641249+00:00,New York Mets,Miami Marlins,-29.0,-18.0,87.0,69.0,56.0,49.0,118.0,89.0,,,0,partial,"missing_source_columns=home_projected_lineup_available,away_projected_lineup_available; bullpen_availability_diff=away_fatigue-home_fatigue",2026-06-10T04:15:49.768802+00:00
823622,2026-05-30,2026-05-30T20:10:00+00:00,2026-05-30T19:14:08.902169+00:00,New York Mets,Miami Marlins,-122.0,-72.0,141.0,69.0,62.0,40.0,220.0,98.0,,,0,partial,"missing_source_columns=home_projected_lineup_available,away_projected_lineup_available; bullpen_availability_diff=away_fatigue-home_fatigue",2026-06-10T04:15:49.768802+00:00
823696,2026-06-07,2026-06-07T18:10:00+00:00,2026-06-07T10:56:39.401112+00:00,Minnesota Twins,Kansas City Royals,-44.0,-9.5,124.5,115.0,46.0,71.0,203.0,159.0,1.0,1.0,0,partial,"missing_source_columns=home_projected_lineup_available,away_projected_lineup_available; bullpen_availability_diff=away_fatigue-home_fatigue",2026-06-10T04:15:49.768802+00:00
823697,2026-06-06,2026-06-06T18:10:00+00:00,2026-06-06T13:40:39.003341+00:00,Minnesota Twins,Kansas City Royals,-113.0,-56.0,135.0,79.0,30.0,31.0,240.0,127.0,1.0,0.6,0,partial,"missing_source_columns=home_projected_lineup_available,away_projected_lineup_available; bullpen_availability_diff=away_fatigue-home_fatigue",2026-06-10T04:15:49.768802+00:00
823698,2026-06-04,2026-06-04T23:40:00+00:00,2026-06-04T22:20:52.609536+00:00,Minnesota Twins,Kansas City Royals,-40.0,-42.0,134.5,92.5,83.0,39.0,186.0,146.0,1.0,0.7,0,partial,"missing_source_columns=home_projected_lineup_available,away_projected_lineup_available; bullpen_availability_diff=away_fatigue-home_fatigue",2026-06-10T04:15:49.768802+00:00
823699,2026-06-05,2026-06-06T00:15:00+00:00,2026-06-05T23:08:37.410209+00:00,Minnesota Twins,Kansas City Royals,-120.0,-95.0,195.0,100.0,127.0,57.0,263.0,143.0,1.0,0.85,0,partial,"missing_source_columns=home_projected_lineup_available,away_projected_lineup_available; bullpen_availability_diff=away_fatigue-home_fatigue",2026-06-10T04:15:49.768802+00:00
823700,2026-06-02,2026-06-02T23:40:00+00:00,2026-06-02T23:02:12.073800+00:00,Minnesota Twins,Chicago White Sox,-17.0,-7.5,115.5,108.0,50.0,52.0,181.0,164.0,1.0,1.0,0,partial,"missing_source_columns=home_projected_lineup_available,away_projected_lineup_available; bullpen_availability_diff=away_fatigue-home_fatigue",2026-06-10T04:15:49.768802+00:00
823701,2026-06-03,2026-06-03T17:40:00+00:00,2026-06-03T14:02:07.840520+00:00,Minnesota Twins,Chicago White Sox,-14.0,-10.5,110.5,100.0,53.0,46.0,168.0,154.0,1.0,1.0,0,partial,"missing_source_columns=home_projected_lineup_available,away_projected_lineup_available; bullpen_availability_diff=away_fatigue-home_fatigue",2026-06-10T04:15:49.768802+00:00
823702,2026-06-01,2026-06-01T23:40:00+00:00,2026-06-01T23:03:22.306671+00:00,Minnesota Twins,Chicago White Sox,27.0,9.0,139.5,148.5,65.0,56.0,214.0,241.0,1.0,1.0,0,partial,"missing_source_columns=home_projected_lineup_available,away_projected_lineup_available; bullpen_availability_diff=away_fatigue-home_fatigue",2026-06-10T04:15:49.768802+00:00
823779,2026-06-04,2026-06-04T18:10:00+00:00,2026-06-04T17:48:36.964964+00:00,Milwaukee Brewers,San Francisco Giants,46.0,11.5,113.0,124.5,49.0,26.0,177.0,223.0,1.0,0.85,0,partial,"missing_source_columns=home_projected_lineup_available,away_projected_lineup_available; bullpen_availability_diff=away_fatigue-home_fatigue",2026-06-10T04:15:49.768802+00:00
823780,2026-06-03,2026-06-03T23:40:00+00:00,2026-06-03T21:48:35.136209+00:00,Milwaukee Brewers,San Francisco Giants,128.0,83.0,103.0,186.0,53.0,91.0,153.0,281.0,1.0,1.0,0,partial,"missing_source_columns=home_projected_lineup_available,away_projected_lineup_available; bullpen_availability_diff=away_fatigue-home_fatigue",2026-06-10T04:15:49.768802+00:00
823781,2026-06-01,2026-06-01T23:40:00+00:00,2026-06-01T23:03:22.306671+00:00,Milwaukee Brewers,San Francisco Giants,27.0,43.0,115.0,158.0,25.0,84.0,205.0,232.0,0.7,1.0,0,partial,"missing_source_columns=home_projected_lineup_available,away_projected_lineup_available; bullpen_availability_diff=away_fatigue-home_fatigue",2026-06-10T04:15:49.768802+00:00
823782,2026-06-02,2026-06-02T23:40:00+00:00,2026-06-02T23:02:12.073800+00:00,Milwaukee Brewers,San Francisco Giants,79.0,55.0,130.5,185.5,75.0,106.0,186.0,265.0,1.0,1.0,0,partial,"missing_source_columns=home_projected_lineup_available,away_projected_lineup_available; bullpen_availability_diff=away_fatigue-home_fatigue",2026-06-10T04:15:49.768802+00:00
823856,2026-06-10,2026-06-10T22:40:00+00:00,2026-06-10T03:55:04.862494+00:00,Miami Marlins,Arizona Diamondbacks,-49.0,-40.5,108.5,68.0,88.0,56.0,129.0,80.0,0.85,0.65,0,partial,"missing_source_columns=home_projected_lineup_available,away_projected_lineup_available; bullpen_availability_diff=away_fatigue-home_fatigue",2026-06-10T04:15:49.768802+00:00
823857,2026-06-07,2026-06-07T17:40:00+00:00,2026-06-07T10:56:39.401112+00:00,Miami Marlins,Tampa Bay Rays,-163.0,-125.0,187.5,62.5,132.0,45.0,243.0,80.0,1.0,0.65,0,partial,"missing_source_columns=home_projected_lineup_available,away_projected_lineup_available; bullpen_availability_diff=away_fatigue-home_fatigue",2026-06-10T04:15:49.768802+00:00
823858,2026-06-09,2026-06-09T22:40:00+00:00,2026-06-09T22:25:45.628325+00:00,Miami Marlins,Arizona Diamondbacks,-96.0,-48.0,86.5,38.5,0.0,0.0,173.0,77.0,0.45,0.1,0,partial,"missing_source_columns=home_projected_lineup_available,away_projected_lineup_available; bullpen_availability_diff=away_fatigue-home_fatigue",2026-06-10T04:15:49.768802+00:00
823859,2026-06-06,2026-06-06T20:10:00+00:00,2026-06-06T13:40:39.003341+00:00,Miami Marlins,Tampa Bay Rays,-31.0,-53.5,129.5,76.0,111.0,35.0,148.0,117.0,1.0,0.6,0,partial,"missing_source_columns=home_projected_lineup_available,away_projected_lineup_available; bullpen_availability_diff=away_fatigue-home_fatigue",2026-06-10T04:15:49.768802+00:00
823860,2026-06-05,2026-06-05T23:10:00+00:00,2026-06-05T23:08:37.410209+00:00,Miami Marlins,Tampa Bay Rays,60.0,30.0,66.0,96.0,0.0,0.0,132.0,192.0,0.3,0.55,0,partial,"missing_source_columns=home_projected_lineup_available,away_projected_lineup_available; bullpen_availability_diff=away_fatigue-home_fatigue",2026-06-10T04:15:49.768802+00:00
823941,2026-06-07,2026-06-07T20:10:00+00:00,2026-06-07T10:56:39.401112+00:00,Los Angeles Dodgers,Los Angeles Angels,75.0,95.0,55.0,150.0,14.0,129.0,96.0,171.0,0.1,1.0,0,partial,"missing_source_columns=home_projected_lineup_available,away_projected_lineup_available; bullpen_availability_diff=away_fatigue-home_fatigue",2026-06-10T04:15:49.768802+00:00
823942,2026-06-06,2026-06-07T02:10:00+00:00,2026-06-06T13:40:39.003341+00:00,Los Angeles Dodgers,Los Angeles Angels,-30.0,-9.5,78.5,69.0,31.0,42.0,126.0,96.0,0.6,0.5,0,partial,"missing_source_columns=home_projected_lineup_available,away_projected_lineup_available; bullpen_availability_diff=away_fatigue-home_fatigue",2026-06-10T04:15:49.768802+00:00
823943,2026-06-05,2026-06-06T02:10:00+00:00,2026-06-05T23:08:37.410209+00:00,Los Angeles Dodgers,Los Angeles Angels,-45.0,-48.0,119.5,71.5,51.0,0.0,188.0,143.0,1.0,0.3,0,partial,"missing_source_columns=home_projected_lineup_available,away_projected_lineup_available; bullpen_availability_diff=away_fatigue-home_fatigue",2026-06-10T04:15:49.768802+00:00
823944,2026-05-31,2026-05-31T20:10:00+00:00,2026-05-31T20:07:12.119028+00:00,Los Angeles Dodgers,Philadelphia Phillies,4.0,5.5,67.0,72.5,53.0,60.0,81.0,85.0,,,0,partial,"missing_source_columns=home_projected_lineup_available,away_projected_lineup_available; bullpen_availability_diff=away_fatigue-home_fatigue",2026-06-10T04:15:49.768802+00:00
823945,2026-05-30,2026-05-31T02:10:00+00:00,2026-05-30T22:01:24.114016+00:00,Los Angeles Dodgers,Philadelphia Phillies,-5.0,-4.0,48.0,44.0,28.0,25.0,68.0,63.0,,,0,partial,"missing_source_columns=home_projected_lineup_available,away_projected_lineup_available; bullpen_availability_diff=away_fatigue-home_fatigue",2026-06-10T04:15:49.768802+00:00
824022,2026-06-10,2026-06-11T01:38:00+00:00,2026-06-10T03:55:04.862494+00:00,Los Angeles Angels,Houston Astros,-37.0,-18.5,73.5,55.0,0.0,0.0,147.0,110.0,0.3,0.2,0,partial,"missing_source_columns=home_projected_lineup_available,away_projected_lineup_available; bullpen_availability_diff=away_fatigue-home_fatigue",2026-06-10T04:15:49.768802+00:00
824023,2026-06-09,2026-06-10T01:38:00+00:00,2026-06-09T22:25:45.628325+00:00,Los Angeles Angels,Houston Astros,-98.0,-61.5,179.0,117.5,82.0,57.0,276.0,178.0,1.0,1.0,0,partial,"missing_source_columns=home_projected_lineup_available,away_projected_lineup_available; bullpen_availability_diff=away_fatigue-home_fatigue",2026-06-10T04:15:49.768802+00:00
824024,2026-06-03,2026-06-04T01:38:00+00:00,2026-06-03T23:43:03.467080+00:00,Los Angeles Angels,Colorado Rockies,-33.0,-33.5,183.0,149.5,89.0,55.0,277.0,244.0,1.0,1.0,0,partial,"missing_source_columns=home_projected_lineup_available,away_projected_lineup_available; bullpen_availability_diff=away_fatigue-home_fatigue",2026-06-10T04:15:49.768802+00:00
824025,2026-06-08,2026-06-09T01:38:00+00:00,2026-06-08T23:48:33.404711+00:00,Los Angeles Angels,Houston Astros,-65.0,-38.5,150.5,112.0,65.0,53.0,236.0,171.0,1.0,1.0,0,partial,"missing_source_columns=home_projected_lineup_available,away_projected_lineup_available; bullpen_availability_diff=away_fatigue-home_fatigue",2026-06-10T04:15:49.768802+00:00
824026,2026-06-02,2026-06-03T01:38:00+00:00,2026-06-02T23:02:12.073800+00:00,Los Angeles Angels,Colorado Rockies,-24.0,-32.0,180.0,148.0,88.0,48.0,272.0,248.0,1.0,1.0,0,partial,"missing_source_columns=home_projected_lineup_available,away_projected_lineup_available; bullpen_availability_diff=away_fatigue-home_fatigue",2026-06-10T04:15:49.768802+00:00
824027,2026-06-01,2026-06-02T01:38:00+00:00,2026-06-01T23:03:22.306671+00:00,Los Angeles Angels,Colorado Rockies,61.0,51.0,164.0,215.0,100.0,141.0,228.0,289.0,1.0,1.0,0,partial,"missing_source_columns=home_projected_lineup_available,away_projected_lineup_available; bullpen_availability_diff=away_fatigue-home_fatigue",2026-06-10T04:15:49.768802+00:00
824103,2026-06-10,2026-06-10T23:40:00+00:00,2026-06-10T03:55:04.862494+00:00,Kansas City Royals,Texas Rangers,-26.0,-21.0,75.5,54.5,52.0,36.0,99.0,73.0,0.65,0.4,0,partial,"missing_source_columns=home_projected_lineup_available,away_projected_lineup_available; bullpen_availability_diff=away_fatigue-home_fatigue",2026-06-10T04:15:49.768802+00:00
824105,2026-06-09,2026-06-09T23:40:00+00:00,2026-06-09T22:25:45.628325+00:00,Kansas City Royals,Texas Rangers,-7.0,-3.5,59.0,55.5,0.0,0.0,118.0,111.0,0.2,0.2,0,partial,"missing_source_columns=home_projected_lineup_available,away_projected_lineup_available; bullpen_availability_diff=away_fatigue-home_fatigue",2026-06-10T04:15:49.768802+00:00
824183,2026-06-07,2026-06-07T18:10:00+00:00,2026-06-07T10:56:39.401112+00:00,Houston Astros,Athletics,24.0,23.0,128.5,151.5,68.0,90.0,189.0,213.0,1.0,1.0,0,partial,"missing_source_columns=home_projected_lineup_available,away_projected_lineup_available; bullpen_availability_diff=away_fatigue-home_fatigue",2026-06-10T04:15:49.768802+00:00
824184,2026-06-06,2026-06-06T20:10:00+00:00,2026-06-06T13:40:39.003341+00:00,Houston Astros,Athletics,-32.0,-9.0,146.0,137.0,50.0,64.0,242.0,210.0,1.0,1.0,0,partial,"missing_source_columns=home_projected_lineup_available,away_projected_lineup_available; bullpen_availability_diff=away_fatigue-home_fatigue",2026-06-10T04:15:49.768802+00:00
824185,2026-06-04,2026-06-05T00:10:00+00:00,2026-06-04T22:20:52.609536+00:00,Houston Astros,Pittsburgh Pirates,-48.0,-38.0,164.5,126.5,121.0,93.0,208.0,160.0,1.0,1.0,0,partial,"missing_source_columns=home_projected_lineup_available,away_projected_lineup_available; bullpen_availability_diff=away_fatigue-home_fatigue",2026-06-10T04:15:49.768802+00:00
824186,2026-06-05,2026-06-06T00:10:00+00:00,2026-06-05T23:08:37.410209+00:00,Houston Astros,Athletics,-105.0,-58.5,175.0,116.5,71.0,59.0,279.0,174.0,1.0,1.0,0,partial,"missing_source_columns=home_projected_lineup_available,away_projected_lineup_available; bullpen_availability_diff=away_fatigue-home_fatigue",2026-06-10T04:15:49.768802+00:00
824187,2026-05-31,2026-05-31T18:10:00+00:00,2026-05-31T18:01:13.612831+00:00,Houston Astros,Milwaukee Brewers,3.0,19.5,113.5,133.0,50.0,86.0,177.0,180.0,,,0,partial,"missing_source_columns=home_projected_lineup_available,away_projected_lineup_available; bullpen_availability_diff=away_fatigue-home_fatigue",2026-06-10T04:15:49.768802+00:00
824188,2026-06-03,2026-06-04T00:10:00+00:00,2026-06-03T23:43:03.467080+00:00,Houston Astros,Pittsburgh Pirates,-21.0,-20.5,104.0,83.5,87.0,67.0,121.0,100.0,0.85,0.75,0,partial,"missing_source_columns=home_projected_lineup_available,away_projected_lineup_available; bullpen_availability_diff=away_fatigue-home_fatigue",2026-06-10T04:15:49.768802+00:00
824189,2026-06-02,2026-06-03T00:10:00+00:00,2026-06-02T23:02:12.073800+00:00,Houston Astros,Pittsburgh Pirates,38.0,19.0,42.0,61.0,0.0,0.0,84.0,122.0,0.1,0.3,0,partial,"missing_source_columns=home_projected_lineup_available,away_projected_lineup_available; bullpen_availability_diff=away_fatigue-home_fatigue",2026-06-10T04:15:49.768802+00:00
824190,2026-05-30,2026-05-30T20:10:00+00:00,2026-05-30T19:14:08.902169+00:00,Houston Astros,Milwaukee Brewers,2.0,13.5,115.5,129.0,69.0,94.0,162.0,164.0,,,0,partial,"missing_source_columns=home_projected_lineup_available,away_projected_lineup_available; bullpen_availability_diff=away_fatigue-home_fatigue",2026-06-10T04:15:49.768802+00:00
824266,2026-06-10,2026-06-10T22:40:00+00:00,2026-06-10T03:55:04.862494+00:00,Detroit Tigers,Minnesota Twins,25.0,12.0,110.5,122.5,79.0,78.0,142.0,167.0,0.85,1.0,0,partial,"missing_source_columns=home_projected_lineup_available,away_projected_lineup_available; bullpen_availability_diff=away_fatigue-home_fatigue",2026-06-10T04:15:49.768802+00:00
824267,2026-06-09,2026-06-09T22:40:00+00:00,2026-06-09T22:25:45.628325+00:00,Detroit Tigers,Minnesota Twins,15.0,7.5,60.0,67.5,0.0,0.0,120.0,135.0,0.3,0.3,0,partial,"missing_source_columns=home_projected_lineup_available,away_projected_lineup_available; bullpen_availability_diff=away_fatigue-home_fatigue",2026-06-10T04:15:49.768802+00:00
824268,2026-06-07,2026-06-07T17:40:00+00:00,2026-06-07T10:56:39.401112+00:00,Detroit Tigers,Seattle Mariners,-42.0,-26.5,88.5,62.0,57.0,46.0,120.0,78.0,0.75,0.65,0,partial,"missing_source_columns=home_projected_lineup_available,away_projected_lineup_available; bullpen_availability_diff=away_fatigue-home_fatigue",2026-06-10T04:15:49.768802+00:00
824269,2026-06-06,2026-06-06T17:10:00+00:00,2026-06-06T13:40:39.003341+00:00,Detroit Tigers,Seattle Mariners,12.0,-9.5,69.0,59.5,63.0,32.0,75.0,87.0,0.65,0.4,0,partial,"missing_source_columns=home_projected_lineup_available,away_projected_lineup_available; bullpen_availability_diff=away_fatigue-home_fatigue",2026-06-10T04:15:49.768802+00:00
824271,2026-06-05,2026-06-05T22:40:00+00:00,2026-06-05T21:25:18.854859+00:00,Detroit Tigers,Seattle Mariners,44.0,22.0,23.5,45.5,0.0,0.0,47.0,91.0,0.0,0.1,0,partial,"missing_source_columns=home_projected_lineup_available,away_projected_lineup_available; bullpen_availability_diff=away_fatigue-home_fatigue",2026-06-10T04:15:49.768802+00:00
824347,2026-06-09,2026-06-10T00:40:00+00:00,2026-06-09T22:25:45.628325+00:00,Colorado Rockies,Chicago Cubs,-2.0,-1.0,98.5,97.5,0.0,0.0,197.0,195.0,0.55,0.55,0,partial,"missing_source_columns=home_projected_lineup_available,away_projected_lineup_available; bullpen_availability_diff=away_fatigue-home_fatigue",2026-06-10T04:15:49.768802+00:00
824348,2026-06-10,2026-06-11T00:40:00+00:00,2026-06-10T03:55:04.862494+00:00,Colorado Rockies,Chicago Cubs,30.0,8.5,95.5,104.0,61.0,48.0,130.0,160.0,0.85,1.0,0,partial,"missing_source_columns=home_projected_lineup_available,away_projected_lineup_available; bullpen_availability_diff=away_fatigue-home_fatigue",2026-06-10T04:15:49.768802+00:00
824349,2026-06-07,2026-06-07T19:10:00+00:00,2026-06-07T10:56:39.401112+00:00,Colorado Rockies,Milwaukee Brewers,17.0,-37.5,172.5,135.0,128.0,36.0,217.0,234.0,1.0,1.0,0,partial,"missing_source_columns=home_projected_lineup_available,away_projected_lineup_available; bullpen_availability_diff=away_fatigue-home_fatigue",2026-06-10T04:15:49.768802+00:00
824350,2026-06-05,2026-06-06T00:40:00+00:00,2026-06-05T23:08:37.410209+00:00,Colorado Rockies,Milwaukee Brewers,82.0,97.5,66.5,164.0,0.0,113.0,133.0,215.0,0.3,1.0,0,partial,"missing_source_columns=home_projected_lineup_available,away_projected_lineup_available; bullpen_availability_diff=away_fatigue-home_fatigue",2026-06-10T04:15:49.768802+00:00
824351,2026-06-06,2026-06-07T01:10:00+00:00,2026-06-06T13:40:39.003341+00:00,Colorado Rockies,Milwaukee Brewers,80.0,38.0,128.0,166.0,89.0,85.0,167.0,247.0,1.0,1.0,0,partial,"missing_source_columns=home_projected_lineup_available,away_projected_lineup_available; bullpen_availability_diff=away_fatigue-home_fatigue",2026-06-10T04:15:49.768802+00:00
824352,2026-05-30,2026-05-31T01:10:00+00:00,2026-05-30T22:01:24.114016+00:00,Colorado Rockies,San Francisco Giants,-42.0,-29.0,115.0,86.0,89.0,73.0,141.0,99.0,,,0,partial,"missing_source_columns=home_projected_lineup_available,away_projected_lineup_available; bullpen_availability_diff=away_fatigue-home_fatigue",2026-06-10T04:15:49.768802+00:00
824354,2026-05-31,2026-05-31T19:10:00+00:00,2026-05-31T18:01:13.612831+00:00,Colorado Rockies,San Francisco Giants,0.0,8.0,103.5,111.5,59.0,75.0,148.0,148.0,,,0,partial,"missing_source_columns=home_projected_lineup_available,away_projected_lineup_available; bullpen_availability_diff=away_fatigue-home_fatigue",2026-06-10T04:15:49.768802+00:00
824427,2026-06-08,2026-06-08T22:40:00+00:00,2026-06-08T22:28:08.345647+00:00,Cleveland Guardians,New York Yankees,0.0,0.35,74.5,,56.0,,93.0,,0.65,1.0,0,partial,"missing_source_columns=home_projected_lineup_available,away_projected_lineup_available; bullpen_pitches_last_3d_missing; fatigue_missing_used_closer_risk; bullpen_availability_diff=away_closer_risk-home_closer_risk",2026-06-10T04:15:49.768802+00:00
824428,2026-06-10,2026-06-10T17:10:00+00:00,2026-06-10T03:55:04.862494+00:00,Cleveland Guardians,New York Yankees,18.0,14.5,134.5,149.0,62.0,73.0,207.0,225.0,1.0,1.0,0,partial,"missing_source_columns=home_projected_lineup_available,away_projected_lineup_available; bullpen_availability_diff=away_fatigue-home_fatigue",2026-06-10T04:15:49.768802+00:00
824429,2026-06-09,2026-06-09T22:40:00+00:00,2026-06-09T22:25:45.628325+00:00,Cleveland Guardians,New York Yankees,0.0,0.0,122.0,,89.0,,155.0,,1.0,1.0,0,partial,"missing_source_columns=home_projected_lineup_available,away_projected_lineup_available; bullpen_pitches_last_3d_missing; fatigue_missing_used_closer_risk; bullpen_availability_diff=away_closer_risk-home_closer_risk",2026-06-10T04:15:49.768802+00:00
824430,2026-05-31,2026-05-31T17:40:00+00:00,2026-05-31T16:07:50.641249+00:00,Cleveland Guardians,Boston Red Sox,16.0,-25.5,136.0,110.5,103.0,36.0,169.0,185.0,,,0,partial,"missing_source_columns=home_projected_lineup_available,away_projected_lineup_available; bullpen_availability_diff=away_fatigue-home_fatigue",2026-06-10T04:15:49.768802+00:00
824431,2026-05-30,2026-05-30T20:10:00+00:00,2026-05-30T19:14:08.902169+00:00,Cleveland Guardians,Boston Red Sox,80.0,38.5,84.5,123.0,66.0,63.0,103.0,183.0,,,0,partial,"missing_source_columns=home_projected_lineup_available,away_projected_lineup_available; bullpen_availability_diff=away_fatigue-home_fatigue",2026-06-10T04:15:49.768802+00:00
824509,2026-06-03,2026-06-03T23:10:00+00:00,2026-06-03T21:48:35.136209+00:00,Cincinnati Reds,Kansas City Royals,-109.0,-72.0,170.0,98.0,82.0,47.0,258.0,149.0,1.0,0.85,0,partial,"missing_source_columns=home_projected_lineup_available,away_projected_lineup_available; bullpen_availability_diff=away_fatigue-home_fatigue",2026-06-10T04:15:49.768802+00:00
824510,2026-06-01,2026-06-01T23:10:00+00:00,2026-06-01T23:03:22.306671+00:00,Cincinnati Reds,Kansas City Royals,4.0,1.5,99.0,100.5,43.0,42.0,155.0,159.0,0.85,0.85,0,partial,"missing_source_columns=home_projected_lineup_available,away_projected_lineup_available; bullpen_availability_diff=away_fatigue-home_fatigue",2026-06-10T04:15:49.768802+00:00
824511,2026-06-02,2026-06-02T23:10:00+00:00,2026-06-02T23:02:12.073800+00:00,Cincinnati Reds,Kansas City Royals,-72.0,-72.5,181.5,109.0,133.0,60.0,230.0,158.0,1.0,1.0,0,partial,"missing_source_columns=home_projected_lineup_available,away_projected_lineup_available; bullpen_availability_diff=away_fatigue-home_fatigue",2026-06-10T04:15:49.768802+00:00
824512,2026-05-31,2026-05-31T17:40:00+00:00,2026-05-31T16:07:50.641249+00:00,Cincinnati Reds,Atlanta Braves,53.0,24.0,83.0,107.0,54.0,49.0,112.0,165.0,,,0,partial,"missing_source_columns=home_projected_lineup_available,away_projected_lineup_available; bullpen_availability_diff=away_fatigue-home_fatigue",2026-06-10T04:15:49.768802+00:00
824513,2026-05-30,2026-05-30T23:15:00+00:00,2026-05-30T22:01:24.114016+00:00,Cincinnati Reds,Atlanta Braves,80.0,43.5,80.5,124.0,58.0,65.0,103.0,183.0,,,0,partial,"missing_source_columns=home_projected_lineup_available,away_projected_lineup_available; bullpen_availability_diff=away_fatigue-home_fatigue",2026-06-10T04:15:49.768802+00:00
824590,2026-06-10,2026-06-10T23:40:00+00:00,2026-06-10T03:55:04.862494+00:00,Chicago White Sox,Atlanta Braves,-149.0,-104.0,228.0,124.0,151.0,92.0,305.0,156.0,1.0,1.0,0,partial,"missing_source_columns=home_projected_lineup_available,away_projected_lineup_available; bullpen_availability_diff=away_fatigue-home_fatigue",2026-06-10T04:15:49.768802+00:00
824591,2026-06-09,2026-06-09T23:40:00+00:00,2026-06-09T22:25:45.628325+00:00,Chicago White Sox,Atlanta Braves,-138.0,-69.0,143.5,74.5,0.0,0.0,287.0,149.0,0.7,0.3,0,partial,"missing_source_columns=home_projected_lineup_available,away_projected_lineup_available; bullpen_availability_diff=away_fatigue-home_fatigue",2026-06-10T04:15:49.768802+00:00
824592,2026-05-31,2026-05-31T18:10:00+00:00,2026-05-31T18:01:13.612831+00:00,Chicago White Sox,Detroit Tigers,-101.0,-63.5,141.5,78.0,56.0,30.0,227.0,126.0,,,0,partial,"missing_source_columns=home_projected_lineup_available,away_projected_lineup_available; bullpen_availability_diff=away_fatigue-home_fatigue",2026-06-10T04:15:49.768802+00:00
824593,2026-05-30,2026-05-30T18:10:00+00:00,2026-05-30T17:21:45.615146+00:00,Chicago White Sox,Detroit Tigers,-42.0,-68.5,166.5,98.0,129.0,34.0,204.0,162.0,,,0,partial,"missing_source_columns=home_projected_lineup_available,away_projected_lineup_available; bullpen_availability_diff=away_fatigue-home_fatigue",2026-06-10T04:15:49.768802+00:00
824669,2026-06-06,2026-06-06T18:20:00+00:00,2026-06-06T13:40:39.003341+00:00,Chicago Cubs,San Francisco Giants,-32.0,-36.0,159.5,123.5,97.0,57.0,222.0,190.0,1.0,1.0,0,partial,"missing_source_columns=home_projected_lineup_available,away_projected_lineup_available; bullpen_availability_diff=away_fatigue-home_fatigue",2026-06-10T04:15:49.768802+00:00
824670,2026-06-07,2026-06-08T00:30:00+00:00,2026-06-07T10:56:39.401112+00:00,Chicago Cubs,San Francisco Giants,6.0,-5.5,153.5,148.0,83.0,66.0,224.0,230.0,1.0,1.0,0,partial,"missing_source_columns=home_projected_lineup_available,away_projected_lineup_available; bullpen_availability_diff=away_fatigue-home_fatigue",2026-06-10T04:15:49.768802+00:00
824671,2026-06-03,2026-06-04T00:05:00+00:00,2026-06-03T23:43:03.467080+00:00,Chicago Cubs,Athletics,15.0,7.5,77.0,84.5,28.0,28.0,126.0,141.0,0.45,0.45,0,partial,"missing_source_columns=home_projected_lineup_available,away_projected_lineup_available; bullpen_availability_diff=away_fatigue-home_fatigue",2026-06-10T04:15:49.768802+00:00
824672,2026-06-04,2026-06-05T00:05:00+00:00,2026-06-04T22:20:52.609536+00:00,Chicago Cubs,Athletics,6.0,6.0,95.0,101.0,81.0,87.0,109.0,115.0,0.85,0.85,0,partial,"missing_source_columns=home_projected_lineup_available,away_projected_lineup_available; bullpen_availability_diff=away_fatigue-home_fatigue",2026-06-10T04:15:49.768802+00:00
824673,2026-06-05,2026-06-05T18:20:00+00:00,2026-06-05T17:54:01.846132+00:00,Chicago Cubs,San Francisco Giants,71.0,67.0,98.5,165.5,44.0,107.0,153.0,224.0,0.85,1.0,0,partial,"missing_source_columns=home_projected_lineup_available,away_projected_lineup_available; bullpen_availability_diff=away_fatigue-home_fatigue",2026-06-10T04:15:49.768802+00:00
824675,2026-06-02,2026-06-03T00:05:00+00:00,2026-06-02T23:02:12.073800+00:00,Chicago Cubs,Athletics,77.0,38.5,65.0,103.5,0.0,0.0,130.0,207.0,0.3,0.55,0,partial,"missing_source_columns=home_projected_lineup_available,away_projected_lineup_available; bullpen_availability_diff=away_fatigue-home_fatigue",2026-06-10T04:15:49.768802+00:00
824753,2026-06-04,2026-06-04T17:35:00+00:00,2026-06-04T14:58:51.159192+00:00,Boston Red Sox,Baltimore Orioles,6.0,23.0,82.5,105.5,53.0,93.0,112.0,118.0,0.75,0.85,0,partial,"missing_source_columns=home_projected_lineup_available,away_projected_lineup_available; bullpen_availability_diff=away_fatigue-home_fatigue",2026-06-10T04:15:49.768802+00:00
824754,2026-06-02,2026-06-02T22:45:00+00:00,2026-06-02T21:54:22.349462+00:00,Boston Red Sox,Baltimore Orioles,-10.0,-5.0,52.5,47.5,0.0,0.0,105.0,95.0,0.2,0.1,0,partial,"missing_source_columns=home_projected_lineup_available,away_projected_lineup_available; bullpen_availability_diff=away_fatigue-home_fatigue",2026-06-10T04:15:49.768802+00:00
824755,2026-06-03,2026-06-03T22:45:00+00:00,2026-06-03T21:48:35.136209+00:00,Boston Red Sox,Baltimore Orioles,-67.0,-50.5,93.5,43.0,59.0,25.0,128.0,61.0,0.85,0.15,0,partial,"missing_source_columns=home_projected_lineup_available,away_projected_lineup_available; bullpen_availability_diff=away_fatigue-home_fatigue",2026-06-10T04:15:49.768802+00:00
824829,2026-06-08,2026-06-08T22:35:00+00:00,2026-06-08T22:28:08.345647+00:00,Baltimore Orioles,Seattle Mariners,12.0,20.5,94.5,115.0,47.0,76.0,142.0,154.0,0.85,1.0,0,partial,"missing_source_columns=home_projected_lineup_available,away_projected_lineup_available; bullpen_availability_diff=away_fatigue-home_fatigue",2026-06-10T04:15:49.768802+00:00
824830,2026-06-09,2026-06-09T22:35:00+00:00,2026-06-09T22:25:45.628325+00:00,Baltimore Orioles,Seattle Mariners,26.0,15.0,121.0,136.0,71.0,75.0,171.0,197.0,1.0,1.0,0,partial,"missing_source_columns=home_projected_lineup_available,away_projected_lineup_available; bullpen_availability_diff=away_fatigue-home_fatigue",2026-06-10T04:15:49.768802+00:00
824831,2026-06-10,2026-06-10T22:35:00+00:00,2026-06-10T03:55:04.862494+00:00,Baltimore Orioles,Seattle Mariners,51.0,34.5,118.0,152.5,59.0,77.0,177.0,228.0,1.0,1.0,0,partial,"missing_source_columns=home_projected_lineup_available,away_projected_lineup_available; bullpen_availability_diff=away_fatigue-home_fatigue",2026-06-10T04:15:49.768802+00:00
824832,2026-05-31,2026-05-31T16:15:00+00:00,2026-05-31T16:07:50.641249+00:00,Baltimore Orioles,Toronto Blue Jays,95.0,53.0,108.5,161.5,59.0,70.0,158.0,253.0,,,0,partial,"missing_source_columns=home_projected_lineup_available,away_projected_lineup_available; bullpen_availability_diff=away_fatigue-home_fatigue",2026-06-10T04:15:49.768802+00:00
824833,2026-05-30,2026-05-30T20:05:00+00:00,2026-05-30T19:14:08.902169+00:00,Baltimore Orioles,Toronto Blue Jays,90.0,86.0,96.5,182.5,41.0,123.0,152.0,242.0,,,0,partial,"missing_source_columns=home_projected_lineup_available,away_projected_lineup_available; bullpen_availability_diff=away_fatigue-home_fatigue",2026-06-10T04:15:49.768802+00:00
824914,2026-06-05,2026-06-05T23:15:00+00:00,2026-06-05T23:08:37.410209+00:00,Atlanta Braves,Pittsburgh Pirates,68.0,27.0,108.0,135.0,69.0,55.0,147.0,215.0,0.85,1.0,0,partial,"missing_source_columns=home_projected_lineup_available,away_projected_lineup_available; bullpen_availability_diff=away_fatigue-home_fatigue",2026-06-10T04:15:49.768802+00:00
824915,2026-06-06,2026-06-06T20:10:00+00:00,2026-06-06T13:40:39.003341+00:00,Atlanta Braves,Pittsburgh Pirates,38.0,23.5,109.5,133.0,50.0,59.0,169.0,207.0,1.0,1.0,0,partial,"missing_source_columns=home_projected_lineup_available,away_projected_lineup_available; bullpen_availability_diff=away_fatigue-home_fatigue",2026-06-10T04:15:49.768802+00:00
824916,2026-06-07,2026-06-07T17:35:00+00:00,2026-06-07T10:56:39.401112+00:00,Atlanta Braves,Pittsburgh Pirates,-47.0,-44.5,144.5,100.0,85.0,43.0,204.0,157.0,1.0,0.85,0,partial,"missing_source_columns=home_projected_lineup_available,away_projected_lineup_available; bullpen_availability_diff=away_fatigue-home_fatigue",2026-06-10T04:15:49.768802+00:00
824917,2026-06-03,2026-06-03T23:15:00+00:00,2026-06-03T21:48:35.136209+00:00,Atlanta Braves,Toronto Blue Jays,35.0,19.5,54.5,74.0,28.0,32.0,81.0,116.0,0.25,0.6,0,partial,"missing_source_columns=home_projected_lineup_available,away_projected_lineup_available; bullpen_availability_diff=away_fatigue-home_fatigue",2026-06-10T04:15:49.768802+00:00
824918,2026-06-02,2026-06-02T23:15:00+00:00,2026-06-02T23:02:12.073800+00:00,Atlanta Braves,Toronto Blue Jays,52.0,26.0,51.0,77.0,0.0,0.0,102.0,154.0,0.2,0.45,0,partial,"missing_source_columns=home_projected_lineup_available,away_projected_lineup_available; bullpen_availability_diff=away_fatigue-home_fatigue",2026-06-10T04:15:49.768802+00:00
824919,2026-06-04,2026-06-04T23:15:00+00:00,2026-06-04T22:20:52.609536+00:00,Atlanta Braves,Toronto Blue Jays,4.0,2.0,64.0,66.0,50.0,50.0,78.0,82.0,0.65,0.65,0,partial,"missing_source_columns=home_projected_lineup_available,away_projected_lineup_available; bullpen_availability_diff=away_fatigue-home_fatigue",2026-06-10T04:15:49.768802+00:00
824996,2026-06-10,2026-06-11T01:05:00+00:00,2026-06-10T03:55:04.862494+00:00,Athletics,Milwaukee Brewers,-16.0,-8.0,93.5,85.5,0.0,0.0,187.0,171.0,0.55,0.45,0,partial,"missing_source_columns=home_projected_lineup_available,away_projected_lineup_available; bullpen_availability_diff=away_fatigue-home_fatigue",2026-06-10T04:15:49.768802+00:00
824998,2026-06-08,2026-06-09T02:05:00+00:00,2026-06-08T23:48:33.404711+00:00,Athletics,Milwaukee Brewers,-42.0,-25.5,125.0,99.5,48.0,39.0,202.0,160.0,1.0,0.85,0,partial,"missing_source_columns=home_projected_lineup_available,away_projected_lineup_available; bullpen_availability_diff=away_fatigue-home_fatigue",2026-06-10T04:15:49.768802+00:00
824999,2026-06-09,2026-06-10T02:05:00+00:00,2026-06-09T22:25:45.628325+00:00,Athletics,Milwaukee Brewers,-70.0,-38.5,208.0,169.5,139.0,132.0,277.0,207.0,1.0,1.0,0,partial,"missing_source_columns=home_projected_lineup_available,away_projected_lineup_available; bullpen_availability_diff=away_fatigue-home_fatigue",2026-06-10T04:15:49.768802+00:00
825000,2026-05-30,2026-05-31T02:05:00+00:00,2026-05-30T22:01:24.114016+00:00,Athletics,New York Yankees,-139.0,-115.0,180.0,65.0,142.0,51.0,218.0,79.0,,,0,partial,"missing_source_columns=home_projected_lineup_available,away_projected_lineup_available; bullpen_availability_diff=away_fatigue-home_fatigue",2026-06-10T04:15:49.768802+00:00
825001,2026-05-31,2026-05-31T20:05:00+00:00,2026-05-31T18:01:13.612831+00:00,Athletics,New York Yankees,-163.0,-117.5,165.0,47.5,94.0,22.0,236.0,73.0,,,0,partial,"missing_source_columns=home_projected_lineup_available,away_projected_lineup_available; bullpen_availability_diff=away_fatigue-home_fatigue",2026-06-10T04:15:49.768802+00:00
825073,2026-06-05,2026-06-06T01:40:00+00:00,2026-06-05T23:08:37.410209+00:00,Arizona Diamondbacks,Washington Nationals,58.0,18.5,97.0,115.5,21.0,0.0,173.0,231.0,0.7,0.55,0,partial,"missing_source_columns=home_projected_lineup_available,away_projected_lineup_available; bullpen_availability_diff=away_fatigue-home_fatigue",2026-06-10T04:15:49.768802+00:00
825074,2026-06-07,2026-06-07T19:15:00+00:00,2026-06-07T10:56:39.401112+00:00,Arizona Diamondbacks,Washington Nationals,-44.0,-23.5,107.0,83.5,53.0,50.0,161.0,117.0,1.0,0.75,0,partial,"missing_source_columns=home_projected_lineup_available,away_projected_lineup_available; bullpen_availability_diff=away_fatigue-home_fatigue",2026-06-10T04:15:49.768802+00:00
825075,2026-06-06,2026-06-06T20:10:00+00:00,2026-06-06T13:40:39.003341+00:00,Arizona Diamondbacks,Washington Nationals,-16.0,-18.0,147.0,129.0,87.0,67.0,207.0,191.0,1.0,1.0,0,partial,"missing_source_columns=home_projected_lineup_available,away_projected_lineup_available; bullpen_availability_diff=away_fatigue-home_fatigue",2026-06-10T04:15:49.768802+00:00
825076,2026-06-04,2026-06-05T01:40:00+00:00,2026-06-04T22:20:52.609536+00:00,Arizona Diamondbacks,Los Angeles Dodgers,-26.0,-40.5,141.5,101.0,99.0,44.0,184.0,158.0,1.0,0.85,0,partial,"missing_source_columns=home_projected_lineup_available,away_projected_lineup_available; bullpen_availability_diff=away_fatigue-home_fatigue",2026-06-10T04:15:49.768802+00:00
825077,2026-06-03,2026-06-04T01:40:00+00:00,2026-06-03T23:43:03.467080+00:00,Arizona Diamondbacks,Los Angeles Dodgers,37.0,38.5,96.0,134.5,53.0,93.0,139.0,176.0,0.85,1.0,0,partial,"missing_source_columns=home_projected_lineup_available,away_projected_lineup_available; bullpen_availability_diff=away_fatigue-home_fatigue",2026-06-10T04:15:49.768802+00:00
825078,2026-06-01,2026-06-02T01:40:00+00:00,2026-06-01T23:03:22.306671+00:00,Arizona Diamondbacks,Los Angeles Dodgers,-24.0,-8.0,110.5,102.5,54.0,62.0,167.0,143.0,1.0,0.85,0,partial,"missing_source_columns=home_projected_lineup_available,away_projected_lineup_available; bullpen_availability_diff=away_fatigue-home_fatigue",2026-06-10T04:15:49.768802+00:00
825079,2026-06-02,2026-06-03T01:40:00+00:00,2026-06-02T23:02:12.073800+00:00,Arizona Diamondbacks,Los Angeles Dodgers,13.0,1.0,77.5,78.5,32.0,21.0,123.0,136.0,0.6,0.45,0,partial,"missing_source_columns=home_projected_lineup_available,away_projected_lineup_available; bullpen_availability_diff=away_fatigue-home_fatigue",2026-06-10T04:15:49.768802+00:00
