game_id,game_date,home_team,away_team,pred_home_win,home_odds,elo_home,elo_away,ml_rec,spread_rec,total_rec,kelly_fraction,home_win
823865,2026-05-19T20:10:00Z,Marlins,Braves,0.05,,1500,1500,PASS,Bet Braves +1.5 (68.9% cover),PASS,0,0
824276,2026-05-19T22:40:00Z,Tigers,Guardians,0.39,,1500,1500,PASS,Bet Guardians +1.5 (68.4% cover),PASS,0,0
822979,2026-05-19T22:40:00Z,Rays,Orioles,0.618,,1500,1500,PASS,Bet Orioles +1.5 (68.5% cover),PASS,0,0
823464,2026-05-19T22:40:00Z,Phillies,Reds,0.304,,1500,1500,PASS,Bet Reds +1.5 (68.8% cover),PASS,0,0
822736,2026-05-19T22:45:00Z,Nationals,Mets,0.467,,1500,1500,PASS,Bet Mets +1.5 (69.8% cover),PASS,0,0
823548,2026-05-19T23:05:00Z,Yankees,Blue Jays,0.495,,1500,1500,PASS,Bet Blue Jays +1.5 (68.9% cover),PASS,0,0
824112,2026-05-19T23:40:00Z,Royals,Red Sox,0.05,,1500,1500,PASS,Bet Red Sox +1.5 (69.9% cover),PASS,0,0
823704,2026-05-19T23:40:00Z,Twins,Astros,0.95,,1500,1500,PASS,Bet Astros +1.5 (69.0% cover),PASS,0,0
824677,2026-05-19T23:40:00Z,Cubs,Brewers,0.602,,1500,1500,PASS,Bet Brewers +1.5 (69.7% cover),PASS,0,0
823059,2026-05-19T23:45:00Z,Cardinals,Pirates,0.501,,1500,1500,PASS,Bet Pirates +1.5 (69.3% cover),Bet OVER 8.5 (55.5%),0,0
824356,2026-05-20T00:40:00Z,Rockies,Rangers,0.461,,1500,1500,PASS,Bet Rangers +1.5 (68.3% cover),PASS,0,0
824033,2026-05-20T01:38:00Z,Angels,Athletics,0.565,,1500,1500,PASS,Bet Athletics +1.5 (67.9% cover),PASS,0,0
823302,2026-05-20T01:40:00Z,Padres,Dodgers,0.145,,1500,1500,PASS,Bet Dodgers +1.5 (69.0% cover),PASS,0,0
825086,2026-05-20T01:40:00Z,D-backs,Giants,0.385,,1500,1500,PASS,Bet Giants +1.5 (70.1% cover),PASS,0,0
823136,2026-05-20T01:40:00Z,Mariners,White Sox,0.591,,1500,1500,PASS,Bet White Sox +1.5 (68.4% cover),PASS,0,0
823865,2026-05-19T20:10:00Z,Marlins,Braves,0.05,,1500,1500,PASS,Bet Braves +1.5 (68.5% cover),PASS,0,0
824276,2026-05-19T22:40:00Z,Tigers,Guardians,0.39,,1500,1500,PASS,Bet Guardians +1.5 (70.2% cover),PASS,0,0
822979,2026-05-19T22:40:00Z,Rays,Orioles,0.618,,1500,1500,PASS,Bet Orioles +1.5 (68.9% cover),Bet OVER 8.5 (55.6%),0,0
823464,2026-05-19T22:40:00Z,Phillies,Reds,0.304,,1500,1500,PASS,Bet Reds +1.5 (69.2% cover),PASS,0,0
822736,2026-05-19T22:45:00Z,Nationals,Mets,0.467,,1500,1500,PASS,Bet Mets +1.5 (69.7% cover),PASS,0,0
823548,2026-05-19T23:05:00Z,Yankees,Blue Jays,0.495,,1500,1500,PASS,Bet Blue Jays +1.5 (69.1% cover),PASS,0,0
824112,2026-05-19T23:40:00Z,Royals,Red Sox,0.05,,1500,1500,PASS,Bet Red Sox +1.5 (68.6% cover),PASS,0,0
823704,2026-05-19T23:40:00Z,Twins,Astros,0.95,,1500,1500,PASS,Bet Astros +1.5 (69.6% cover),PASS,0,0
824677,2026-05-19T23:40:00Z,Cubs,Brewers,0.602,,1500,1500,PASS,Bet Brewers +1.5 (68.7% cover),PASS,0,0
823059,2026-05-19T23:45:00Z,Cardinals,Pirates,0.501,,1500,1500,PASS,Bet Pirates +1.5 (69.0% cover),PASS,0,0
824356,2026-05-20T00:40:00Z,Rockies,Rangers,0.461,,1500,1500,PASS,Bet Rangers +1.5 (69.5% cover),PASS,0,0
824033,2026-05-20T01:38:00Z,Angels,Athletics,0.565,,1500,1500,PASS,Bet Athletics +1.5 (69.4% cover),PASS,0,0
823302,2026-05-20T01:40:00Z,Padres,Dodgers,0.145,,1500,1500,PASS,Bet Dodgers +1.5 (68.9% cover),PASS,0,0
825086,2026-05-20T01:40:00Z,D-backs,Giants,0.385,,1500,1500,PASS,Bet Giants +1.5 (68.4% cover),PASS,0,0
823136,2026-05-20T01:40:00Z,Mariners,White Sox,0.591,,1500,1500,PASS,Bet White Sox +1.5 (68.7% cover),PASS,0,0
823865,2026-05-19T20:10:00Z,Marlins,Braves,0.05,,1500,1500,PASS,Bet Braves +1.5 (69.2% cover),PASS,0,0
824276,2026-05-19T22:40:00Z,Tigers,Guardians,0.39,,1500,1500,PASS,Bet Guardians +1.5 (68.6% cover),PASS,0,0
822979,2026-05-19T22:40:00Z,Rays,Orioles,0.618,,1500,1500,PASS,Bet Orioles +1.5 (67.9% cover),PASS,0,0
823464,2026-05-19T22:40:00Z,Phillies,Reds,0.304,,1500,1500,PASS,Bet Reds +1.5 (67.7% cover),PASS,0,0
822736,2026-05-19T22:45:00Z,Nationals,Mets,0.467,,1500,1500,PASS,Bet Mets +1.5 (68.7% cover),PASS,0,0
823548,2026-05-19T23:05:00Z,Yankees,Blue Jays,0.495,,1500,1500,PASS,Bet Blue Jays +1.5 (67.4% cover),PASS,0,0
824112,2026-05-19T23:40:00Z,Royals,Red Sox,0.05,,1500,1500,PASS,Bet Red Sox +1.5 (69.6% cover),PASS,0,0
823704,2026-05-19T23:40:00Z,Twins,Astros,0.95,,1500,1500,PASS,Bet Astros +1.5 (68.5% cover),PASS,0,0
824677,2026-05-19T23:40:00Z,Cubs,Brewers,0.602,,1500,1500,PASS,Bet Brewers +1.5 (69.6% cover),PASS,0,0
823059,2026-05-19T23:45:00Z,Cardinals,Pirates,0.501,,1500,1500,PASS,Bet Pirates +1.5 (68.8% cover),PASS,0,0
824356,2026-05-20T00:40:00Z,Rockies,Rangers,0.461,,1500,1500,PASS,Bet Rangers +1.5 (68.4% cover),PASS,0,0
824033,2026-05-20T01:38:00Z,Angels,Athletics,0.565,,1500,1500,PASS,Bet Athletics +1.5 (68.5% cover),PASS,0,0
823302,2026-05-20T01:40:00Z,Padres,Dodgers,0.145,,1500,1500,PASS,Bet Dodgers +1.5 (69.2% cover),PASS,0,0
825086,2026-05-20T01:40:00Z,D-backs,Giants,0.385,,1500,1500,PASS,Bet Giants +1.5 (70.0% cover),PASS,0,0
823136,2026-05-20T01:40:00Z,Mariners,White Sox,0.591,,1500,1500,PASS,Bet White Sox +1.5 (68.6% cover),PASS,0,0
823865,2026-05-19T20:10:00Z,Marlins,Braves,0.05,,1500,1500,PASS,Bet Braves +1.5 (68.4% cover),PASS,0,0
824276,2026-05-19T22:40:00Z,Tigers,Guardians,0.39,,1500,1500,PASS,Bet Guardians +1.5 (68.7% cover),PASS,0,0
822979,2026-05-19T22:40:00Z,Rays,Orioles,0.618,,1500,1500,PASS,Bet Orioles +1.5 (68.6% cover),Bet OVER 8.5 (55.5%),0,0
823464,2026-05-19T22:40:00Z,Phillies,Reds,0.304,,1500,1500,PASS,Bet Reds +1.5 (69.8% cover),PASS,0,0
822736,2026-05-19T22:45:00Z,Nationals,Mets,0.467,,1500,1500,PASS,Bet Mets +1.5 (68.8% cover),PASS,0,0
823548,2026-05-19T23:05:00Z,Yankees,Blue Jays,0.495,,1500,1500,PASS,Bet Blue Jays +1.5 (68.4% cover),PASS,0,0
824112,2026-05-19T23:40:00Z,Royals,Red Sox,0.05,,1500,1500,PASS,Bet Red Sox +1.5 (68.3% cover),PASS,0,0
823704,2026-05-19T23:40:00Z,Twins,Astros,0.95,,1500,1500,PASS,Bet Astros +1.5 (69.9% cover),PASS,0,0
824677,2026-05-19T23:40:00Z,Cubs,Brewers,0.602,,1500,1500,PASS,Bet Brewers +1.5 (68.5% cover),PASS,0,0
823059,2026-05-19T23:45:00Z,Cardinals,Pirates,0.501,,1500,1500,PASS,Bet Pirates +1.5 (70.1% cover),PASS,0,0
824356,2026-05-20T00:40:00Z,Rockies,Rangers,0.461,,1500,1500,PASS,Bet Rangers +1.5 (68.8% cover),PASS,0,0
824033,2026-05-20T01:38:00Z,Angels,Athletics,0.565,,1500,1500,PASS,Bet Athletics +1.5 (68.5% cover),PASS,0,0
823302,2026-05-20T01:40:00Z,Padres,Dodgers,0.145,,1500,1500,PASS,Bet Dodgers +1.5 (68.3% cover),PASS,0,0
825086,2026-05-20T01:40:00Z,D-backs,Giants,0.385,,1500,1500,PASS,Bet Giants +1.5 (68.6% cover),PASS,0,0
823136,2026-05-20T01:40:00Z,Mariners,White Sox,0.591,,1500,1500,PASS,Bet White Sox +1.5 (68.7% cover),PASS,0,0
823865,2026-05-19T20:10:00Z,Marlins,Braves,0.05,,1500,1500,PASS,Bet Braves +1.5 (69.3% cover),PASS,0,0
824276,2026-05-19T22:40:00Z,Tigers,Guardians,0.39,,1500,1500,PASS,Bet Guardians +1.5 (68.8% cover),PASS,0,0
822979,2026-05-19T22:40:00Z,Rays,Orioles,0.618,,1500,1500,PASS,Bet Orioles +1.5 (68.4% cover),PASS,0,0
823464,2026-05-19T22:40:00Z,Phillies,Reds,0.304,,1500,1500,PASS,Bet Reds +1.5 (69.0% cover),PASS,0,0
822736,2026-05-19T22:45:00Z,Nationals,Mets,0.467,,1500,1500,PASS,Bet Mets +1.5 (69.3% cover),PASS,0,0
823548,2026-05-19T23:05:00Z,Yankees,Blue Jays,0.495,,1500,1500,PASS,Bet Blue Jays +1.5 (68.6% cover),PASS,0,0
824112,2026-05-19T23:40:00Z,Royals,Red Sox,0.05,,1500,1500,PASS,Bet Red Sox +1.5 (68.6% cover),PASS,0,0
823704,2026-05-19T23:40:00Z,Twins,Astros,0.95,,1500,1500,PASS,Bet Astros +1.5 (68.8% cover),PASS,0,0
824677,2026-05-19T23:40:00Z,Cubs,Brewers,0.602,,1500,1500,PASS,Bet Brewers +1.5 (68.9% cover),PASS,0,0
823059,2026-05-19T23:45:00Z,Cardinals,Pirates,0.501,,1500,1500,PASS,Bet Pirates +1.5 (68.7% cover),PASS,0,0
824356,2026-05-20T00:40:00Z,Rockies,Rangers,0.307,,1500,1500,PASS,Bet Rangers +1.5 (69.0% cover),PASS,0,0
824033,2026-05-20T01:38:00Z,Angels,Athletics,0.565,,1500,1500,PASS,Bet Athletics +1.5 (68.8% cover),PASS,0,0
823302,2026-05-20T01:40:00Z,Padres,Dodgers,0.145,,1500,1500,PASS,Bet Dodgers +1.5 (68.5% cover),PASS,0,0
825086,2026-05-20T01:40:00Z,D-backs,Giants,0.385,,1500,1500,PASS,Bet Giants +1.5 (69.7% cover),PASS,0,0
823136,2026-05-20T01:40:00Z,Mariners,White Sox,0.591,,1500,1500,PASS,Bet White Sox +1.5 (68.9% cover),PASS,0,0
823865,2026-05-19T20:10:00Z,Marlins,Braves,0.05,,1500,1500,PASS,Bet Braves +1.5 (69.7% cover),PASS,0,0
824276,2026-05-19T22:40:00Z,Tigers,Guardians,0.39,,1500,1500,PASS,Bet Guardians +1.5 (68.7% cover),PASS,0,0
822979,2026-05-19T22:40:00Z,Rays,Orioles,0.618,,1500,1500,PASS,Bet Orioles +1.5 (68.5% cover),PASS,0,0
823464,2026-05-19T22:40:00Z,Phillies,Reds,0.304,,1500,1500,PASS,Bet Reds +1.5 (69.7% cover),PASS,0,0
822736,2026-05-19T22:45:00Z,Nationals,Mets,0.467,,1500,1500,PASS,Bet Mets +1.5 (69.3% cover),Bet OVER 8.5 (55.7%),0,0
823548,2026-05-19T23:05:00Z,Yankees,Blue Jays,0.495,,1500,1500,PASS,Bet Blue Jays +1.5 (69.3% cover),PASS,0,0
824112,2026-05-19T23:40:00Z,Royals,Red Sox,0.05,,1500,1500,PASS,Bet Red Sox +1.5 (69.7% cover),PASS,0,0
823704,2026-05-19T23:40:00Z,Twins,Astros,0.95,,1500,1500,PASS,Bet Astros +1.5 (69.2% cover),PASS,0,0
824677,2026-05-19T23:40:00Z,Cubs,Brewers,0.602,,1500,1500,PASS,Bet Brewers +1.5 (69.7% cover),PASS,0,0
823059,2026-05-19T23:45:00Z,Cardinals,Pirates,0.501,,1500,1500,PASS,Bet Pirates +1.5 (68.8% cover),PASS,0,0
824356,2026-05-20T00:40:00Z,Rockies,Rangers,0.307,,1500,1500,PASS,Bet Rangers +1.5 (69.1% cover),PASS,0,0
824033,2026-05-20T01:38:00Z,Angels,Athletics,0.565,,1500,1500,PASS,Bet Athletics +1.5 (68.4% cover),PASS,0,0
823302,2026-05-20T01:40:00Z,Padres,Dodgers,0.145,,1500,1500,PASS,Bet Dodgers +1.5 (68.1% cover),Bet OVER 8.5 (55.2%),0,0
825086,2026-05-20T01:40:00Z,D-backs,Giants,0.385,,1500,1500,PASS,Bet Giants +1.5 (68.7% cover),PASS,0,0
823136,2026-05-20T01:40:00Z,Mariners,White Sox,0.591,,1500,1500,PASS,Bet White Sox +1.5 (69.1% cover),PASS,0,0
823865,2026-05-19T20:10:00Z,Marlins,Braves,0.05,,1417.9517604015632,1582.0482395984368,PASS,Bet Braves +1.5 (67.8% cover),PASS,0,0
824276,2026-05-19T22:40:00Z,Tigers,Guardians,0.39,,1500,1500,PASS,Bet Guardians +1.5 (69.3% cover),PASS,0,0
822979,2026-05-19T22:40:00Z,Rays,Orioles,0.618,,1500,1500,PASS,Bet Orioles +1.5 (68.4% cover),PASS,0,0
823464,2026-05-19T22:40:00Z,Phillies,Reds,0.304,,1500,1500,PASS,Bet Reds +1.5 (68.1% cover),PASS,0,0
822736,2026-05-19T22:45:00Z,Nationals,Mets,0.467,,1500,1500,PASS,Bet Mets +1.5 (68.3% cover),PASS,0,0
823548,2026-05-19T23:05:00Z,Yankees,Blue Jays,0.495,,1500,1500,PASS,Bet Blue Jays +1.5 (69.1% cover),PASS,0,0
824112,2026-05-19T23:40:00Z,Royals,Red Sox,0.05,,1500,1500,PASS,Bet Red Sox +1.5 (67.7% cover),PASS,0,0
823704,2026-05-19T23:40:00Z,Twins,Astros,0.95,,1500,1500,PASS,Bet Astros +1.5 (68.1% cover),PASS,0,0
824677,2026-05-19T23:40:00Z,Cubs,Brewers,0.602,,1500,1500,PASS,Bet Brewers +1.5 (69.0% cover),PASS,0,0
823059,2026-05-19T23:45:00Z,Cardinals,Pirates,0.501,,1500,1500,PASS,Bet Pirates +1.5 (68.6% cover),PASS,0,0
824356,2026-05-20T00:40:00Z,Rockies,Rangers,0.307,,1500,1500,PASS,Bet Rangers +1.5 (69.3% cover),PASS,0,0
824033,2026-05-20T01:38:00Z,Angels,Athletics,0.565,,1500,1500,PASS,Bet Athletics +1.5 (67.5% cover),PASS,0,0
823302,2026-05-20T01:40:00Z,Padres,Dodgers,0.145,,1500,1500,PASS,Bet Dodgers +1.5 (68.6% cover),PASS,0,0
825086,2026-05-20T01:40:00Z,D-backs,Giants,0.385,,1500,1500,PASS,Bet Giants +1.5 (68.4% cover),PASS,0,0
823136,2026-05-20T01:40:00Z,Mariners,White Sox,0.591,,1500,1500,PASS,Bet White Sox +1.5 (68.7% cover),PASS,0,0
823865,2026-05-19T20:10:00Z,Marlins,Braves,0.05,,1361.9978446823777,1638.0021553176223,PASS,Bet Braves +1.5 (68.7% cover),PASS,0,0
824276,2026-05-19T22:40:00Z,Tigers,Guardians,0.253,,1408.0751099580286,1591.9248900419714,PASS,Bet Guardians +1.5 (69.6% cover),PASS,0,0
822979,2026-05-19T22:40:00Z,Rays,Orioles,0.618,,1500,1500,PASS,Bet Orioles +1.5 (68.8% cover),PASS,0,0
823464,2026-05-19T22:40:00Z,Phillies,Reds,0.167,,1408.0751099580286,1591.9248900419714,PASS,Bet Reds +1.5 (67.6% cover),PASS,0,0
822736,2026-05-19T22:45:00Z,Nationals,Mets,0.33,,1408.0751099580286,1591.9248900419714,PASS,Bet Mets +1.5 (68.2% cover),PASS,0,0
823548,2026-05-19T23:05:00Z,Yankees,Blue Jays,0.358,,1408.0751099580286,1591.9248900419714,PASS,Bet Blue Jays +1.5 (69.2% cover),PASS,0,0
824112,2026-05-19T23:40:00Z,Royals,Red Sox,0.05,,1408.0751099580286,1591.9248900419714,PASS,Bet Red Sox +1.5 (67.3% cover),PASS,0,0
823704,2026-05-19T23:40:00Z,Twins,Astros,0.95,,1500,1500,PASS,Bet Astros +1.5 (69.7% cover),PASS,0,0
824677,2026-05-19T23:40:00Z,Cubs,Brewers,0.602,,1500,1500,PASS,Bet Brewers +1.5 (69.5% cover),PASS,0,0
823059,2026-05-19T23:45:00Z,Cardinals,Pirates,0.364,,1408.0751099580286,1591.9248900419714,PASS,Bet Pirates +1.5 (70.0% cover),PASS,0,0
824356,2026-05-20T00:40:00Z,Rockies,Rangers,0.307,,1500,1500,PASS,Bet Rangers +1.5 (69.5% cover),PASS,0,0
824033,2026-05-20T01:38:00Z,Angels,Athletics,0.565,,1500,1500,PASS,Bet Athletics +1.5 (67.7% cover),PASS,0,0
823302,2026-05-20T01:40:00Z,Padres,Dodgers,0.145,,1500,1500,PASS,Bet Dodgers +1.5 (68.5% cover),Bet OVER 8.5 (55.7%),0,0
825086,2026-05-20T01:40:00Z,D-backs,Giants,0.385,,1500,1500,PASS,Bet Giants +1.5 (68.4% cover),PASS,0,0
823136,2026-05-20T01:40:00Z,Mariners,White Sox,0.591,,1500,1500,PASS,Bet White Sox +1.5 (69.3% cover),PASS,0,0
823865,2026-05-19T20:10:00Z,Marlins,Braves,0.05,,1321.2663427283094,1678.7336572716906,PASS,Bet Braves +1.5 (68.5% cover),PASS,0,0
824276,2026-05-19T22:40:00Z,Tigers,Guardians,0.188,,1350.1811432703423,1649.8188567296577,PASS,Bet Guardians +1.5 (68.9% cover),PASS,0,0
822979,2026-05-19T22:40:00Z,Rays,Orioles,0.485,,1398.9575611856692,1601.0424388143308,PASS,Bet Orioles +1.5 (68.5% cover),PASS,0,0
823464,2026-05-19T22:40:00Z,Phillies,Reds,0.114,,1350.1811432703423,1649.8188567296577,PASS,Bet Reds +1.5 (68.1% cover),PASS,0,0
822736,2026-05-19T22:45:00Z,Nationals,Mets,0.211,,1350.1811432703423,1649.8188567296577,PASS,Bet Mets +1.5 (67.3% cover),PASS,0,0
823548,2026-05-19T23:05:00Z,Yankees,Blue Jays,0.299,,1350.1811432703423,1649.8188567296577,PASS,Bet Blue Jays +1.5 (70.1% cover),PASS,0,0
824112,2026-05-19T23:40:00Z,Royals,Red Sox,0.05,,1350.1811432703423,1649.8188567296577,PASS,Bet Red Sox +1.5 (68.5% cover),PASS,0,0
823704,2026-05-19T23:40:00Z,Twins,Astros,0.95,,1398.9575611856692,1601.0424388143308,PASS,Bet Astros +1.5 (68.3% cover),PASS,0,0
824677,2026-05-19T23:40:00Z,Cubs,Brewers,0.437,,1398.9575611856692,1601.0424388143308,PASS,Bet Brewers +1.5 (68.7% cover),Bet OVER 8.5 (55.5%),0,0
823059,2026-05-19T23:45:00Z,Cardinals,Pirates,0.302,,1350.1811432703423,1649.8188567296577,PASS,Bet Pirates +1.5 (69.0% cover),PASS,0,0
824356,2026-05-20T00:40:00Z,Rockies,Rangers,0.158,,1398.9575611856692,1601.0424388143308,PASS,Bet Rangers +1.5 (67.9% cover),PASS,0,0
824033,2026-05-20T01:38:00Z,Angels,Athletics,0.417,,1398.9575611856692,1601.0424388143308,PASS,Bet Athletics +1.5 (69.1% cover),PASS,0,0
823302,2026-05-20T01:40:00Z,Padres,Dodgers,0.05,,1398.9575611856692,1601.0424388143308,PASS,Bet Dodgers +1.5 (69.3% cover),PASS,0,0
825086,2026-05-20T01:40:00Z,D-backs,Giants,0.237,,1398.9575611856692,1601.0424388143308,PASS,Bet Giants +1.5 (68.4% cover),PASS,0,0
823136,2026-05-20T01:40:00Z,Mariners,White Sox,0.443,,1398.9575611856692,1601.0424388143308,PASS,Bet White Sox +1.5 (68.8% cover),PASS,0,0
823462,2026-05-20T17:05:00Z,Phillies,Reds,0.173,,1309.47099025446,1690.52900974554,PASS,Bet Reds +1.5 (68.1% cover),PASS,0,0
822977,2026-05-20T17:10:00Z,Rays,Orioles,0.388,,1339.5873453224096,1660.4126546775904,PASS,Bet Orioles +1.5 (68.7% cover),PASS,0,0
823703,2026-05-20T17:40:00Z,Twins,Astros,0.467,,1339.5873453224096,1660.4126546775904,PASS,Bet Astros +1.5 (69.3% cover),Bet OVER 8.5 (55.6%),0,0
824355,2026-05-20T19:10:00Z,Rockies,Rangers,0.062,,1339.5873453224096,1660.4126546775904,PASS,Bet Rangers +1.5 (68.4% cover),PASS,0,1
825084,2026-05-20T19:40:00Z,D-backs,Giants,0.287,,1339.5873453224096,1660.4126546775904,PASS,Bet Giants +1.5 (69.3% cover),PASS,0,0
823134,2026-05-20T20:10:00Z,Mariners,White Sox,0.371,,1339.5873453224096,1660.4126546775904,PASS,Bet White Sox +1.5 (68.7% cover),PASS,0,0
824273,2026-05-20T22:40:00Z,Tigers,Guardians,0.246,,1309.47099025446,1690.52900974554,PASS,Bet Guardians +1.5 (68.8% cover),PASS,0,0
823866,2026-05-20T22:40:00Z,Marlins,Braves,0.1,,1289.499315807906,1710.500684192094,PASS,Bet Braves +1.5 (68.9% cover),PASS,0,0
822735,2026-05-20T22:45:00Z,Nationals,Mets,0.278,,1309.47099025446,1690.52900974554,PASS,Bet Mets +1.5 (69.2% cover),PASS,0,0
823547,2026-05-20T23:05:00Z,Yankees,Blue Jays,0.338,,1309.47099025446,1690.52900974554,PASS,Bet Blue Jays +1.5 (68.4% cover),Bet OVER 8.5 (55.3%),0,0
824111,2026-05-20T23:40:00Z,Royals,Red Sox,0.277,,1309.47099025446,1690.52900974554,PASS,Bet Red Sox +1.5 (69.3% cover),PASS,0,0
824678,2026-05-20T23:40:00Z,Cubs,Brewers,0.218,,1339.5873453224096,1660.4126546775904,PASS,Bet Brewers +1.5 (69.5% cover),PASS,0,0
823057,2026-05-20T23:45:00Z,Cardinals,Pirates,0.488,,1309.47099025446,1690.52900974554,PASS,Bet Pirates +1.5 (68.2% cover),PASS,0,0
823299,2026-05-21T00:40:00Z,Padres,Dodgers,0.232,,1339.5873453224096,1660.4126546775904,PASS,Bet Dodgers +1.5 (69.0% cover),PASS,0,0
824032,2026-05-21T01:38:00Z,Angels,Athletics,0.114,,1339.5873453224096,1660.4126546775904,PASS,Bet Athletics +1.5 (69.1% cover),PASS,0,0
823462,2026-05-20T17:05:00Z,Phillies,Reds,0.157,,1280.89899805229,1719.10100194771,PASS,Bet Reds +1.5 (68.5% cover),PASS,0,0
822977,2026-05-20T17:10:00Z,Rays,Orioles,0.361,,1302.3389224889527,1697.6610775110473,PASS,Bet Orioles +1.5 (70.4% cover),PASS,0,0
823703,2026-05-20T17:40:00Z,Twins,Astros,0.441,,1302.3389224889527,1697.6610775110473,PASS,Bet Astros +1.5 (69.2% cover),PASS,0,0
824355,2026-05-20T19:10:00Z,Rockies,Rangers,0.05,,1302.3389224889527,1697.6610775110473,PASS,Bet Rangers +1.5 (69.4% cover),PASS,0,1
825084,2026-05-20T19:40:00Z,D-backs,Giants,0.261,,1302.3389224889527,1697.6610775110473,PASS,Bet Giants +1.5 (67.8% cover),PASS,0,0
823134,2026-05-20T20:10:00Z,Mariners,White Sox,0.345,,1302.3389224889527,1697.6610775110473,PASS,Bet White Sox +1.5 (67.7% cover),Bet OVER 8.5 (56.1%),0,0
824273,2026-05-20T22:40:00Z,Tigers,Guardians,0.23,,1280.89899805229,1719.10100194771,PASS,Bet Guardians +1.5 (68.3% cover),PASS,0,0
823866,2026-05-20T22:40:00Z,Marlins,Braves,0.089,,1265.7613508605102,1734.2386491394898,PASS,Bet Braves +1.5 (68.9% cover),PASS,0,0
822735,2026-05-20T22:45:00Z,Nationals,Mets,0.262,,1280.89899805229,1719.10100194771,PASS,Bet Mets +1.5 (68.3% cover),PASS,0,0
823547,2026-05-20T23:05:00Z,Yankees,Blue Jays,0.322,,1280.89899805229,1719.10100194771,PASS,Bet Blue Jays +1.5 (68.8% cover),PASS,0,0
824111,2026-05-20T23:40:00Z,Royals,Red Sox,0.261,,1280.89899805229,1719.10100194771,PASS,Bet Red Sox +1.5 (69.0% cover),PASS,0,0
824678,2026-05-20T23:40:00Z,Cubs,Brewers,0.192,,1302.3389224889527,1697.6610775110473,PASS,Bet Brewers +1.5 (68.4% cover),PASS,0,0
823057,2026-05-20T23:45:00Z,Cardinals,Pirates,0.472,,1280.89899805229,1719.10100194771,PASS,Bet Pirates +1.5 (68.5% cover),PASS,0,0
823299,2026-05-21T00:40:00Z,Padres,Dodgers,0.205,,1302.3389224889527,1697.6610775110473,PASS,Bet Dodgers +1.5 (69.5% cover),PASS,0,0
824032,2026-05-21T01:38:00Z,Angels,Athletics,0.087,,1302.3389224889527,1697.6610775110473,PASS,Bet Athletics +1.5 (69.2% cover),PASS,0,0
823462,2026-05-20T17:05:00Z,Phillies,Reds,0.147,,1259.0287643107613,1740.9712356892387,PASS,Bet Reds +1.5 (69.5% cover),PASS,0,0
822977,2026-05-20T17:10:00Z,Rays,Orioles,0.35,,1275.5748723201064,1724.4251276798936,PASS,Bet Orioles +1.5 (69.5% cover),PASS,0,0
823703,2026-05-20T17:40:00Z,Twins,Astros,0.427,,1275.5748723201064,1724.4251276798936,PASS,Bet Astros +1.5 (68.7% cover),PASS,0,0
824355,2026-05-20T19:10:00Z,Rockies,Rangers,0.05,,1275.5748723201064,1724.4251276798936,PASS,Bet Rangers +1.5 (69.3% cover),PASS,0,1
825084,2026-05-20T19:40:00Z,D-backs,Giants,0.246,,1275.5748723201064,1724.4251276798936,PASS,Bet Giants +1.5 (67.9% cover),PASS,0,0
823134,2026-05-20T20:10:00Z,Mariners,White Sox,0.331,,1275.5748723201064,1724.4251276798936,PASS,Bet White Sox +1.5 (68.5% cover),PASS,0,0
824273,2026-05-20T22:40:00Z,Tigers,Guardians,0.22,,1259.0287643107613,1740.9712356892387,PASS,Bet Guardians +1.5 (70.2% cover),PASS,0,0
823866,2026-05-20T22:40:00Z,Marlins,Braves,0.082,,1246.8832085761148,1753.1167914238852,PASS,Bet Braves +1.5 (68.6% cover),PASS,0,0
822735,2026-05-20T22:45:00Z,Nationals,Mets,0.252,,1259.0287643107613,1740.9712356892387,PASS,Bet Mets +1.5 (69.2% cover),PASS,0,0
823547,2026-05-20T23:05:00Z,Yankees,Blue Jays,0.312,,1259.0287643107613,1740.9712356892387,PASS,Bet Blue Jays +1.5 (69.3% cover),PASS,0,0
824111,2026-05-20T23:40:00Z,Royals,Red Sox,0.251,,1259.0287643107613,1740.9712356892387,PASS,Bet Red Sox +1.5 (68.4% cover),PASS,0,0
824678,2026-05-20T23:40:00Z,Cubs,Brewers,0.178,,1275.5748723201064,1724.4251276798936,PASS,Bet Brewers +1.5 (68.4% cover),PASS,0,0
823057,2026-05-20T23:45:00Z,Cardinals,Pirates,0.462,,1259.0287643107613,1740.9712356892387,PASS,Bet Pirates +1.5 (67.2% cover),PASS,0,0
823299,2026-05-21T00:40:00Z,Padres,Dodgers,0.191,,1275.5748723201064,1724.4251276798936,PASS,Bet Dodgers +1.5 (69.0% cover),PASS,0,0
824032,2026-05-21T01:38:00Z,Angels,Athletics,0.073,,1275.5748723201064,1724.4251276798936,PASS,Bet Athletics +1.5 (68.8% cover),PASS,0,0
823462,2026-05-20T17:05:00Z,Phillies,Reds,0.141,,1241.365972771586,1758.634027228414,PASS,Bet Reds +1.5 (69.5% cover),PASS,0,0
822977,2026-05-20T17:10:00Z,Rays,Orioles,0.342,,1254.7990612453225,1745.2009387546775,PASS,Bet Orioles +1.5 (68.9% cover),PASS,0,0
823703,2026-05-20T17:40:00Z,Twins,Astros,0.414,,1254.7990612453225,1745.2009387546775,PASS,Bet Astros +1.5 (68.9% cover),PASS,0,0
824355,2026-05-20T19:10:00Z,Rockies,Rangers,0.05,,1254.7990612453225,1745.2009387546775,PASS,Bet Rangers +1.5 (68.2% cover),PASS,0,1
825084,2026-05-20T19:40:00Z,D-backs,Giants,0.238,,1254.7990612453225,1745.2009387546775,PASS,Bet Giants +1.5 (68.6% cover),PASS,0,0
823134,2026-05-20T20:10:00Z,Mariners,White Sox,0.322,,1254.7990612453225,1745.2009387546775,PASS,Bet White Sox +1.5 (69.6% cover),PASS,0,0
824273,2026-05-20T22:40:00Z,Tigers,Guardians,0.214,,1241.365972771586,1758.634027228414,PASS,Bet Guardians +1.5 (67.4% cover),PASS,0,0
823866,2026-05-20T22:40:00Z,Marlins,Braves,0.077,,1231.2436120932714,1768.7563879067286,PASS,Bet Braves +1.5 (69.0% cover),PASS,0,0
822735,2026-05-20T22:45:00Z,Nationals,Mets,0.139,,1241.365972771586,1758.634027228414,PASS,Bet Mets +1.5 (68.4% cover),PASS,0,0
823547,2026-05-20T23:05:00Z,Yankees,Blue Jays,0.309,,1241.365972771586,1758.634027228414,PASS,Bet Blue Jays +1.5 (69.5% cover),PASS,0,0
824111,2026-05-20T23:40:00Z,Royals,Red Sox,0.241,,1241.365972771586,1758.634027228414,PASS,Bet Red Sox +1.5 (68.6% cover),PASS,0,0
824678,2026-05-20T23:40:00Z,Cubs,Brewers,0.164,,1254.7990612453225,1745.2009387546775,PASS,Bet Brewers +1.5 (70.2% cover),PASS,0,0
823057,2026-05-20T23:45:00Z,Cardinals,Pirates,0.459,,1241.365972771586,1758.634027228414,PASS,Bet Pirates +1.5 (68.8% cover),PASS,0,0
823299,2026-05-21T00:40:00Z,Padres,Dodgers,0.183,,1254.7990612453225,1745.2009387546775,PASS,Bet Dodgers +1.5 (69.0% cover),Bet OVER 8.5 (55.3%),0,0
824032,2026-05-21T01:38:00Z,Angels,Athletics,0.064,,1254.7990612453225,1745.2009387546775,PASS,Bet Athletics +1.5 (68.9% cover),PASS,0,0
823462,2026-05-20T17:05:00Z,Phillies,Reds,0.136,,1226.5767811533758,1773.4232188466242,PASS,Bet Reds +1.5 (69.1% cover),PASS,0,0
822977,2026-05-20T17:10:00Z,Rays,Orioles,0.336,,1237.8650661374386,1762.1349338625614,PASS,Bet Orioles +1.5 (68.5% cover),PASS,0,0
823703,2026-05-20T17:40:00Z,Twins,Astros,0.408,,1237.8650661374386,1762.1349338625614,PASS,Bet Astros +1.5 (69.2% cover),PASS,0,0
824355,2026-05-20T19:10:00Z,Rockies,Rangers,0.05,,1237.8650661374386,1762.1349338625614,PASS,Bet Rangers +1.5 (68.2% cover),PASS,0,1
825084,2026-05-20T19:40:00Z,D-backs,Giants,0.237,,1237.8650661374386,1762.1349338625614,PASS,Bet Giants +1.5 (68.9% cover),PASS,0,0
823134,2026-05-20T20:10:00Z,Mariners,White Sox,0.312,,1237.8650661374386,1762.1349338625614,PASS,Bet White Sox +1.5 (68.2% cover),PASS,0,0
824273,2026-05-20T22:40:00Z,Tigers,Guardians,0.21,,1226.5767811533758,1773.4232188466242,PASS,Bet Guardians +1.5 (69.7% cover),PASS,0,0
823866,2026-05-20T22:40:00Z,Marlins,Braves,0.073,,1217.9093371775493,1782.0906628224507,PASS,Bet Braves +1.5 (69.6% cover),PASS,0,0
822735,2026-05-20T22:45:00Z,Nationals,Mets,0.134,,1226.5767811533758,1773.4232188466242,PASS,Bet Mets +1.5 (69.1% cover),PASS,0,0
823547,2026-05-20T23:05:00Z,Yankees,Blue Jays,0.305,,1226.5767811533758,1773.4232188466242,PASS,Bet Blue Jays +1.5 (69.4% cover),PASS,0,0
824111,2026-05-20T23:40:00Z,Royals,Red Sox,0.236,,1226.5767811533758,1773.4232188466242,PASS,Bet Red Sox +1.5 (67.9% cover),Bet OVER 8.5 (55.1%),0,0
824678,2026-05-20T23:40:00Z,Cubs,Brewers,0.158,,1237.8650661374386,1762.1349338625614,PASS,Bet Brewers +1.5 (68.6% cover),PASS,0,0
823057,2026-05-20T23:45:00Z,Cardinals,Pirates,0.455,,1226.5767811533758,1773.4232188466242,PASS,Bet Pirates +1.5 (69.6% cover),PASS,0,0
823299,2026-05-21T00:40:00Z,Padres,Dodgers,0.171,,1237.8650661374386,1762.1349338625614,PASS,Bet Dodgers +1.5 (69.3% cover),PASS,0,0
824032,2026-05-21T01:38:00Z,Angels,Athletics,0.055,,1237.8650661374386,1762.1349338625614,PASS,Bet Athletics +1.5 (69.0% cover),PASS,0,0
823462,2026-05-20T17:05:00Z,Phillies,Reds,0.133,,1213.8693711251033,1786.1306288748967,PASS,Bet Reds +1.5 (69.5% cover),PASS,0,0
822977,2026-05-20T17:10:00Z,Rays,Orioles,0.331,,1223.5941920196149,1776.4058079803851,PASS,Bet Orioles +1.5 (69.3% cover),PASS,0,0
823703,2026-05-20T17:40:00Z,Twins,Astros,0.403,,1223.5941920196149,1776.4058079803851,PASS,Bet Astros +1.5 (68.3% cover),PASS,0,0
824355,2026-05-20T19:10:00Z,Rockies,Rangers,0.05,,1223.5941920196149,1776.4058079803851,PASS,Bet Rangers +1.5 (68.1% cover),PASS,0,1
825084,2026-05-20T19:40:00Z,D-backs,Giants,0.232,,1223.5941920196149,1776.4058079803851,PASS,Bet Giants +1.5 (68.2% cover),PASS,0,0
823134,2026-05-20T20:10:00Z,Mariners,White Sox,0.308,,1223.5941920196149,1776.4058079803851,PASS,Bet White Sox +1.5 (68.7% cover),PASS,0,0
824273,2026-05-20T22:40:00Z,Tigers,Guardians,0.206,,1213.8693711251033,1786.1306288748967,PASS,Bet Guardians +1.5 (68.4% cover),PASS,0,0
823866,2026-05-20T22:40:00Z,Marlins,Braves,0.07,,1206.29649204185,1793.70350795815,PASS,Bet Braves +1.5 (69.8% cover),PASS,0,0
822735,2026-05-20T22:45:00Z,Nationals,Mets,0.131,,1213.8693711251033,1786.1306288748967,PASS,Bet Mets +1.5 (68.2% cover),Bet OVER 8.5 (55.5%),0,0
823547,2026-05-20T23:05:00Z,Yankees,Blue Jays,0.301,,1213.8693711251033,1786.1306288748967,PASS,Bet Blue Jays +1.5 (69.2% cover),PASS,0,0
824111,2026-05-20T23:40:00Z,Royals,Red Sox,0.233,,1213.8693711251033,1786.1306288748967,PASS,Bet Red Sox +1.5 (69.2% cover),PASS,0,0
824678,2026-05-20T23:40:00Z,Cubs,Brewers,0.153,,1223.5941920196149,1776.4058079803851,PASS,Bet Brewers +1.5 (68.8% cover),PASS,0,0
823057,2026-05-20T23:45:00Z,Cardinals,Pirates,0.452,,1213.8693711251033,1786.1306288748967,PASS,Bet Pirates +1.5 (69.2% cover),Bet OVER 8.5 (55.1%),0,0
823299,2026-05-21T00:40:00Z,Padres,Dodgers,0.167,,1223.5941920196149,1776.4058079803851,PASS,Bet Dodgers +1.5 (69.0% cover),PASS,0,0
824032,2026-05-21T01:38:00Z,Angels,Athletics,0.051,,1223.5941920196149,1776.4058079803851,PASS,Bet Athletics +1.5 (67.8% cover),PASS,0,0
823462,2026-05-20T17:05:00Z,Phillies,Reds,0.13,,1202.7370214474506,1797.2629785525494,PASS,Bet Reds +1.5 (69.7% cover),PASS,0,0
822977,2026-05-20T17:10:00Z,Rays,Orioles,0.328,,1211.2734753152877,1788.7265246847123,PASS,Bet Orioles +1.5 (69.1% cover),PASS,0,0
823703,2026-05-20T17:40:00Z,Twins,Astros,0.4,,1211.2734753152877,1788.7265246847123,PASS,Bet Astros +1.5 (69.1% cover),PASS,0,0
824355,2026-05-20T19:10:00Z,Rockies,Rangers,0.05,,1211.2734753152877,1788.7265246847123,PASS,Bet Rangers +1.5 (69.1% cover),PASS,0,1
825084,2026-05-20T19:40:00Z,D-backs,Giants,0.229,,1211.2734753152877,1788.7265246847123,PASS,Bet Giants +1.5 (68.7% cover),PASS,0,0
823134,2026-05-20T20:10:00Z,Mariners,White Sox,0.304,,1211.2734753152877,1788.7265246847123,PASS,Bet White Sox +1.5 (69.6% cover),PASS,0,0
824273,2026-05-20T22:40:00Z,Tigers,Guardians,0.204,,1202.7370214474506,1797.2629785525494,PASS,Bet Guardians +1.5 (68.2% cover),PASS,0,0
823866,2026-05-20T22:40:00Z,Marlins,Braves,0.068,,1196.0164563931942,1803.9835436068058,PASS,Bet Braves +1.5 (69.4% cover),PASS,0,0
822735,2026-05-20T22:45:00Z,Nationals,Mets,0.128,,1202.7370214474506,1797.2629785525494,PASS,Bet Mets +1.5 (68.0% cover),PASS,0,0
823547,2026-05-20T23:05:00Z,Yankees,Blue Jays,0.299,,1202.7370214474506,1797.2629785525494,PASS,Bet Blue Jays +1.5 (68.4% cover),PASS,0,0
824111,2026-05-20T23:40:00Z,Royals,Red Sox,0.23,,1202.7370214474506,1797.2629785525494,PASS,Bet Red Sox +1.5 (68.8% cover),PASS,0,0
824678,2026-05-20T23:40:00Z,Cubs,Brewers,0.15,,1211.2734753152877,1788.7265246847123,PASS,Bet Brewers +1.5 (68.6% cover),PASS,0,0
823057,2026-05-20T23:45:00Z,Cardinals,Pirates,0.449,,1202.7370214474506,1797.2629785525494,PASS,Bet Pirates +1.5 (69.2% cover),PASS,0,0
823299,2026-05-21T00:40:00Z,Padres,Dodgers,0.164,,1211.2734753152877,1788.7265246847123,PASS,Bet Dodgers +1.5 (68.4% cover),PASS,0,0
824032,2026-05-21T01:38:00Z,Angels,Athletics,0.05,,1211.2734753152877,1788.7265246847123,PASS,Bet Athletics +1.5 (69.0% cover),PASS,0,0
823462,2026-05-20T17:05:00Z,Phillies,Reds,0.128,,1192.8366301878493,1807.1633698121507,PASS,Bet Reds +1.5 (69.3% cover),PASS,0,0
822977,2026-05-20T17:10:00Z,Rays,Orioles,0.326,,1200.440276558428,1799.559723441572,PASS,Bet Orioles +1.5 (69.1% cover),PASS,0,0
823703,2026-05-20T17:40:00Z,Twins,Astros,0.398,,1200.440276558428,1799.559723441572,PASS,Bet Astros +1.5 (68.6% cover),PASS,0,0
824355,2026-05-20T19:10:00Z,Rockies,Rangers,0.05,,1200.440276558428,1799.559723441572,PASS,Bet Rangers +1.5 (68.7% cover),PASS,0,1
825084,2026-05-20T19:40:00Z,D-backs,Giants,0.227,,1200.440276558428,1799.559723441572,PASS,Bet Giants +1.5 (69.3% cover),PASS,0,0
823134,2026-05-20T20:10:00Z,Mariners,White Sox,0.302,,1200.440276558428,1799.559723441572,PASS,Bet White Sox +1.5 (69.6% cover),PASS,0,0
824273,2026-05-20T22:40:00Z,Tigers,Guardians,0.201,,1192.8366301878493,1807.1633698121507,PASS,Bet Guardians +1.5 (69.5% cover),Bet OVER 8.5 (55.1%),0,0
823866,2026-05-20T22:40:00Z,Marlins,Braves,0.066,,1186.7979748834991,1813.2020251165009,PASS,Bet Braves +1.5 (69.2% cover),PASS,0,0
822735,2026-05-20T22:45:00Z,Nationals,Mets,0.126,,1192.8366301878493,1807.1633698121507,PASS,Bet Mets +1.5 (69.2% cover),PASS,0,0
823547,2026-05-20T23:05:00Z,Yankees,Blue Jays,0.297,,1192.8366301878493,1807.1633698121507,PASS,Bet Blue Jays +1.5 (68.5% cover),PASS,0,0
824111,2026-05-20T23:40:00Z,Royals,Red Sox,0.228,,1192.8366301878493,1807.1633698121507,PASS,Bet Red Sox +1.5 (69.1% cover),PASS,0,0
824678,2026-05-20T23:40:00Z,Cubs,Brewers,0.148,,1200.440276558428,1799.559723441572,PASS,Bet Brewers +1.5 (68.8% cover),PASS,0,0
823057,2026-05-20T23:45:00Z,Cardinals,Pirates,0.447,,1192.8366301878493,1807.1633698121507,PASS,Bet Pirates +1.5 (67.1% cover),PASS,0,0
823299,2026-05-21T00:40:00Z,Padres,Dodgers,0.161,,1200.440276558428,1799.559723441572,PASS,Bet Dodgers +1.5 (70.1% cover),PASS,0,0
824032,2026-05-21T01:38:00Z,Angels,Athletics,0.05,,1200.440276558428,1799.559723441572,PASS,Bet Athletics +1.5 (68.9% cover),PASS,0,0
823462,2026-05-20T17:05:00Z,Phillies,Reds,0.127,,1183.9254578402872,1816.0745421597128,PASS,Bet Reds +1.5 (70.6% cover),PASS,0,0
822977,2026-05-20T17:10:00Z,Rays,Orioles,0.422,,1190.777978536308,1809.222021463692,PASS,Bet Orioles +1.5 (69.0% cover),PASS,0,0
823703,2026-05-20T17:40:00Z,Twins,Astros,0.396,,1190.777978536308,1809.222021463692,PASS,Bet Astros +1.5 (69.5% cover),PASS,0,0
824355,2026-05-20T19:10:00Z,Rockies,Rangers,0.05,,1190.777978536308,1809.222021463692,PASS,Bet Rangers +1.5 (68.9% cover),PASS,0,1
825084,2026-05-20T19:40:00Z,D-backs,Giants,0.225,,1190.777978536308,1809.222021463692,PASS,Bet Giants +1.5 (67.6% cover),PASS,0,0
823134,2026-05-20T20:10:00Z,Mariners,White Sox,0.3,,1190.777978536308,1809.222021463692,PASS,Bet White Sox +1.5 (69.4% cover),PASS,0,0
824273,2026-05-20T22:40:00Z,Tigers,Guardians,0.2,,1183.9254578402872,1816.0745421597128,PASS,Bet Guardians +1.5 (68.1% cover),PASS,0,0
823866,2026-05-20T22:40:00Z,Marlins,Braves,0.065,,1178.4444369709106,1821.5555630290894,PASS,Bet Braves +1.5 (68.5% cover),PASS,0,0
822735,2026-05-20T22:45:00Z,Nationals,Mets,0.125,,1183.9254578402872,1816.0745421597128,PASS,Bet Mets +1.5 (69.3% cover),PASS,0,0
823547,2026-05-20T23:05:00Z,Yankees,Blue Jays,0.295,,1183.9254578402872,1816.0745421597128,PASS,Bet Blue Jays +1.5 (68.5% cover),PASS,0,0
824111,2026-05-20T23:40:00Z,Royals,Red Sox,0.226,,1183.9254578402872,1816.0745421597128,PASS,Bet Red Sox +1.5 (70.0% cover),PASS,0,0
824678,2026-05-20T23:40:00Z,Cubs,Brewers,0.146,,1190.777978536308,1809.222021463692,PASS,Bet Brewers +1.5 (69.9% cover),PASS,0,0
823057,2026-05-20T23:45:00Z,Cardinals,Pirates,0.445,,1183.9254578402872,1816.0745421597128,PASS,Bet Pirates +1.5 (69.2% cover),PASS,0,0
823299,2026-05-21T00:40:00Z,Padres,Dodgers,0.159,,1190.777978536308,1809.222021463692,PASS,Bet Dodgers +1.5 (67.4% cover),Bet OVER 8.5 (55.2%),0,0
824032,2026-05-21T01:38:00Z,Angels,Athletics,0.05,,1190.777978536308,1809.222021463692,PASS,Bet Athletics +1.5 (68.2% cover),PASS,0,0
823462,2026-05-20T17:05:00Z,Phillies,Reds,0.098,,1168.4030431297838,1831.5969568702162,PASS,Bet Reds +1.5 (69.0% cover),PASS,0,0
822977,2026-05-20T17:10:00Z,Rays,Orioles,0.403,,1174.1216994989759,1825.8783005010241,PASS,Bet Orioles +1.5 (69.3% cover),PASS,0,0
823703,2026-05-20T17:40:00Z,Twins,Astros,0.408,,1174.1216994989759,1825.8783005010241,PASS,Bet Astros +1.5 (68.4% cover),PASS,0,1
824355,2026-05-20T19:10:00Z,Rockies,Rangers,0.05,,1182.0606766179833,1817.9393233820167,PASS,Bet Rangers +1.5 (68.1% cover),PASS,0,1
825084,2026-05-20T19:40:00Z,D-backs,Giants,0.223,,1182.0606766179833,1817.9393233820167,PASS,Bet Giants +1.5 (69.4% cover),PASS,0,0
823134,2026-05-20T20:10:00Z,Mariners,White Sox,0.298,,1182.0606766179833,1817.9393233820167,PASS,Bet White Sox +1.5 (69.0% cover),PASS,0,0
824273,2026-05-20T22:40:00Z,Tigers,Guardians,0.198,,1175.8256369041974,1824.1743630958026,PASS,Bet Guardians +1.5 (68.7% cover),PASS,0,0
823866,2026-05-20T22:40:00Z,Marlins,Braves,0.063,,1170.8089070486672,1829.1910929513328,PASS,Bet Braves +1.5 (67.8% cover),PASS,0,0
822735,2026-05-20T22:45:00Z,Nationals,Mets,0.123,,1175.8256369041974,1824.1743630958026,PASS,Bet Mets +1.5 (68.4% cover),PASS,0,0
823547,2026-05-20T23:05:00Z,Yankees,Blue Jays,0.294,,1175.8256369041974,1824.1743630958026,PASS,Bet Blue Jays +1.5 (69.7% cover),PASS,0,0
824111,2026-05-20T23:40:00Z,Royals,Red Sox,0.225,,1175.8256369041974,1824.1743630958026,PASS,Bet Red Sox +1.5 (69.1% cover),PASS,0,0
824678,2026-05-20T23:40:00Z,Cubs,Brewers,0.144,,1182.0606766179833,1817.9393233820167,PASS,Bet Brewers +1.5 (68.1% cover),PASS,0,0
823057,2026-05-20T23:45:00Z,Cardinals,Pirates,0.444,,1175.8256369041974,1824.1743630958026,PASS,Bet Pirates +1.5 (69.5% cover),Bet OVER 8.5 (55.1%),0,0
823299,2026-05-21T00:40:00Z,Padres,Dodgers,0.157,,1182.0606766179833,1817.9393233820167,PASS,Bet Dodgers +1.5 (68.2% cover),PASS,0,0
824032,2026-05-21T01:38:00Z,Angels,Athletics,0.05,,1182.0606766179833,1817.9393233820167,PASS,Bet Athletics +1.5 (68.3% cover),PASS,0,0
823462,2026-05-20T17:05:00Z,Phillies,Reds,0.092,,1154.5182403926192,1845.4817596073808,PASS,Bet Reds +1.5 (68.8% cover),PASS,0,0
822977,2026-05-20T17:10:00Z,Rays,Orioles,0.404,,1159.3839698149793,1840.6160301850207,PASS,Bet Orioles +1.5 (69.0% cover),PASS,0,1
823703,2026-05-20T17:40:00Z,Twins,Astros,0.416,,1191.3839698149793,1808.6160301850207,PASS,Bet Astros +1.5 (68.4% cover),PASS,0,1
824355,2026-05-20T19:10:00Z,Rockies,Rangers,0.218,,1448.587182108385,1551.412817891615,PASS,Bet Rangers +1.5 (69.6% cover),Bet OVER 8.5 (55.0%),0,0
825084,2026-05-20T19:40:00Z,D-backs,Giants,0.27,,1166.0607397234744,1833.9392602765256,PASS,Bet Giants +1.5 (67.9% cover),PASS,0,1
823134,2026-05-20T20:10:00Z,Mariners,White Sox,0.291,,1166.0607397234744,1833.9392602765256,PASS,Bet White Sox +1.5 (68.6% cover),PASS,0,0
824273,2026-05-20T22:40:00Z,Tigers,Guardians,0.196,,1160.8247914835897,1839.1752085164103,PASS,Bet Guardians +1.5 (68.7% cover),PASS,0,0
823866,2026-05-20T22:40:00Z,Marlins,Braves,0.061,,1156.570862278383,1843.429137721617,PASS,Bet Braves +1.5 (69.5% cover),PASS,0,0
822735,2026-05-20T22:45:00Z,Nationals,Mets,0.122,,1168.4030431297838,1831.5969568702162,PASS,Bet Mets +1.5 (68.8% cover),PASS,0,0
823547,2026-05-20T23:05:00Z,Yankees,Blue Jays,0.293,,1168.4030431297838,1831.5969568702162,PASS,Bet Blue Jays +1.5 (69.0% cover),PASS,0,0
824111,2026-05-20T23:40:00Z,Royals,Red Sox,0.224,,1168.4030431297838,1831.5969568702162,PASS,Bet Red Sox +1.5 (68.4% cover),PASS,0,0
824678,2026-05-20T23:40:00Z,Cubs,Brewers,0.143,,1174.1216994989759,1825.8783005010241,PASS,Bet Brewers +1.5 (69.6% cover),PASS,0,0
823057,2026-05-20T23:45:00Z,Cardinals,Pirates,0.443,,1168.4030431297838,1831.5969568702162,PASS,Bet Pirates +1.5 (68.8% cover),PASS,0,0
823299,2026-05-21T00:40:00Z,Padres,Dodgers,0.156,,1174.1216994989759,1825.8783005010241,PASS,Bet Dodgers +1.5 (68.5% cover),PASS,0,0
824032,2026-05-21T01:38:00Z,Angels,Athletics,0.05,,1174.1216994989759,1825.8783005010241,PASS,Bet Athletics +1.5 (68.6% cover),PASS,0,0
824274,2026-05-21T17:10:00Z,Tigers,Guardians,0.262,,1147.375331583356,1852.624668416644,PASS,Bet Guardians +1.5 (68.6% cover),PASS,0,0
823056,2026-05-21T17:15:00Z,Cardinals,Pirates,0.159,,1153.84448912712,1846.15551087288,PASS,Bet Pirates +1.5 (69.7% cover),PASS,0,0
822733,2026-05-21T20:05:00Z,Nationals,Mets,0.232,,1153.84448912712,1846.15551087288,PASS,Bet Mets +1.5 (69.4% cover),PASS,0,0
823864,2026-05-21T22:40:00Z,Marlins,Braves,0.137,,1143.7097866249896,1856.2902133750104,PASS,Bet Braves +1.5 (68.4% cover),PASS,0,0
823545,2026-05-21T23:05:00Z,Yankees,Blue Jays,0.287,,1153.84448912712,1846.15551087288,PASS,Bet Blue Jays +1.5 (69.3% cover),PASS,0,0
824031,2026-05-22T01:38:00Z,Angels,Athletics,0.312,,1166.8346504204512,1833.1653495795488,PASS,Bet Athletics +1.5 (68.5% cover),PASS,0,0
825083,2026-05-22T01:40:00Z,D-backs,Rockies,0.31,,1183.853516607835,1526.7947606337332,PASS,Bet Rockies +1.5 (68.5% cover),PASS,0,0
824274,2026-05-21T17:10:00Z,Tigers,Guardians,0.261,,1135.7065332599657,1864.2934667400343,PASS,Bet Guardians +1.5 (69.0% cover),PASS,0,0
823056,2026-05-21T17:15:00Z,Cardinals,Pirates,0.158,,1141.3480574324408,1858.6519425675592,PASS,Bet Pirates +1.5 (69.7% cover),PASS,0,0
822733,2026-05-21T20:05:00Z,Nationals,Mets,0.235,,1141.3480574324408,1858.6519425675592,PASS,Bet Mets +1.5 (70.0% cover),PASS,0,0
823864,2026-05-21T22:40:00Z,Marlins,Braves,0.131,,1132.4872493086636,1867.5127506913364,PASS,Bet Braves +1.5 (68.7% cover),Bet UNDER 8.5 (59.8%),0,0
823545,2026-05-21T23:05:00Z,Yankees,Blue Jays,0.285,,1141.3480574324408,1858.6519425675592,PASS,Bet Blue Jays +1.5 (66.3% cover),Bet OVER 8.5 (66.4%),0,0
824031,2026-05-22T01:38:00Z,Angels,Athletics,0.31,,1152.512202279648,1847.487797720352,PASS,Bet Athletics +1.5 (68.9% cover),PASS,0,0
825083,2026-05-22T01:40:00Z,D-backs,Rockies,0.31,,1198.7752976417369,1540.6505004938836,PASS,Bet Rockies +1.5 (68.7% cover),Bet OVER 8.5 (60.1%),0,0
824274,2026-05-21T17:10:00Z,Tigers,Guardians,0.256,,1125.4040412857094,1874.5959587142906,PASS,Bet Guardians +1.5 (67.6% cover),PASS,0,0
823056,2026-05-21T17:15:00Z,Cardinals,Pirates,0.151,,1130.4046422877473,1869.5953577122527,PASS,Bet Pirates +1.5 (70.0% cover),PASS,0,0
822733,2026-05-21T20:05:00Z,Nationals,Mets,0.328,,1130.4046422877473,1869.5953577122527,PASS,Bet Mets +1.5 (70.0% cover),PASS,0,0
823864,2026-05-21T22:40:00Z,Marlins,Braves,0.13,,1122.534681123741,1877.465318876259,PASS,Bet Braves +1.5 (69.4% cover),Bet UNDER 8.5 (61.9%),0,0
823545,2026-05-21T23:05:00Z,Yankees,Blue Jays,0.284,,1130.4046422877473,1869.5953577122527,PASS,Bet Blue Jays +1.5 (65.5% cover),Bet OVER 8.5 (65.0%),0,0
824031,2026-05-22T01:38:00Z,Angels,Athletics,0.309,,1140.1904962467645,1859.8095037532355,PASS,Bet Athletics +1.5 (69.1% cover),PASS,0,0
825083,2026-05-22T01:40:00Z,D-backs,Rockies,0.314,,1210.9042737829475,1542.9543272235928,PASS,Bet Rockies +1.5 (68.6% cover),Bet OVER 8.5 (60.7%),0,0
824274,2026-05-21T17:10:00Z,Tigers,Guardians,0.255,,1116.1827203622802,1883.8172796377198,PASS,Bet Guardians +1.5 (69.8% cover),PASS,0,0
823056,2026-05-21T17:15:00Z,Cardinals,Pirates,0.15,,1120.672510836647,1879.327489163353,PASS,Bet Pirates +1.5 (68.8% cover),PASS,0,0
822733,2026-05-21T20:05:00Z,Nationals,Mets,0.327,,1120.672510836647,1879.327489163353,PASS,Bet Mets +1.5 (68.3% cover),Bet OVER 8.5 (55.6%),0,0
823864,2026-05-21T22:40:00Z,Marlins,Braves,0.13,,1113.5950134155894,1886.4049865844106,PASS,Bet Braves +1.5 (69.2% cover),Bet UNDER 8.5 (59.3%),0,0
823545,2026-05-21T23:05:00Z,Yankees,Blue Jays,0.099,,1120.672510836647,1879.327489163353,PASS,Bet Blue Jays +1.5 (67.2% cover),Bet OVER 8.5 (66.6%),0,0
824031,2026-05-22T01:38:00Z,Angels,Athletics,0.305,,1129.3815292338134,1870.6184707661866,PASS,Bet Athletics +1.5 (70.0% cover),PASS,0,0
825083,2026-05-22T01:40:00Z,D-backs,Rockies,0.532,,1220.4785513950937,1543.336214731829,PASS,Bet Rockies +1.5 (69.5% cover),Bet OVER 8.5 (60.8%),0,0
824274,2026-05-21T17:10:00Z,Tigers,Guardians,0.255,,1107.83806101544,1892.16193898456,PASS,Bet Guardians +1.5 (69.1% cover),PASS,0,0
823056,2026-05-21T17:15:00Z,Cardinals,Pirates,0.149,,1111.9112889572325,1888.0887110427675,PASS,Bet Pirates +1.5 (69.1% cover),PASS,0,0
822733,2026-05-21T20:05:00Z,Nationals,Mets,0.327,,1111.9112889572325,1888.0887110427675,PASS,Bet Mets +1.5 (69.3% cover),PASS,0,0
823864,2026-05-21T22:40:00Z,Marlins,Braves,0.129,,1105.4818869508326,1894.5181130491674,PASS,Bet Braves +1.5 (69.1% cover),Bet UNDER 8.5 (61.3%),0,0
823545,2026-05-21T23:05:00Z,Yankees,Blue Jays,0.099,,1111.9112889572325,1888.0887110427675,PASS,Bet Blue Jays +1.5 (66.4% cover),Bet OVER 8.5 (64.7%),0,0
824031,2026-05-22T01:38:00Z,Angels,Athletics,0.304,,1119.7560134722755,1880.2439865277245,PASS,Bet Athletics +1.5 (68.7% cover),PASS,0,0
825083,2026-05-22T01:40:00Z,D-backs,Rockies,0.535,,1227.8429195079864,1543.3994995290686,PASS,Bet Rockies +1.5 (68.3% cover),Bet OVER 8.5 (60.6%),0,0
824274,2026-05-21T17:10:00Z,Tigers,Guardians,0.254,,1100.2184430561783,1899.7815569438217,PASS,Bet Guardians +1.5 (69.4% cover),PASS,0,0
823056,2026-05-21T17:15:00Z,Cardinals,Pirates,0.149,,1103.9455403597997,1896.0544596402003,PASS,Bet Pirates +1.5 (68.2% cover),PASS,0,0
822733,2026-05-21T20:05:00Z,Nationals,Mets,0.326,,1103.9455403597997,1896.0544596402003,PASS,Bet Mets +1.5 (69.9% cover),PASS,0,0
823864,2026-05-21T22:40:00Z,Marlins,Braves,0.129,,1098.0559333516828,1901.9440666483172,PASS,Bet Braves +1.5 (69.5% cover),Bet UNDER 8.5 (61.1%),0,0
823545,2026-05-21T23:05:00Z,Yankees,Blue Jays,0.098,,1103.9455403597997,1896.0544596402003,PASS,Bet Blue Jays +1.5 (66.0% cover),Bet OVER 8.5 (65.1%),0,0
824031,2026-05-22T01:38:00Z,Angels,Athletics,0.303,,1111.081382125604,1888.918617874396,PASS,Bet Athletics +1.5 (68.6% cover),PASS,0,0
825083,2026-05-22T01:40:00Z,D-backs,Rockies,0.537,,1233.3854450139568,1543.4099863993695,PASS,Bet Rockies +1.5 (69.7% cover),Bet OVER 8.5 (59.6%),0,0
824274,2026-05-21T17:10:00Z,Tigers,Guardians,0.254,,1093.208370354507,1906.791629645493,PASS,Bet Guardians +1.5 (68.4% cover),PASS,0,0
823056,2026-05-21T17:15:00Z,Cardinals,Pirates,0.148,,1096.6433402816585,1903.3566597183415,PASS,Bet Pirates +1.5 (69.3% cover),PASS,0,0
822733,2026-05-21T20:05:00Z,Nationals,Mets,0.326,,1096.6433402816585,1903.3566597183415,PASS,Bet Mets +1.5 (68.3% cover),PASS,0,0
823864,2026-05-21T22:40:00Z,Marlins,Braves,0.128,,1091.210222740917,1908.789777259083,PASS,Bet Braves +1.5 (68.6% cover),Bet UNDER 8.5 (60.1%),0,0
823545,2026-05-21T23:05:00Z,Yankees,Blue Jays,0.098,,1096.6433402816585,1903.3566597183415,PASS,Bet Blue Jays +1.5 (64.4% cover),Bet OVER 8.5 (65.0%),0,0
824031,2026-05-22T01:38:00Z,Angels,Athletics,0.302,,1103.1873414616018,1896.8126585383982,PASS,Bet Athletics +1.5 (68.1% cover),PASS,0,0
825083,2026-05-22T01:40:00Z,D-backs,Rockies,0.539,,1237.484326428193,1543.4117241585282,PASS,Bet Rockies +1.5 (70.1% cover),Bet OVER 8.5 (60.9%),0,0
824274,2026-05-21T17:10:00Z,Tigers,Guardians,0.253,,1086.7178545820263,1913.2821454179737,PASS,Bet Guardians +1.5 (68.4% cover),PASS,0,0
823056,2026-05-21T17:15:00Z,Cardinals,Pirates,0.148,,1089.9030044719714,1910.0969955280286,PASS,Bet Pirates +1.5 (68.5% cover),PASS,0,0
822733,2026-05-21T20:05:00Z,Nationals,Mets,0.325,,1089.9030044719714,1910.0969955280286,PASS,Bet Mets +1.5 (67.7% cover),PASS,0,0
823864,2026-05-21T22:40:00Z,Marlins,Braves,0.128,,1084.860934669045,1915.139065330955,PASS,Bet Braves +1.5 (68.7% cover),Bet UNDER 8.5 (61.0%),0,0
823545,2026-05-21T23:05:00Z,Yankees,Blue Jays,0.097,,1089.9030044719714,1910.0969955280286,PASS,Bet Blue Jays +1.5 (66.0% cover),Bet OVER 8.5 (64.6%),0,0
824031,2026-05-22T01:38:00Z,Angels,Athletics,0.302,,1095.9454904550678,1904.0545095449322,PASS,Bet Athletics +1.5 (68.7% cover),PASS,0,0
825083,2026-05-22T01:40:00Z,D-backs,Rockies,0.541,,1240.4745291881836,1543.4120121189567,PASS,Bet Rockies +1.5 (69.2% cover),Bet OVER 8.5 (59.0%),0,0
824274,2026-05-21T17:10:00Z,Tigers,Guardians,0.253,,1080.6754284070498,1919.3245715929502,PASS,Bet Guardians +1.5 (68.8% cover),PASS,0,0
823056,2026-05-21T17:15:00Z,Cardinals,Pirates,0.147,,1083.6445146213487,1916.3554853786513,PASS,Bet Pirates +1.5 (68.4% cover),PASS,0,0
822733,2026-05-21T20:05:00Z,Nationals,Mets,0.325,,1083.6445146213487,1916.3554853786513,PASS,Bet Mets +1.5 (68.2% cover),PASS,0,0
823864,2026-05-21T22:40:00Z,Marlins,Braves,0.127,,1078.9411547732188,1921.0588452267812,PASS,Bet Braves +1.5 (69.6% cover),Bet UNDER 8.5 (59.5%),0,0
823545,2026-05-21T23:05:00Z,Yankees,Blue Jays,0.097,,1083.6445146213487,1916.3554853786513,PASS,Bet Blue Jays +1.5 (65.3% cover),Bet OVER 8.5 (66.7%),0,0
824031,2026-05-22T01:38:00Z,Angels,Athletics,0.301,,1089.2566394412509,1910.7433605587491,PASS,Bet Athletics +1.5 (68.1% cover),PASS,0,0
825083,2026-05-22T01:40:00Z,D-backs,Rockies,0.541,,1242.6335271888504,1543.4120598362672,PASS,Bet Rockies +1.5 (68.4% cover),Bet OVER 8.5 (59.7%),0,0
824274,2026-05-21T17:10:00Z,Tigers,Guardians,0.253,,1075.023395439222,1924.976604560778,PASS,PASS,Bet OVER 8.5 (100.0%),0,0
823056,2026-05-21T17:15:00Z,Cardinals,Pirates,0.147,,1077.8037789926138,1922.1962210073862,PASS,PASS,Bet OVER 8.5 (100.0%),0,0
822733,2026-05-21T20:05:00Z,Nationals,Mets,0.324,,1077.8037789926138,1922.1962210073862,PASS,PASS,Bet OVER 8.5 (100.0%),0,0
823864,2026-05-21T22:40:00Z,Marlins,Braves,0.127,,1073.3966201855665,1926.6033798144335,PASS,PASS,Bet OVER 8.5 (100.0%),0,0
823545,2026-05-21T23:05:00Z,Yankees,Blue Jays,0.096,,1077.8037789926138,1922.1962210073862,PASS,PASS,Bet OVER 8.5 (100.0%),0,0
824031,2026-05-22T01:38:00Z,Angels,Athletics,0.301,,1083.0425852286705,1916.9574147713295,PASS,Bet Angels -1.5 (100.0% cover),Bet OVER 8.5 (100.0%),0,0
825083,2026-05-22T01:40:00Z,D-backs,Rockies,0.542,,1244.1804836507922,1543.4120677434012,PASS,PASS,Bet OVER 8.5 (100.0%),0,0
824274,2026-05-21T17:10:00Z,Tigers,Guardians,0.252,,1069.7145099079262,1930.2854900920738,PASS,PASS,Bet OVER 8.5 (100.0%),0,0
823056,2026-05-21T17:15:00Z,Cardinals,Pirates,0.147,,1072.3286738167503,1927.6713261832497,PASS,PASS,Bet OVER 8.5 (100.0%),0,0
822733,2026-05-21T20:05:00Z,Nationals,Mets,0.324,,1072.3286738167503,1927.6713261832497,PASS,PASS,Bet OVER 8.5 (100.0%),0,0
823864,2026-05-21T22:40:00Z,Marlins,Braves,0.127,,1068.1827229676828,1931.8172770323172,PASS,PASS,Bet OVER 8.5 (100.0%),0,0
823545,2026-05-21T23:05:00Z,Yankees,Blue Jays,0.096,,1072.3286738167503,1927.6713261832497,PASS,PASS,Bet OVER 8.5 (100.0%),0,0
824031,2026-05-22T01:38:00Z,Angels,Athletics,0.301,,1077.2405880457668,1922.7594119542332,PASS,Bet Angels -1.5 (100.0% cover),Bet OVER 8.5 (100.0%),0,0
825083,2026-05-22T01:40:00Z,D-backs,Rockies,0.543,,1245.2827189015004,1543.4120690536756,PASS,PASS,Bet OVER 8.5 (100.0%),0,0
824274,2026-05-21T17:10:00Z,Tigers,Guardians,0.252,,1064.7095993188552,1935.2904006811448,PASS,PASS,Bet OVER 8.5 (100.0%),0,0
823056,2026-05-21T17:15:00Z,Cardinals,Pirates,0.146,,1067.1762415969993,1932.8237584030007,PASS,PASS,Bet OVER 8.5 (100.0%),0,0
822733,2026-05-21T20:05:00Z,Nationals,Mets,0.324,,1067.1762415969993,1932.8237584030007,PASS,PASS,Bet OVER 8.5 (100.0%),0,0
823864,2026-05-21T22:40:00Z,Marlins,Braves,0.127,,1063.2623504006997,1936.7376495993003,PASS,PASS,Bet OVER 8.5 (100.0%),0,0
823545,2026-05-21T23:05:00Z,Yankees,Blue Jays,0.096,,1067.1762415969993,1932.8237584030007,PASS,PASS,Bet OVER 8.5 (100.0%),0,0
824031,2026-05-22T01:38:00Z,Angels,Athletics,0.3,,1071.799551636026,1928.200448363974,PASS,Bet Angels -1.5 (100.0% cover),Bet OVER 8.5 (100.0%),0,0
825083,2026-05-22T01:40:00Z,D-backs,Rockies,0.543,,1246.0649140940322,1543.4120692707984,PASS,PASS,Bet OVER 8.5 (100.0%),0,0
824274,2026-05-21T17:10:00Z,Tigers,Guardians,0.252,,1059.9758261931474,1940.0241738068526,PASS,PASS,Bet OVER 8.5 (100.0%),0,0
823056,2026-05-21T17:15:00Z,Cardinals,Pirates,0.146,,1062.3106632533425,1937.6893367466575,PASS,PASS,Bet OVER 8.5 (100.0%),0,0
822733,2026-05-21T20:05:00Z,Nationals,Mets,0.324,,1062.3106632533425,1937.6893367466575,PASS,PASS,Bet OVER 8.5 (100.0%),0,0
823864,2026-05-21T22:40:00Z,Marlins,Braves,0.126,,1058.6042966888215,1941.3957033111785,PASS,PASS,Bet OVER 8.5 (100.0%),0,0
823545,2026-05-21T23:05:00Z,Yankees,Blue Jays,0.096,,1062.3106632533425,1937.6893367466575,PASS,PASS,Bet OVER 8.5 (100.0%),0,0
824031,2026-05-22T01:38:00Z,Angels,Athletics,0.3,,1066.6773132785738,1933.3226867214262,PASS,Bet Angels -1.5 (100.0% cover),Bet OVER 8.5 (100.0%),0,0
825083,2026-05-22T01:40:00Z,D-backs,Rockies,0.543,,1246.6183890143477,1543.412069306777,PASS,PASS,Bet OVER 8.5 (100.0%),0,0
824274,2026-05-21T17:10:00Z,Tigers,Guardians,0.252,,1055.4853933739291,1944.5146066260709,PASS,PASS,Bet OVER 8.5 (100.0%),0,0
823056,2026-05-21T17:15:00Z,Cardinals,Pirates,0.146,,1057.7017612069287,1942.2982387930713,PASS,PASS,Bet OVER 8.5 (100.0%),0,0
822733,2026-05-21T20:05:00Z,Nationals,Mets,0.323,,1057.7017612069287,1942.2982387930713,PASS,PASS,Bet OVER 8.5 (100.0%),0,0
823864,2026-05-21T22:40:00Z,Marlins,Braves,0.126,,1054.1820738830686,1945.8179261169314,PASS,PASS,Bet OVER 8.5 (100.0%),0,0
823545,2026-05-21T23:05:00Z,Yankees,Blue Jays,0.095,,1057.7017612069287,1942.2982387930713,PASS,PASS,Bet OVER 8.5 (100.0%),0,0
824031,2026-05-22T01:38:00Z,Angels,Athletics,0.3,,1061.838678228409,1938.161321771591,PASS,Bet Angels -1.5 (100.0% cover),Bet OVER 8.5 (100.0%),0,0
825083,2026-05-22T01:40:00Z,D-backs,Rockies,0.543,,1247.0092157958488,1543.4120693127393,PASS,PASS,Bet OVER 8.5 (100.0%),0,0
824274,2026-05-21T17:10:00Z,Tigers,Guardians,0.251,,1051.2145637496853,1948.7854362503147,PASS,PASS,Bet OVER 8.5 (100.0%),0,0
823056,2026-05-21T17:15:00Z,Cardinals,Pirates,0.146,,1053.3238749905333,1946.6761250094667,PASS,PASS,Bet OVER 8.5 (100.0%),0,0
822733,2026-05-21T20:05:00Z,Nationals,Mets,0.323,,1053.3238749905333,1946.6761250094667,PASS,PASS,Bet OVER 8.5 (100.0%),0,0
823864,2026-05-21T22:40:00Z,Marlins,Braves,0.126,,1049.9730074464499,1950.0269925535501,PASS,PASS,Bet OVER 8.5 (100.0%),0,0
823545,2026-05-21T23:05:00Z,Yankees,Blue Jays,0.095,,1053.3238749905333,1946.6761250094667,PASS,PASS,Bet OVER 8.5 (100.0%),0,0
824031,2026-05-22T01:38:00Z,Angels,Athletics,0.3,,1057.2539661200801,1942.7460338799199,PASS,Bet Angels -1.5 (100.0% cover),Bet OVER 8.5 (100.0%),0,0
825083,2026-05-22T01:40:00Z,D-backs,Rockies,0.544,,1247.2847874499173,1543.4120693137272,PASS,PASS,Bet OVER 8.5 (100.0%),0,0
824274,2026-05-21T17:10:00Z,Tigers,Guardians,0.251,,1047.1429070643355,1952.8570929356645,PASS,PASS,Bet OVER 8.5 (100.0%),0,0
823056,2026-05-21T17:15:00Z,Cardinals,Pirates,0.146,,1049.1550034757715,1950.8449965242285,PASS,PASS,Bet OVER 8.5 (100.0%),0,0
822733,2026-05-21T20:05:00Z,Nationals,Mets,0.323,,1049.1550034757715,1950.8449965242285,PASS,PASS,Bet OVER 8.5 (100.0%),0,0
823864,2026-05-21T22:40:00Z,Marlins,Braves,0.126,,1045.957538478324,1954.042461521676,PASS,PASS,Bet OVER 8.5 (100.0%),0,0
823545,2026-05-21T23:05:00Z,Yankees,Blue Jays,0.095,,1049.1550034757715,1950.8449965242285,PASS,PASS,Bet OVER 8.5 (100.0%),0,0
824031,2026-05-22T01:38:00Z,Angels,Athletics,0.299,,1052.8979173346909,1947.1020826653091,PASS,Bet Angels -1.5 (100.0% cover),Bet OVER 8.5 (100.0%),0,0
825083,2026-05-22T01:40:00Z,D-backs,Rockies,0.544,,1247.4788915262225,1543.412069313891,PASS,PASS,Bet OVER 8.5 (100.0%),0,0
824274,2026-05-21T17:10:00Z,Tigers,Guardians,0.251,,1043.2527135178434,1956.7472864821566,PASS,PASS,Bet OVER 8.5 (100.0%),0,0
823056,2026-05-21T17:15:00Z,Cardinals,Pirates,0.145,,1045.176141330827,1954.823858669173,PASS,PASS,Bet OVER 8.5 (100.0%),0,0
822733,2026-05-21T20:05:00Z,Nationals,Mets,0.323,,1045.176141330827,1954.823858669173,PASS,PASS,Bet OVER 8.5 (100.0%),0,0
823864,2026-05-21T22:40:00Z,Marlins,Braves,0.126,,1042.1186784413198,1957.8813215586802,PASS,PASS,Bet OVER 8.5 (100.0%),0,0
823545,2026-05-21T23:05:00Z,Yankees,Blue Jays,0.095,,1045.176141330827,1954.823858669173,PASS,PASS,Bet OVER 8.5 (100.0%),0,0
824031,2026-05-22T01:38:00Z,Angels,Athletics,0.299,,1048.7488574727543,1951.2511425272457,PASS,Bet Angels -1.5 (100.0% cover),Bet OVER 8.5 (100.0%),0,0
825083,2026-05-22T01:40:00Z,D-backs,Rockies,0.544,,1247.615512362975,1543.4120693139182,PASS,PASS,Bet OVER 8.5 (100.0%),0,0
824274,2026-05-21T17:10:00Z,Tigers,Guardians,0.251,,1039.5285317395205,1960.4714682604795,PASS,PASS,Bet OVER 8.5 (100.0%),0,0
823056,2026-05-21T17:15:00Z,Cardinals,Pirates,0.145,,1041.3707592478404,1958.6292407521596,PASS,PASS,Bet OVER 8.5 (100.0%),0,0
822733,2026-05-21T20:05:00Z,Nationals,Mets,0.323,,1041.3707592478404,1958.6292407521596,PASS,PASS,Bet OVER 8.5 (100.0%),0,0
823864,2026-05-21T22:40:00Z,Marlins,Braves,0.125,,1038.4415780914806,1961.5584219085194,PASS,PASS,Bet OVER 8.5 (100.0%),0,0
823545,2026-05-21T23:05:00Z,Yankees,Blue Jays,0.095,,1041.3707592478404,1958.6292407521596,PASS,PASS,Bet OVER 8.5 (100.0%),0,0
824031,2026-05-22T01:38:00Z,Angels,Athletics,0.299,,1044.788050171504,1955.211949828496,PASS,Bet Angels -1.5 (100.0% cover),Bet OVER 8.5 (100.0%),0,0
825083,2026-05-22T01:40:00Z,D-backs,Rockies,0.544,,1247.7116238138317,1543.4120693139225,PASS,PASS,Bet OVER 8.5 (100.0%),0,0
824274,2026-05-21T17:10:00Z,Tigers,Guardians,0.251,,1035.9568007844998,1964.0431992155002,PASS,PASS,Bet OVER 8.5 (100.0%),0,0
823056,2026-05-21T17:15:00Z,Cardinals,Pirates,0.145,,1037.7243921322156,1962.2756078677844,PASS,PASS,Bet OVER 8.5 (100.0%),0,0
822733,2026-05-21T20:05:00Z,Nationals,Mets,0.323,,1037.7243921322156,1962.2756078677844,PASS,PASS,Bet OVER 8.5 (100.0%),0,0
823864,2026-05-21T22:40:00Z,Marlins,Braves,0.125,,1034.9131830781537,1965.0868169218463,PASS,PASS,Bet OVER 8.5 (100.0%),0,0
823545,2026-05-21T23:05:00Z,Yankees,Blue Jays,0.095,,1037.7243921322156,1962.2756078677844,PASS,PASS,Bet OVER 8.5 (100.0%),0,0
824031,2026-05-22T01:38:00Z,Angels,Athletics,0.299,,1040.9991895449946,1959.0008104550054,PASS,Bet Angels -1.5 (100.0% cover),Bet OVER 8.5 (100.0%),0,0
825083,2026-05-22T01:40:00Z,D-backs,Rockies,0.544,,1247.7792127305718,1543.4120693139234,PASS,PASS,Bet OVER 8.5 (100.0%),0,0
824274,2026-05-21T17:10:00Z,Tigers,Guardians,0.251,,1032.525554102741,1967.474445897259,PASS,PASS,Bet OVER 8.5 (100.0%),0,0
823056,2026-05-21T17:15:00Z,Cardinals,Pirates,0.145,,1034.22430943172,1965.77569056828,PASS,PASS,Bet OVER 8.5 (100.0%),0,0
822733,2026-05-21T20:05:00Z,Nationals,Mets,0.322,,1034.22430943172,1965.77569056828,PASS,PASS,Bet OVER 8.5 (100.0%),0,0
823864,2026-05-21T22:40:00Z,Marlins,Braves,0.125,,1031.5219561221581,1968.4780438778419,PASS,PASS,Bet OVER 8.5 (100.0%),0,0
823545,2026-05-21T23:05:00Z,Yankees,Blue Jays,0.094,,1034.22430943172,1965.77569056828,PASS,PASS,Bet OVER 8.5 (100.0%),0,0
824031,2026-05-22T01:38:00Z,Angels,Athletics,0.299,,1037.3679976152002,1962.6320023847998,PASS,Bet Angels -1.5 (100.0% cover),Bet OVER 8.5 (100.0%),0,0
825083,2026-05-22T01:40:00Z,D-backs,Rockies,0.544,,1247.826731451828,1543.4120693139234,PASS,PASS,Bet OVER 8.5 (100.0%),0,0
824274,2026-05-21T17:10:00Z,Tigers,Guardians,0.223,,1026.0432211021161,1973.9567788978839,PASS,PASS,Bet OVER 8.5 (100.0%),0,0
823056,2026-05-21T17:15:00Z,Cardinals,Pirates,0.145,,1027.6191984467214,1972.3808015532786,PASS,PASS,Bet OVER 8.5 (100.0%),0,0
822733,2026-05-21T20:05:00Z,Nationals,Mets,0.322,,1030.8592487094402,1969.1407512905598,PASS,PASS,Bet OVER 8.5 (100.0%),0,0
823864,2026-05-21T22:40:00Z,Marlins,Braves,0.125,,1028.2576509101632,1971.7423490898368,PASS,PASS,Bet OVER 8.5 (100.0%),0,0
823545,2026-05-21T23:05:00Z,Yankees,Blue Jays,0.094,,1030.8592487094402,1969.1407512905598,PASS,PASS,Bet OVER 8.5 (100.0%),0,0
824031,2026-05-22T01:38:00Z,Angels,Athletics,0.299,,1033.881901721852,1966.118098278148,PASS,Bet Angels -1.5 (100.0% cover),Bet OVER 8.5 (100.0%),0,0
825083,2026-05-22T01:40:00Z,D-backs,Rockies,0.544,,1247.8601337118284,1543.4120693139234,PASS,PASS,Bet OVER 8.5 (100.0%),0,0
824274,2026-05-21T17:10:00Z,Tigers,Guardians,0.22,,1019.8639569036135,1980.1360430963866,PASS,PASS,Bet OVER 8.5 (100.0%),0,0
823056,2026-05-21T17:15:00Z,Cardinals,Pirates,0.112,,1021.3312054877697,1978.6687945122303,PASS,PASS,Bet OVER 8.5 (100.0%),0,0
822733,2026-05-21T20:05:00Z,Nationals,Mets,0.322,,1024.3419201237377,1975.6580798762623,PASS,PASS,Bet OVER 8.5 (100.0%),0,0
823864,2026-05-21T22:40:00Z,Marlins,Braves,0.125,,1025.1111265733705,1974.8888734266295,PASS,PASS,Bet OVER 8.5 (100.0%),0,0
823545,2026-05-21T23:05:00Z,Yankees,Blue Jays,0.094,,1027.6191984467214,1972.3808015532786,PASS,PASS,Bet OVER 8.5 (100.0%),0,0
824031,2026-05-22T01:38:00Z,Angels,Athletics,0.299,,1030.5297735822,1969.4702264178,PASS,Bet Angels -1.5 (100.0% cover),Bet OVER 8.5 (100.0%),0,0
825083,2026-05-22T01:40:00Z,D-backs,Rockies,0.544,,1247.8836101388606,1543.4120693139234,PASS,PASS,Bet OVER 8.5 (100.0%),0,0
824274,2026-05-21T17:10:00Z,Tigers,Guardians,0.219,,1013.9577485831476,1986.0422514168517,PASS,PASS,Bet OVER 8.5 (100.0%),0,0
823056,2026-05-21T17:15:00Z,Cardinals,Pirates,0.112,,1015.3281221260966,1984.671877873903,PASS,PASS,Bet OVER 8.5 (100.0%),0,0
822733,2026-05-21T20:05:00Z,Nationals,Mets,0.306,,1018.1352446370668,1981.864755362933,PASS,PASS,Bet OVER 8.5 (100.0%),0,0
823864,2026-05-21T22:40:00Z,Marlins,Braves,0.125,,1018.8513801861146,1981.1486198138853,PASS,PASS,Bet OVER 8.5 (100.0%),0,0
823545,2026-05-21T23:05:00Z,Yankees,Blue Jays,0.094,,1021.183364484059,1978.816635515941,PASS,PASS,Bet OVER 8.5 (100.0%),0,0
824031,2026-05-22T01:38:00Z,Angels,Athletics,0.299,,1027.301716390087,1972.698283609913,PASS,Bet Angels -1.5 (100.0% cover),Bet OVER 8.5 (100.0%),0,0
825083,2026-05-22T01:40:00Z,D-backs,Rockies,0.544,,1247.9001088306836,1543.4120693139234,PASS,PASS,Bet OVER 8.5 (100.0%),0,0
824274,2026-05-21T17:10:00Z,Tigers,Guardians,0.219,,1008.2989693110109,1991.701030688988,PASS,PASS,Bet OVER 8.5 (100.0%),0,0
823056,2026-05-21T17:15:00Z,Cardinals,Pirates,0.112,,1009.5825560662838,1990.4174439337153,PASS,PASS,Bet OVER 8.5 (100.0%),0,0
822733,2026-05-21T20:05:00Z,Nationals,Mets,0.305,,1012.2078779940308,1987.7921220059684,PASS,PASS,Bet OVER 8.5 (100.0%),0,0
823864,2026-05-21T22:40:00Z,Marlins,Braves,0.091,,1012.876753985407,1987.1232460145923,PASS,PASS,Bet OVER 8.5 (100.0%),0,0
823545,2026-05-21T23:05:00Z,Yankees,Blue Jays,0.094,,1015.0523184274466,1984.947681572553,PASS,PASS,Bet OVER 8.5 (100.0%),0,0
824031,2026-05-22T01:38:00Z,Angels,Athletics,0.298,,1024.1888897235604,1975.8111102764396,PASS,Bet Angels -1.5 (100.0% cover),Bet OVER 8.5 (100.0%),0,0
825083,2026-05-22T01:40:00Z,D-backs,Rockies,0.544,,1247.9117030059244,1543.4120693139234,PASS,PASS,Bet OVER 8.5 (100.0%),0,0
824274,2026-05-21T17:10:00Z,Tigers,Guardians,0.219,,1002.865555935058,1997.134444064941,PASS,PASS,Bet OVER 8.5 (100.0%),YRFI (50.0%),0.5
823056,2026-05-21T17:15:00Z,Cardinals,Pirates,0.112,,1004.0710087315472,1995.928991268452,PASS,PASS,Bet OVER 8.5 (100.0%),YRFI (50.0%),0.5
822733,2026-05-21T20:05:00Z,Nationals,Mets,0.305,,1006.5331309272987,1993.4668690727005,PASS,PASS,Bet OVER 8.5 (100.0%),YRFI (50.0%),0.5
823864,2026-05-21T22:40:00Z,Marlins,Braves,0.127,,1007.1596876246385,1992.8403123753608,PASS,PASS,Bet OVER 8.5 (100.0%),YRFI (50.0%),0.5
823545,2026-05-21T23:05:00Z,Yankees,Blue Jays,0.134,,1009.1954909776804,1990.8045090223186,PASS,PASS,Bet OVER 8.5 (100.0%),YRFI (50.0%),0.5
824031,2026-05-22T01:38:00Z,Angels,Athletics,0.298,,1017.7083701823059,1982.2916298176938,PASS,Bet Angels -1.5 (100.0% cover),Bet OVER 8.5 (100.0%),YRFI (50.0%),0.5
825083,2026-05-22T01:40:00Z,D-backs,Rockies,0.544,,1247.9198502573888,1543.4120693139234,PASS,PASS,Bet OVER 8.5 (100.0%),YRFI (50.0%),0.5
824679,2026-05-22T18:20:00Z,Cubs,Astros,0.05,,1016.7203843765976,1672.4024683441864,PASS,PASS,Bet OVER 8.5 (100.0%),YRFI (50.0%),0.5
824518,2026-05-22T22:40:00Z,Reds,Cardinals,0.563,,1986.854251675723,998.8874606387691,PASS,PASS,Bet OVER 8.5 (100.0%),YRFI (50.0%),0.5
823461,2026-05-22T22:40:00Z,Phillies,Guardians,0.357,,1013.1457483242763,2002.248812501128,PASS,PASS,Bet OVER 8.5 (100.0%),YRFI (50.0%),0.5
823546,2026-05-22T23:05:00Z,Yankees,Rays,0.182,,1003.7076184705053,1247.9238542438873,PASS,PASS,Bet OVER 8.5 (100.0%),YRFI (50.0%),0.5
822816,2026-05-22T23:07:00Z,Blue Jays,Pirates,0.611,,1996.292381529494,2001.1125393612301,PASS,PASS,Bet OVER 8.5 (100.0%),YRFI (50.0%),0.5
824761,2026-05-22T23:10:00Z,Red Sox,Twins,0.799,,1984.2565291326937,1327.5975316558136,PASS,PASS,Bet OVER 8.5 (100.0%),YRFI (50.0%),0.5
823863,2026-05-22T23:10:00Z,Marlins,Mets,0.2,,1001.7947268796117,1998.7945397686378,PASS,PASS,Bet OVER 8.5 (100.0%),YRFI (50.0%),0.5
824842,2026-05-22T23:15:00Z,Orioles,Tigers,0.756,,1752.0761457561127,997.7511874988713,PASS,PASS,Bet OVER 8.5 (100.0%),YRFI (50.0%),0.5
824922,2026-05-22T23:15:00Z,Braves,Nationals,0.854,,1998.2052731203871,1001.2054602313613,PASS,PASS,Bet OVER 8.5 (100.0%),YRFI (50.0%),0.5
824110,2026-05-22T23:40:00Z,Royals,Mariners,0.408,,1015.7434708673059,1015.3281221260966,PASS,PASS,Bet OVER 8.5 (100.0%),YRFI (50.0%),0.5
823788,2026-05-22T23:40:00Z,Brewers,Dodgers,0.501,,1983.2796156234022,1983.2796156234022,PASS,PASS,Bet OVER 8.5 (100.0%),YRFI (50.0%),0.5
824029,2026-05-23T01:38:00Z,Angels,Rangers,0.05,,1011.6764487599029,1456.5879306860766,PASS,PASS,Bet OVER 8.5 (100.0%),YRFI (50.0%),0.5
825082,2026-05-23T01:40:00Z,D-backs,Rockies,0.311,,1162.291034180572,1629.0466103047318,PASS,PASS,Bet OVER 8.5 (100.0%),YRFI (50.0%),0.5
823298,2026-05-23T01:40:00Z,Padres,Athletics,0.269,,1016.7203843765976,1988.3235512400963,PASS,Bet Padres -1.5 (100.0% cover),Bet OVER 8.5 (100.0%),YRFI (50.0%),0.5
823223,2026-05-23T02:15:00Z,Giants,White Sox,0.254,,1752.0744248286196,1984.671877873903,PASS,PASS,Bet OVER 8.5 (100.0%),YRFI (50.0%),0.5
824679,2026-05-22T18:20:00Z,Cubs,Astros,0.05,,1045.1488048920514,1641.2114084341842,PASS,PASS,Bet OVER 8.5 (100.0%),YRFI (50.0%),0.5
824518,2026-05-22T22:40:00Z,Reds,Cardinals,0.563,,1989.6158493402615,1025.7787478129142,PASS,PASS,Bet OVER 8.5 (100.0%),YRFI (50.0%),0.5
823461,2026-05-22T22:40:00Z,Phillies,Guardians,0.358,,1042.350711713238,1943.3279600892306,PASS,PASS,Bet OVER 8.5 (100.0%),YRFI (50.0%),0.5
823546,2026-05-22T23:05:00Z,Yankees,Rays,0.227,,1054.5223055200004,1223.8372544010879,PASS,PASS,Bet OVER 8.5 (100.0%),YRFI (50.0%),0.5
822816,2026-05-22T23:07:00Z,Blue Jays,Pirates,0.634,,1984.673787888334,1959.0079935261235,PASS,PASS,Bet OVER 8.5 (100.0%),YRFI (50.0%),0.5
824761,2026-05-22T23:10:00Z,Red Sox,Twins,0.8,,1987.602976468076,1326.9834114077785,PASS,PASS,Bet OVER 8.5 (100.0%),YRFI (50.0%),0.5
823863,2026-05-22T23:10:00Z,Marlins,Mets,0.202,,1060.4693208399235,1940.0861302084359,PASS,PASS,Bet OVER 8.5 (100.0%),YRFI (50.0%),0.5
824842,2026-05-22T23:15:00Z,Orioles,Tigers,0.755,,1752.489724190021,1024.3956655187856,PASS,PASS,Bet OVER 8.5 (100.0%),YRFI (50.0%),0.5
824922,2026-05-22T23:15:00Z,Braves,Nationals,0.854,,1971.4921444570375,1027.9524044946013,PASS,PASS,Bet OVER 8.5 (100.0%),YRFI (50.0%),0.5
824110,2026-05-22T23:40:00Z,Royals,Mariners,0.431,,1027.889212234959,997.7305224339653,PASS,PASS,Bet OVER 8.5 (100.0%),YRFI (50.0%),0.5
823788,2026-05-22T23:40:00Z,Brewers,Dodgers,0.524,,2000.9387651855932,1971.1457376481103,PASS,PASS,Bet OVER 8.5 (100.0%),YRFI (50.0%),0.5
824029,2026-05-23T01:38:00Z,Angels,Rangers,0.05,,1067.4322888821555,1462.7499692197491,PASS,PASS,Bet OVER 8.5 (100.0%),YRFI (50.0%),0.5
825082,2026-05-23T01:40:00Z,D-backs,Rockies,0.326,,1179.62140879422,1586.8612176775105,PASS,PASS,Bet OVER 8.5 (100.0%),YRFI (50.0%),0.5
823298,2026-05-23T01:40:00Z,Padres,Athletics,0.27,,1045.801900424335,1930.2448008159056,PASS,Bet Padres -1.5 (100.0% cover),Bet OVER 8.5 (100.0%),YRFI (50.0%),0.5
823223,2026-05-23T02:15:00Z,Giants,White Sox,0.276,,1766.2778579912615,1962.3597174901413,PASS,PASS,Bet OVER 8.5 (100.0%),YRFI (50.0%),0.5
824679,2026-05-22T18:20:00Z,Cubs,Astros,0.054,,1103.6135959444912,1587.5647187312065,PASS,PASS,Bet OVER 8.5 (100.0%),YRFI (50.0%),0.5
824518,2026-05-22T22:40:00Z,Reds,Cardinals,0.563,,1992.9407609605096,1050.20531887273,PASS,PASS,Bet OVER 8.5 (100.0%),YRFI (50.0%),0.5
823461,2026-05-22T22:40:00Z,Phillies,Guardians,0.363,,1102.7095360650192,1855.815864404833,PASS,PASS,Bet OVER 8.5 (100.0%),YRFI (50.0%),0.5
823546,2026-05-22T23:05:00Z,Yankees,Rays,0.303,,1120.2344652620247,1186.1555978922972,PASS,PASS,Bet OVER 8.5 (100.0%),YRFI (50.0%),0.5
822816,2026-05-22T23:07:00Z,Blue Jays,Pirates,0.674,,1986.3507868194836,1908.1135225401051,PASS,PASS,Bet OVER 8.5 (100.0%),YRFI (50.0%),0.5
824761,2026-05-22T23:10:00Z,Red Sox,Twins,0.8,,1991.6194098553437,1318.0846143960625,PASS,PASS,Bet OVER 8.5 (100.0%),YRFI (50.0%),0.5
823863,2026-05-22T23:10:00Z,Marlins,Mets,0.209,,1147.455329523708,1853.0500024813705,PASS,PASS,Bet OVER 8.5 (100.0%),YRFI (50.0%),0.5
824842,2026-05-22T23:15:00Z,Orioles,Tigers,0.754,,1749.9759254329535,1047.4982217500406,PASS,PASS,Bet OVER 8.5 (100.0%),YRFI (50.0%),0.5
824922,2026-05-22T23:15:00Z,Braves,Nationals,0.853,,1948.0885123352193,1051.4061556596998,PASS,PASS,Bet OVER 8.5 (100.0%),YRFI (50.0%),0.5
824110,2026-05-22T23:40:00Z,Royals,Mariners,0.47,,1050.8770791566926,969.0782899734402,PASS,PASS,Bet OVER 8.5 (100.0%),YRFI (50.0%),0.5
823788,2026-05-22T23:40:00Z,Brewers,Dodgers,0.563,,2029.8046172871566,1948.7001434013152,PASS,PASS,Bet OVER 8.5 (100.0%),YRFI (50.0%),0.5
824029,2026-05-23T01:38:00Z,Angels,Rangers,0.05,,1144.5708634977302,1422.4125036012695,PASS,PASS,Bet OVER 8.5 (100.0%),YRFI (50.0%),0.5
825082,2026-05-23T01:40:00Z,D-backs,Rockies,0.352,,1215.576453888735,1545.848503500277,PASS,PASS,Bet OVER 8.5 (100.0%),YRFI (50.0%),0.5
823298,2026-05-23T01:40:00Z,Padres,Athletics,0.275,,1105.7122866931552,1845.60251329117,PASS,Bet Padres -1.5 (100.0% cover),Bet OVER 8.5 (100.0%),YRFI (50.0%),0.5
823223,2026-05-23T02:15:00Z,Giants,White Sox,0.329,,1801.6220735557456,1919.3123332262053,PASS,PASS,Bet OVER 8.5 (100.0%),YRFI (50.0%),0.5
824679,2026-05-22T18:20:00Z,Cubs,Astros,0.098,,1188.2075618135075,1519.5501333590562,PASS,PASS,Bet OVER 8.5 (100.0%),YRFI (50.0%),0.5
824518,2026-05-22T22:40:00Z,Reds,Cardinals,0.563,,1997.5854688249165,1070.76281146283,PASS,PASS,Bet OVER 8.5 (100.0%),YRFI (50.0%),0.5
823461,2026-05-22T22:40:00Z,Phillies,Guardians,0.38,,1192.1899310221188,1744.467295894206,PASS,PASS,Bet OVER 8.5 (100.0%),YRFI (50.0%),0.5
823546,2026-05-22T23:05:00Z,Yankees,Rays,0.387,,1188.966007335178,1146.7933280900434,PASS,PASS,Bet OVER 8.5 (100.0%),YRFI (50.0%),0.5
822816,2026-05-22T23:07:00Z,Blue Jays,Pirates,0.717,,1996.5114025112,1855.5559192374715,PASS,PASS,Bet OVER 8.5 (100.0%),YRFI (50.0%),0.5
824761,2026-05-22T23:10:00Z,Red Sox,Twins,0.802,,1996.297720721086,1296.5544197734826,PASS,PASS,Bet OVER 8.5 (100.0%),YRFI (50.0%),0.5
823863,2026-05-22T23:10:00Z,Marlins,Mets,0.234,,1257.1685182035026,1743.2576466591986,PASS,PASS,Bet OVER 8.5 (100.0%),YRFI (50.0%),0.5
824842,2026-05-22T23:15:00Z,Orioles,Tigers,0.753,,1743.7018761979402,1063.4659594240925,PASS,PASS,Bet OVER 8.5 (100.0%),YRFI (50.0%),0.5
824922,2026-05-22T23:15:00Z,Braves,Nationals,0.853,,1931.6335683998084,1067.9402667374882,PASS,PASS,Bet OVER 8.5 (100.0%),YRFI (50.0%),0.5
824110,2026-05-22T23:40:00Z,Royals,Mariners,0.512,,1078.8464323480564,934.8843202695294,PASS,PASS,Bet OVER 8.5 (100.0%),YRFI (50.0%),0.5
823788,2026-05-22T23:40:00Z,Brewers,Dodgers,0.604,,2064.7252622668425,1922.7653615132401,PASS,PASS,Bet OVER 8.5 (100.0%),YRFI (50.0%),0.5
824029,2026-05-23T01:38:00Z,Angels,Rangers,0.05,,1225.4195608592756,1363.9528859678892,PASS,PASS,Bet OVER 8.5 (100.0%),YRFI (50.0%),0.5
825082,2026-05-23T01:40:00Z,D-backs,Rockies,0.392,,1255.9672689674321,1500.6161752025632,PASS,PASS,Bet OVER 8.5 (100.0%),YRFI (50.0%),0.5
823298,2026-05-23T01:40:00Z,Padres,Athletics,0.292,,1193.8988402807004,1744.7811769410353,PASS,Bet Padres -1.5 (100.0% cover),Bet OVER 8.5 (100.0%),YRFI (50.0%),0.5
823223,2026-05-23T02:15:00Z,Giants,White Sox,0.407,,1848.2289206016267,1865.303959114673,PASS,PASS,Bet OVER 8.5 (100.0%),YRFI (50.0%),0.5
824679,2026-05-22T18:20:00Z,Cubs,Astros,0.19,,1287.9362411335042,1449.1659520730318,PASS,PASS,Bet OVER 8.5 (100.0%),YRFI (50.0%),0.5,0.0,0,,-137.23,0.5,3.47,0.0,-3.0,0,1.0,0.991,0.0,0.0,0.0,0.0,0.0,0,1,0,0,0.0,0.0,0.0,0.0,-0.0009,0.0,0.0,0.682,0.0,0.0,0.0,0.0,0.0,0.0,0.0,0.0,1.0,0.0,27.6,0.0,0.0,0.0,0.0,,elo_diff=-137.23▼;bullpen_availability_diff=27.6▲;sp_era_diff=3.47▼;bullpen_ip_diff=-3.0▲;park_factor=1.0▲,1,"bet365,draftkings"
824518,2026-05-22T22:40:00Z,Reds,Cardinals,0.562,,2004.9365469705863,1085.9428192417524,PASS,PASS,Bet OVER 8.5 (100.0%),YRFI (50.0%),0.5,0.0,0,,942.994,0.5,3.13,0.0,1.0,0,1.1,1.09,0.0,0.0,0.0,0.0,0.0,-1,0,0,1,0.0,0.0,0.0,0.0,-0.0009,0.0,0.0,0.448,0.0,0.0,0.0,0.0,0.0,0.0,0.0,0.0,1.0,0.0,12.7,0.0,0.0,0.0,0.0,,elo_diff=942.994▲;bullpen_availability_diff=12.7▲;sp_era_diff=3.13▼;park_factor=1.1▲;dynamic_park_factor=1.09▲,0,"bet365,draftkings"
823461,2026-05-22T22:40:00Z,Phillies,Guardians,0.44,,1303.432327058183,1621.8884419421408,PASS,PASS,Bet OVER 8.5 (100.0%),YRFI (50.0%),0.5,0.0,0,,-294.456,0.5,-1.85,0.0,0.8,0,1.09,1.081,0.0,0.0,0.0,0.0,0.0,0,0,0,1,0.0,0.0,0.0,0.0,-0.0009,0.0,0.0,0.423,0.0,0.0,0.0,0.0,0.0,0.0,0.0,0.0,1.0,0.0,6.7,0.0,0.0,0.0,0.0,,elo_diff=-294.456▼;bullpen_availability_diff=6.7▲;sp_era_diff=-1.85▲;park_factor=1.09▲;dynamic_park_factor=1.081▲,0,"bet365,draftkings"
823546,2026-05-22T23:05:00Z,Yankees,Rays,0.455,,1251.3204244473543,1113.5750228106783,PASS,PASS,Bet OVER 8.5 (100.0%),YRFI (50.0%),0.5,0.0,0,,161.745,0.5,2.99,0.0,1.0,0,1.15,1.14,0.0,0.0,0.0,0.0,0.0,0,0,1,0,0.0,0.0,0.0,0.0,-0.0009,0.0,0.0,0.405,0.0,0.0,0.0,0.0,0.0,0.0,0.0,0.0,1.0,0.0,-33.7,0.0,0.0,0.0,0.0,,elo_diff=161.745▲;bullpen_availability_diff=-33.7▼;sp_era_diff=2.99▼;park_factor=1.15▲;dynamic_park_factor=1.14▲,0,"bet365,draftkings"
822816,2026-05-22T23:07:00Z,Blue Jays,Pirates,0.754,,2011.2909462011753,1807.4672050108513,PASS,PASS,Bet OVER 8.5 (100.0%),YRFI (50.0%),0.5,0.0,0,,227.824,0.5,-1.69,0.0,1.0,0,1.06,1.051,0.0,0.0,0.0,0.0,0.0,0,0,1,1,0.0,0.0,0.0,0.0,-0.0009,0.0,0.0,0.429,0.0,0.0,0.0,0.0,0.0,0.0,0.0,0.0,1.0,0.0,0,0.0,0.0,0.0,0.0,,elo_diff=227.824▲;sp_era_diff=-1.69▲;park_factor=1.06▲;dynamic_park_factor=1.051▲;bullpen_ip_diff=1.0▼,1,"bet365,draftkings"
824761,2026-05-22T23:10:00Z,Red Sox,Twins,0.803,,2001.5091742782904,1261.0611632053374,PASS,PASS,Bet OVER 8.5 (100.0%),YRFI (50.0%),0.5,0.0,0,,764.448,0.5,-0.83,0.0,-1.9,0,1.12,1.11,0.0,0.0,0.0,0.0,0.0,-1,0,0,0,0.0,0.0,0.0,0.0,-0.0009,0.0,0.0,0.489,0.0,0.0,0.0,0.0,0.0,0.0,0.0,0.0,1.0,0.0,21.5,0.0,0.0,0.0,0.0,,elo_diff=764.448▲;bullpen_availability_diff=21.5▲;bullpen_ip_diff=-1.9▲;park_factor=1.12▲;dynamic_park_factor=1.11▲,1,"bet365,draftkings"
823863,2026-05-22T23:10:00Z,Marlins,Mets,0.311,,1374.3485696304988,1625.9608026427416,PASS,PASS,Bet OVER 8.5 (100.0%),YRFI (50.0%),0.5,0.0,0,,-227.612,0.5,0.0,0.0,-2.0,0,0.88,0.872,0.0,0.0,0.0,0.0,0.0,0,0,1,1,0.0,0.0,0.0,0.0,-0.0009,0.0,0.0,0.491,0.0,0.0,0.0,0.0,0.0,0.0,0.0,0.0,1.0,0.0,36.0,0.0,0.0,0.0,0.0,,elo_diff=-227.612▼;bullpen_availability_diff=36.0▲;bullpen_ip_diff=-2.0▲;home_back2back=1▼;away_back2back=1▲,1,"bet365,draftkings"
824842,2026-05-22T23:15:00Z,Orioles,Tigers,0.752,,1734.5009614567978,1065.6453048604772,PASS,PASS,Bet OVER 8.5 (100.0%),YRFI (50.0%),0.5,0.0,0,,692.856,0.5,-0.33,0.0,1.8,0,1.08,1.071,0.0,0.0,0.0,0.0,0.0,0,0,0,1,0.0,0.0,0.0,0.0,-0.0009,0.0,0.0,0.529,0.0,0.0,0.0,0.0,0.0,0.0,0.0,0.0,1.0,0.0,-14.7,0.0,0.0,0.0,0.0,,elo_diff=692.856▲;bullpen_availability_diff=-14.7▼;bullpen_ip_diff=1.8▼;park_factor=1.08▲;dynamic_park_factor=1.071▲,1,"bet365,draftkings"
824922,2026-05-22T23:15:00Z,Braves,Nationals,0.855,,1928.7704743507777,1070.9201533759797,PASS,PASS,Bet OVER 8.5 (100.0%),YRFI (50.0%),0.5,0.0,0,,881.85,0.5,0.0,0.0,0.0,0,1.02,1.011,0.0,0.0,0.0,0.0,0.0,0,0,1,1,0.0,0.0,0.0,0.0,-0.0009,0.0,0.0,0.695,0.0,0.0,0.0,0.0,0.0,0.0,0.0,0.0,1.0,0.0,0,0.0,0.0,0.0,0.0,,elo_diff=881.85▲;park_factor=1.02▲;dynamic_park_factor=1.011▲;home_back2back=1▼;away_back2back=1▲,1,"bet365,draftkings"
824110,2026-05-22T23:40:00Z,Royals,Mariners,0.549,,1106.9816219812253,899.7201663441753,PASS,PASS,Bet OVER 8.5 (100.0%),YRFI (50.0%),0.5,0.0,0,,231.261,0.5,0.95,0.0,-2.2,0,1.03,1.021,0.0,0.0,0.0,0.0,0.0,-2,0,0,0,0.0,0.0,0.0,0.0,-0.0009,0.0,0.0,0.429,0.0,0.0,0.0,0.0,0.0,0.0,0.0,0.0,1.0,0.0,25.0,0.0,0.0,0.0,0.0,,elo_diff=231.261▲;bullpen_availability_diff=25.0▲;bullpen_ip_diff=-2.2▲;timezone_diff=-2▲;park_factor=1.03▲,0,"bet365,draftkings"
823788,2026-05-22T23:40:00Z,Brewers,Dodgers,0.639,,2102.0129071768997,1900.3445077144277,PASS,PASS,Bet OVER 8.5 (100.0%),YRFI (50.0%),0.5,0.0,0,,225.668,0.5,1.01,0.0,2.0,0,1.07,1.061,0.0,0.0,0.0,0.0,0.0,-2,0,0,0,0.0,0.0,0.0,0.0,-0.0009,0.0,0.0,0.497,0.0,0.0,0.0,0.0,0.0,0.0,0.0,0.0,1.0,0.0,-14.0,0.0,0.0,0.0,0.0,,elo_diff=225.668▲;bullpen_availability_diff=-14.0▼;bullpen_ip_diff=2.0▼;timezone_diff=-2▲;park_factor=1.07▲,0,"bet365,draftkings"
824029,2026-05-23T01:38:00Z,Angels,Rangers,0.05,,1281.2890257055305,1303.9217296081558,PASS,PASS,Bet OVER 8.5 (100.0%),YRFI (50.0%),0.5,0.0,0,,1.367,0.5,14.16,0.0,-1.2,0,0.94,0.932,0.0,0.0,0.0,0.0,0.0,2,0,1,0,0.0,0.0,0.0,0.0,-0.0009,0.0,0.0,0.349,0.0,0.0,0.0,0.0,0.0,0.0,0.0,0.0,1.0,0.0,0,0.0,0.0,0.0,0.0,,sp_era_diff=14.16▼;timezone_diff=2▼;elo_diff=1.367▲;bullpen_ip_diff=-1.2▲;home_back2back=1▼,1,"bet365,draftkings"
825082,2026-05-23T01:40:00Z,D-backs,Rockies,0.439,,1289.7273506914887,1457.158293515962,PASS,PASS,Bet OVER 8.5 (100.0%),YRFI (50.0%),0.5,0.0,0,,-143.431,0.5,-0.53,0.0,2.8,0,1.05,1.041,0.0,0.0,0.0,0.0,0.0,0,0,1,1,0.0,0.0,0.0,0.0,-0.0009,0.0,0.0,0.639,0.0,0.0,0.0,0.0,0.0,0.0,0.0,0.0,1.0,0.0,-4.7,0.0,0.0,0.0,0.0,,elo_diff=-143.431▼;bullpen_availability_diff=-4.7▼;bullpen_ip_diff=2.8▼;park_factor=1.05▲;dynamic_park_factor=1.041▲,0,"bet365,draftkings"
823298,2026-05-23T01:40:00Z,Padres,Athletics,0.265,,1303.129162369818,1650.2116786338352,PASS,Bet Padres -1.5 (100.0% cover),Bet OVER 8.5 (100.0%),YRFI (50.0%),0.5,0.0,0,,-323.083,0.5,1.08,0.0,0.0,0,0.87,0.862,0.0,0.0,0.0,0.0,0.0,0,0,0,1,0.0,0.0,0.0,0.0,-0.0009,0.0,0.025,0.582,0.0,0.0,0.0,-0.165,-0.071,0.0,0.0,0.0,1.0,0.0,7.7,0.0,0.0,0.0,0.0,,elo_diff=-323.083▼;bullpen_availability_diff=7.7▲;sp_era_diff=1.08▼;away_back2back=1▲;zone_size=1.0▲,1,"bet365,draftkings"
823223,2026-05-23T02:15:00Z,Giants,White Sox,0.483,,1894.1277795737456,1811.7032459945701,PASS,PASS,Bet OVER 8.5 (100.0%),YRFI (50.0%),0.5,0.0,0,,106.425,0.5,0.76,0.0,0.9,0,0.89,0.882,0.0,0.0,0.0,0.0,0.0,2,0,0,0,0.0,0.0,0.0,0.0,-0.0009,0.0,0.0,0.39,0.0,0.0,0.0,0.0,0.0,0.0,0.0,0.0,1.0,0.0,-5.9,0.0,0.0,0.0,0.0,,elo_diff=106.425▲;bullpen_availability_diff=-5.9▼;timezone_diff=2▼;zone_size=1.0▲;bullpen_ip_diff=0.9▼,0,"bet365,draftkings"
824679,2026-05-22T18:20:00Z,Cubs,Astros,0.305,,1383.293534859992,1392.3449753031775,PASS,PASS,Bet OVER 8.5 (100.0%),YRFI (50.0%),0.5,0.0,0,,14.949,0.5,3.47,0.0,-3.0,0,1.0,0.991,0.0,0.0,0.0,0.0,0.0,0,1,0,0,0.0,0.0,0.0,0.0,-0.0009,0.0,0.0,0.682,0.0,0.0,0.0,0.0,0.0,0.0,0.0,0.0,1.0,0.0,27.6,0.0,0.0,0.0,0.0,,bullpen_availability_diff=27.6▲;elo_diff=14.949▲;sp_era_diff=3.47▼;bullpen_ip_diff=-3.0▲;park_factor=1.0▲,1,"bet365,draftkings"
824518,2026-05-22T22:40:00Z,Reds,Cardinals,0.563,,2017.5273686645346,1094.7858506977618,PASS,PASS,Bet OVER 8.5 (100.0%),YRFI (50.0%),0.5,0.0,0,,946.742,0.5,3.13,0.0,1.0,0,1.1,1.09,0.0,0.0,0.0,0.0,0.0,-1,0,0,1,0.0,0.0,0.0,0.0,-0.0009,0.0,0.0,0.448,0.0,0.0,0.0,0.0,0.0,0.0,0.0,0.0,1.0,0.0,12.7,0.0,0.0,0.0,0.0,,elo_diff=946.742▲;bullpen_availability_diff=12.7▲;sp_era_diff=3.13▼;park_factor=1.1▲;dynamic_park_factor=1.09▲,0,"bet365,draftkings"
823461,2026-05-22T22:40:00Z,Phillies,Guardians,0.57,,1414.754516688596,1515.4108202815328,PASS,PASS,Bet OVER 8.5 (100.0%),YRFI (50.0%),0.5,0.0,0,,-76.656,0.5,-1.85,0.0,0.8,0,1.09,1.081,0.0,0.0,0.0,0.0,0.0,0,0,0,1,0.0,0.0,0.0,0.0,-0.0009,0.0,0.0,0.423,0.0,0.0,0.0,0.0,0.0,0.0,0.0,0.0,1.0,0.0,6.7,0.0,0.0,0.0,0.0,,elo_diff=-76.656▼;bullpen_availability_diff=6.7▲;sp_era_diff=-1.85▲;park_factor=1.09▲;dynamic_park_factor=1.081▲,0,"bet365,draftkings"
823546,2026-05-22T23:05:00Z,Yankees,Rays,0.5,,1304.2369744885887,1088.0750496858886,PASS,PASS,Bet OVER 8.5 (100.0%),YRFI (50.0%),0.5,0.0,0,,240.162,0.5,2.99,0.0,1.0,0,1.15,1.14,0.0,0.0,0.0,0.0,0.0,0,0,1,0,0.0,0.0,0.0,0.0,-0.0009,0.0,0.0,0.405,0.0,0.0,0.0,0.0,0.0,0.0,0.0,0.0,1.0,0.0,-33.7,0.0,0.0,0.0,0.0,,elo_diff=240.162▲;bullpen_availability_diff=-33.7▼;sp_era_diff=2.99▼;park_factor=1.15▲;dynamic_park_factor=1.14▲,0,"bet365,draftkings"
822816,2026-05-22T23:07:00Z,Blue Jays,Pirates,0.781,,2028.540690096033,1767.171683971159,PASS,PASS,Bet OVER 8.5 (100.0%),YRFI (50.0%),0.5,0.0,0,,285.369,0.5,-1.69,0.0,1.0,0,1.06,1.051,0.0,0.0,0.0,0.0,0.0,0,0,1,1,0.0,0.0,0.0,0.0,-0.0009,0.0,0.0,0.429,0.0,0.0,0.0,0.0,0.0,0.0,0.0,0.0,1.0,0.0,0,0.0,0.0,0.0,0.0,,elo_diff=285.369▲;sp_era_diff=-1.69▲;park_factor=1.06▲;dynamic_park_factor=1.051▲;bullpen_ip_diff=1.0▼,1,"bet365,draftkings"
824761,2026-05-22T23:10:00Z,Red Sox,Twins,0.805,,2007.1069835857,1214.5956823886943,PASS,PASS,Bet OVER 8.5 (100.0%),YRFI (50.0%),0.5,0.0,0,,816.511,0.5,-0.83,0.0,-1.9,0,1.12,1.11,0.0,0.0,0.0,0.0,0.0,-1,0,0,0,0.0,0.0,0.0,0.0,-0.0009,0.0,0.0,0.489,0.0,0.0,0.0,0.0,0.0,0.0,0.0,0.0,1.0,0.0,21.5,0.0,0.0,0.0,0.0,,elo_diff=816.511▲;bullpen_availability_diff=21.5▲;bullpen_ip_diff=-1.9▲;park_factor=1.12▲;dynamic_park_factor=1.11▲,1,"bet365,draftkings"
823863,2026-05-22T23:10:00Z,Marlins,Mets,0.443,,1471.2849079794707,1528.8938403162267,PASS,PASS,Bet OVER 8.5 (100.0%),YRFI (50.0%),0.5,0.0,0,,-33.609,0.5,0.0,0.0,-2.0,0,0.88,0.872,0.0,0.0,0.0,0.0,0.0,0,0,1,1,0.0,0.0,0.0,0.0,-0.0009,0.0,0.0,0.491,0.0,0.0,0.0,0.0,0.0,0.0,0.0,0.0,1.0,0.0,36.0,0.0,0.0,0.0,0.0,,bullpen_availability_diff=36.0▲;elo_diff=-33.609▼;bullpen_ip_diff=-2.0▲;home_back2back=1▼;away_back2back=1▲,0,"bet365,draftkings"
824842,2026-05-22T23:15:00Z,Orioles,Tigers,0.753,,1723.427130942797,1046.0699144831053,PASS,PASS,Bet OVER 8.5 (100.0%),YRFI (50.0%),0.5,0.0,0,,701.357,0.5,-0.33,0.0,1.8,0,1.08,1.071,0.0,0.0,0.0,0.0,0.0,0,0,0,1,0.0,0.0,0.0,0.0,-0.0009,0.0,0.0,0.529,0.0,0.0,0.0,0.0,0.0,0.0,0.0,0.0,1.0,0.0,-14.7,0.0,0.0,0.0,0.0,,elo_diff=701.357▲;bullpen_availability_diff=-14.7▼;bullpen_ip_diff=1.8▼;park_factor=1.08▲;dynamic_park_factor=1.071▲,1,"bet365,draftkings"
824922,2026-05-22T23:15:00Z,Braves,Nationals,0.856,,1946.7152646940053,1053.105987010295,PASS,PASS,Bet OVER 8.5 (100.0%),YRFI (50.0%),0.5,0.0,0,,917.609,0.5,0.0,0.0,0.0,0,1.02,1.011,0.0,0.0,0.0,0.0,0.0,0,0,1,1,0.0,0.0,0.0,0.0,-0.0009,0.0,0.0,0.695,0.0,0.0,0.0,0.0,0.0,0.0,0.0,0.0,1.0,0.0,0,0.0,0.0,0.0,0.0,,elo_diff=917.609▲;park_factor=1.02▲;dynamic_park_factor=1.011▲;home_back2back=1▼;away_back2back=1▲,1,"bet365,draftkings"
824110,2026-05-22T23:40:00Z,Royals,Mariners,0.577,,1132.717043435294,866.0872981154024,PASS,PASS,Bet OVER 8.5 (100.0%),YRFI (50.0%),0.5,0.0,0,,290.63,0.5,0.95,0.0,-2.2,0,1.03,1.021,0.0,0.0,0.0,0.0,0.0,-2,0,0,0,0.0,0.0,0.0,0.0,-0.0009,0.0,0.0,0.429,0.0,0.0,0.0,0.0,0.0,0.0,0.0,0.0,1.0,0.0,25.0,0.0,0.0,0.0,0.0,,elo_diff=290.63▲;bullpen_availability_diff=25.0▲;bullpen_ip_diff=-2.2▲;timezone_diff=-2▲;park_factor=1.03▲,0,"bet365,draftkings"
823788,2026-05-22T23:40:00Z,Brewers,Dodgers,0.664,,2140.8178131066393,1888.412410881866,PASS,PASS,Bet OVER 8.5 (100.0%),YRFI (50.0%),0.5,0.0,0,,276.405,0.5,1.01,0.0,2.0,0,1.07,1.061,0.0,0.0,0.0,0.0,0.0,-2,0,0,0,0.0,0.0,0.0,0.0,-0.0009,0.0,0.0,0.497,0.0,0.0,0.0,0.0,0.0,0.0,0.0,0.0,1.0,0.0,-14.0,0.0,0.0,0.0,0.0,,elo_diff=276.405▲;bullpen_availability_diff=-14.0▼;bullpen_ip_diff=2.0▼;timezone_diff=-2▲;park_factor=1.07▲,1,"bet365,draftkings"
824029,2026-05-23T01:38:00Z,Angels,Rangers,0.05,,1298.2094732643832,1247.1378607471909,PASS,PASS,Bet OVER 8.5 (100.0%),YRFI (50.0%),0.5,0.0,0,,75.072,0.5,14.16,0.0,-1.2,0,0.94,0.932,0.0,0.0,0.0,0.0,0.0,2,0,1,0,0.0,0.0,0.0,0.0,-0.0009,0.0,0.0,0.349,0.0,0.0,0.0,0.0,0.0,0.0,0.0,0.0,1.0,0.0,0,0.0,0.0,0.0,0.0,,elo_diff=75.072▲;sp_era_diff=14.16▼;timezone_diff=2▼;bullpen_ip_diff=-1.2▲;home_back2back=1▼,1,"bet365,draftkings"
825082,2026-05-23T01:40:00Z,D-backs,Rockies,0.484,,1313.300270930544,1418.2194078133696,PASS,PASS,Bet OVER 8.5 (100.0%),YRFI (50.0%),0.5,0.0,0,,-80.919,0.5,-0.53,0.0,2.8,0,1.05,1.041,0.0,0.0,0.0,0.0,0.0,0,0,1,1,0.0,0.0,0.0,0.0,-0.0009,0.0,0.0,0.639,0.0,0.0,0.0,0.0,0.0,0.0,0.0,0.0,1.0,0.0,-4.7,0.0,0.0,0.0,0.0,,elo_diff=-80.919▼;bullpen_availability_diff=-4.7▼;bullpen_ip_diff=2.8▼;park_factor=1.05▲;dynamic_park_factor=1.041▲,0,"bet365,draftkings"
823298,2026-05-23T01:40:00Z,Padres,Athletics,0.359,,1416.958276199078,1583.5351071623923,PASS,Bet Padres -1.5 (100.0% cover),Bet OVER 8.5 (100.0%),YRFI (50.0%),0.5,0.0,0,,-142.577,0.5,1.08,0.0,0.0,0,0.87,0.862,0.0,0.0,0.0,0.0,0.0,0,0,0,1,0.0,0.0,0.0,0.0,-0.0009,0.0,0.025,0.582,0.0,0.0,0.0,-0.165,-0.071,0.0,0.0,0.0,1.0,0.0,7.7,0.0,0.0,0.0,0.0,,elo_diff=-142.577▼;bullpen_availability_diff=7.7▲;sp_era_diff=1.08▼;away_back2back=1▲;zone_size=1.0▲,0,"bet365,draftkings"
823223,2026-05-23T02:15:00Z,Giants,White Sox,0.54,,1932.52476348018,1764.7390987260937,PASS,PASS,Bet OVER 8.5 (100.0%),YRFI (50.0%),0.5,0.0,0,,191.786,0.5,0.76,0.0,0.9,0,0.89,0.882,0.0,0.0,0.0,0.0,0.0,2,0,0,0,0.0,0.0,0.0,0.0,-0.0009,0.0,0.0,0.39,0.0,0.0,0.0,0.0,0.0,0.0,0.0,0.0,1.0,0.0,-5.9,0.0,0.0,0.0,0.0,,elo_diff=191.786▲;bullpen_availability_diff=-5.9▼;timezone_diff=2▼;zone_size=1.0▲;bullpen_ip_diff=0.9▼,0,"bet365,draftkings"
