odds_snapshot_id,pipeline_version,game_id,game_date,start_time,captured_at,minutes_to_start,home_team,away_team,bookmaker,bookmaker_key,bookmaker_last_update,market,side,line,odds,odds_quality_status,suspicious_odds_reason,starting_pitcher_confirmed,lineup_confirmed,is_pregame,is_opening_snapshot,is_closing_snapshot,settled_at,home_win,home_score,away_score
50d5de710ba12bebefe6cf52f7598c60a14fc37490cbbc7e987ef7ee75319795,baseline_v2_clean,824272,2026-05-28,2026-05-28T17:10:00Z,2026-05-28T08:39:49.869281Z,510.169,Tigers,Angels,FanDuel,fanduel,2026-05-28T08:39:37Z,moneyline,home,,1.77,OK,,,,True,True,False,,,,
3d83da1b52085b1853336248a0a8b9a5ed76704b147b66a637fa8820ec5e24a9,baseline_v2_clean,824272,2026-05-28,2026-05-28T17:10:00Z,2026-05-28T08:39:49.869281Z,510.169,Tigers,Angels,FanDuel,fanduel,2026-05-28T08:39:37Z,moneyline,away,,2.1,OK,,,,True,True,False,,,,
c44086b2ff25fbfeb563d73dfc284a833c7410002216f522d001b877147c95ce,baseline_v2_clean,824272,2026-05-28,2026-05-28T17:10:00Z,2026-05-28T08:39:49.869281Z,510.169,Tigers,Angels,FanDuel,fanduel,2026-05-28T08:39:37Z,spread,home,-1.5,2.55,OK,,,,True,True,False,,,,
7f300ffd9663cdcdd328f3888dc7b6d4aa30385d71763d340f21ded73ecb7e94,baseline_v2_clean,824272,2026-05-28,2026-05-28T17:10:00Z,2026-05-28T08:39:49.869281Z,510.169,Tigers,Angels,FanDuel,fanduel,2026-05-28T08:39:37Z,total,over,9.0,1.94,OK,,,,True,True,False,,,,
7f0ab0d5ac6d45152d528897de40171a75cf2f9c688bc44e370288278e77da56,baseline_v2_clean,824272,2026-05-28,2026-05-28T17:10:00Z,2026-05-28T08:39:49.869281Z,510.169,Tigers,Angels,FanDuel,fanduel,2026-05-28T08:39:37Z,total,under,9.0,1.88,OK,,,,True,True,False,,,,
1b785202e2cbfc1395dcc1855956224ecd7778414ef8176dbfe7726830acf441,baseline_v2_clean,824272,2026-05-28,2026-05-28T17:10:00Z,2026-05-28T08:39:49.869281Z,510.169,Tigers,Angels,DraftKings,draftkings,2026-05-28T08:38:58Z,moneyline,home,,1.76,OK,,,,True,True,False,,,,
b06af65e42163373a999f6f7db78e2321e1ccca23a5a4e22c21c76ce27375bd3,baseline_v2_clean,824272,2026-05-28,2026-05-28T17:10:00Z,2026-05-28T08:39:49.869281Z,510.169,Tigers,Angels,DraftKings,draftkings,2026-05-28T08:38:58Z,moneyline,away,,2.09,OK,,,,True,True,False,,,,
97d868c51fa245397ae53edc2f3a293f15a09041f19bda675f5d959c2b25920e,baseline_v2_clean,824272,2026-05-28,2026-05-28T17:10:00Z,2026-05-28T08:39:49.869281Z,510.169,Tigers,Angels,DraftKings,draftkings,2026-05-28T08:38:58Z,spread,home,-1.5,2.53,OK,,,,True,True,False,,,,
8d50843dd4ff469d58712dd653712988dd91a8408738fe48783b45d82b403b33,baseline_v2_clean,824272,2026-05-28,2026-05-28T17:10:00Z,2026-05-28T08:39:49.869281Z,510.169,Tigers,Angels,DraftKings,draftkings,2026-05-28T08:38:58Z,total,over,9.0,2.0,OK,,,,True,True,False,,,,
f04d84a798b38e3f27961fe7758a296d2298e149551a36113de3363cd9683519,baseline_v2_clean,824272,2026-05-28,2026-05-28T17:10:00Z,2026-05-28T08:39:49.869281Z,510.169,Tigers,Angels,DraftKings,draftkings,2026-05-28T08:38:58Z,total,under,9.0,1.83,OK,,,,True,True,False,,,,
6f1d9bf279656356884c4fa9089ec38bdfc7ba56ae98a73f13c722bad588cf34,baseline_v2_clean,824272,2026-05-28,2026-05-28T17:10:00Z,2026-05-28T08:39:49.869281Z,510.169,Tigers,Angels,BetMGM,betmgm,2026-05-28T08:37:43Z,moneyline,home,,1.74,OK,,,,True,True,False,,,,
bf4c4a42218aea211a33a21e9b8b6095856871d9a9431e2e9646d91b4292219d,baseline_v2_clean,824272,2026-05-28,2026-05-28T17:10:00Z,2026-05-28T08:39:49.869281Z,510.169,Tigers,Angels,BetMGM,betmgm,2026-05-28T08:37:43Z,moneyline,away,,2.1,OK,,,,True,True,False,,,,
f79058b1ae7606893c4e2439b5c11644c3bf2647ab88ace2380d201c8d30862e,baseline_v2_clean,824272,2026-05-28,2026-05-28T17:10:00Z,2026-05-28T08:39:49.869281Z,510.169,Tigers,Angels,BetMGM,betmgm,2026-05-28T08:37:43Z,spread,home,-1.5,2.5,OK,,,,True,True,False,,,,
43bed3858cf569d3bd8175d3ce52ebf8e8ac5743a12c8ef49fa01a8b26a5f894,baseline_v2_clean,824272,2026-05-28,2026-05-28T17:10:00Z,2026-05-28T08:39:49.869281Z,510.169,Tigers,Angels,BetMGM,betmgm,2026-05-28T08:37:43Z,total,over,9.0,2.0,OK,,,,True,True,False,,,,
0fd21abb123480797ed9371f443c8e581f1aa0e27df5a325508e80d05e3413c7,baseline_v2_clean,824272,2026-05-28,2026-05-28T17:10:00Z,2026-05-28T08:39:49.869281Z,510.169,Tigers,Angels,BetMGM,betmgm,2026-05-28T08:37:43Z,total,under,9.0,1.83,OK,,,,True,True,False,,,,
ac8f9420b28ab81926ce9c8a987798a5fc27ce7f6302527344a88d22a7b37ce4,baseline_v2_clean,824595,2026-05-28,2026-05-28T18:10:00Z,2026-05-28T08:39:49.869281Z,570.169,White Sox,Twins,FanDuel,fanduel,2026-05-28T08:39:37Z,moneyline,home,,1.77,OK,,,,True,True,False,,,,
3658e07eae4d8d781f200c80fd4390aadd27748b6c09b581189b0f6473eb499d,baseline_v2_clean,824595,2026-05-28,2026-05-28T18:10:00Z,2026-05-28T08:39:49.869281Z,570.169,White Sox,Twins,FanDuel,fanduel,2026-05-28T08:39:37Z,moneyline,away,,2.1,OK,,,,True,True,False,,,,
b6360a191933f03a27486d2d00170ce983c9c5e15da7f7c764502f2cd41bc81d,baseline_v2_clean,824595,2026-05-28,2026-05-28T18:10:00Z,2026-05-28T08:39:49.869281Z,570.169,White Sox,Twins,FanDuel,fanduel,2026-05-28T08:39:37Z,spread,home,-1.5,2.52,OK,,,,True,True,False,,,,
81d891d4a6e1a766c04f60bab6ee3eff2dd19f0461820307a610cf4af3e1d801,baseline_v2_clean,824595,2026-05-28,2026-05-28T18:10:00Z,2026-05-28T08:39:49.869281Z,570.169,White Sox,Twins,FanDuel,fanduel,2026-05-28T08:39:37Z,total,over,7.5,1.83,OK,,,,True,True,False,,,,
f0ccf073a67644e450573c09cc496addbca05303725894654f60bcb53be1aae1,baseline_v2_clean,824595,2026-05-28,2026-05-28T18:10:00Z,2026-05-28T08:39:49.869281Z,570.169,White Sox,Twins,FanDuel,fanduel,2026-05-28T08:39:37Z,total,under,7.5,1.98,OK,,,,True,True,False,,,,
02a717d3f72ed6b8b8e2705c7e0c34d19ad64ba1b3ffb08ea5c1d112ed4edd16,baseline_v2_clean,824595,2026-05-28,2026-05-28T18:10:00Z,2026-05-28T08:39:49.869281Z,570.169,White Sox,Twins,DraftKings,draftkings,2026-05-28T08:38:58Z,moneyline,home,,1.7,OK,,,,True,True,False,,,,
52d44b640087e2a1c4bea7fa10a7be0e5253ef1cc57746f83862a9c09701332e,baseline_v2_clean,824595,2026-05-28,2026-05-28T18:10:00Z,2026-05-28T08:39:49.869281Z,570.169,White Sox,Twins,DraftKings,draftkings,2026-05-28T08:38:58Z,moneyline,away,,2.18,OK,,,,True,True,False,,,,
0d48a953bb0124739f0be125ff8b3c03d8d0b84897d930ff228f7002b33915f6,baseline_v2_clean,824595,2026-05-28,2026-05-28T18:10:00Z,2026-05-28T08:39:49.869281Z,570.169,White Sox,Twins,DraftKings,draftkings,2026-05-28T08:38:58Z,spread,home,-1.5,2.5,OK,,,,True,True,False,,,,
bb63eae423ade6614eb815881b5388437b346b5bea96d61f97a1a0dce9db43f4,baseline_v2_clean,824595,2026-05-28,2026-05-28T18:10:00Z,2026-05-28T08:39:49.869281Z,570.169,White Sox,Twins,DraftKings,draftkings,2026-05-28T08:38:58Z,total,over,8.0,1.95,OK,,,,True,True,False,,,,
9cc93b29567cedbf8f6a184a827789471dbd869345c478f8172bed3e0564b652,baseline_v2_clean,824595,2026-05-28,2026-05-28T18:10:00Z,2026-05-28T08:39:49.869281Z,570.169,White Sox,Twins,DraftKings,draftkings,2026-05-28T08:38:58Z,total,under,8.0,1.87,OK,,,,True,True,False,,,,
be89ad0985310b908a1078ae256d19ba3bb3655df3f7730ed65cc91084cf3659,baseline_v2_clean,824595,2026-05-28,2026-05-28T18:10:00Z,2026-05-28T08:39:49.869281Z,570.169,White Sox,Twins,BetMGM,betmgm,2026-05-28T08:37:43Z,moneyline,home,,1.69,OK,,,,True,True,False,,,,
25477796c315c88da11ec37dfced412a6d7063d4d3098bdab374edcbc2b5b4cd,baseline_v2_clean,824595,2026-05-28,2026-05-28T18:10:00Z,2026-05-28T08:39:49.869281Z,570.169,White Sox,Twins,BetMGM,betmgm,2026-05-28T08:37:43Z,moneyline,away,,2.2,OK,,,,True,True,False,,,,
7e96aeacf7dcb078e450d92ae6ef6ccf0e6f609c02d1a208f7d13e90a91d9bb8,baseline_v2_clean,824595,2026-05-28,2026-05-28T18:10:00Z,2026-05-28T08:39:49.869281Z,570.169,White Sox,Twins,BetMGM,betmgm,2026-05-28T08:37:43Z,total,over,8.0,1.95,OK,,,,True,True,False,,,,
05ae2bbc82724df988f772aa690678d900d0f2145f63d76ee5be3b80cace1baa,baseline_v2_clean,824595,2026-05-28,2026-05-28T18:10:00Z,2026-05-28T08:39:49.869281Z,570.169,White Sox,Twins,BetMGM,betmgm,2026-05-28T08:37:43Z,total,under,8.0,1.87,OK,,,,True,True,False,,,,
dd751012aa808a412ade47b568a54b61d0c6fae35fbc9ba18f688478c8d595e2,baseline_v2_clean,824757,2026-05-28,2026-05-28T20:10:00Z,2026-05-28T08:39:49.869281Z,690.169,Red Sox,Braves,FanDuel,fanduel,2026-05-28T08:39:37Z,moneyline,home,,2.18,OK,,,,True,True,False,,,,
6b1372e0a9f4f4e1e76df87a57564921393e60e358f59b057c352b50496f4a12,baseline_v2_clean,824757,2026-05-28,2026-05-28T20:10:00Z,2026-05-28T08:39:49.869281Z,690.169,Red Sox,Braves,FanDuel,fanduel,2026-05-28T08:39:37Z,moneyline,away,,1.72,OK,,,,True,True,False,,,,
b2664f639d3de64797a2b7e13a021b5f8f6a2dc21bb4c8a5028ecc2f67e5f2ae,baseline_v2_clean,824757,2026-05-28,2026-05-28T20:10:00Z,2026-05-28T08:39:49.869281Z,690.169,Red Sox,Braves,FanDuel,fanduel,2026-05-28T08:39:37Z,spread,home,1.5,1.66,OK,,,,True,True,False,,,,
1d69c78515327c3fae7b2dccbe3fa555c324b2917e12911282113846585ddec0,baseline_v2_clean,824757,2026-05-28,2026-05-28T20:10:00Z,2026-05-28T08:39:49.869281Z,690.169,Red Sox,Braves,FanDuel,fanduel,2026-05-28T08:39:37Z,total,over,7.5,2.04,OK,,,,True,True,False,,,,
3a2371f0fba8f248308fe839720fa3353d7e823d305dadae6745a16a8e72dcc7,baseline_v2_clean,824757,2026-05-28,2026-05-28T20:10:00Z,2026-05-28T08:39:49.869281Z,690.169,Red Sox,Braves,FanDuel,fanduel,2026-05-28T08:39:37Z,total,under,7.5,1.78,OK,,,,True,True,False,,,,
d780e5ecd1fb2a935923ce1a773c8bfc0e4aca97fccd01379574612bd25a344a,baseline_v2_clean,824757,2026-05-28,2026-05-28T20:10:00Z,2026-05-28T08:39:49.869281Z,690.169,Red Sox,Braves,DraftKings,draftkings,2026-05-28T08:38:58Z,moneyline,home,,2.19,OK,,,,True,True,False,,,,
f4bcd3921ea0be2f54524ce99b1ee11c7c7ee200966e7ae52f9d7e456557ce5a,baseline_v2_clean,824757,2026-05-28,2026-05-28T20:10:00Z,2026-05-28T08:39:49.869281Z,690.169,Red Sox,Braves,DraftKings,draftkings,2026-05-28T08:38:58Z,moneyline,away,,1.69,OK,,,,True,True,False,,,,
abd1e27e51d574ec8b033345ce5464361e5f9e0f69b3724f97b3ced7b11f002a,baseline_v2_clean,824757,2026-05-28,2026-05-28T20:10:00Z,2026-05-28T08:39:49.869281Z,690.169,Red Sox,Braves,DraftKings,draftkings,2026-05-28T08:38:58Z,spread,home,1.5,1.7,OK,,,,True,True,False,,,,
3bfcc3ec431b30a6962164169803cbf79fbbe0ccec17bbe1ba5bc9c078a158fc,baseline_v2_clean,824757,2026-05-28,2026-05-28T20:10:00Z,2026-05-28T08:39:49.869281Z,690.169,Red Sox,Braves,DraftKings,draftkings,2026-05-28T08:38:58Z,total,over,7.0,1.84,OK,,,,True,True,False,,,,
ef3eef815587865b49ca8ce436328aef87fe459c18df2d4fbc5cc69dae35ff10,baseline_v2_clean,824757,2026-05-28,2026-05-28T20:10:00Z,2026-05-28T08:39:49.869281Z,690.169,Red Sox,Braves,DraftKings,draftkings,2026-05-28T08:38:58Z,total,under,7.0,1.99,OK,,,,True,True,False,,,,
ca551ba61842ec7b71c1a10371970fa9d8668ac1bfbfc83e52a1a49df6054949,baseline_v2_clean,824757,2026-05-28,2026-05-28T20:10:00Z,2026-05-28T08:39:49.869281Z,690.169,Red Sox,Braves,BetMGM,betmgm,2026-05-28T08:37:43Z,moneyline,home,,2.2,OK,,,,True,True,False,,,,
66bf89a015d08d6d1f5b455cdba170ade1b40cddfa8656086e7ca1e9fa0b3d94,baseline_v2_clean,824757,2026-05-28,2026-05-28T20:10:00Z,2026-05-28T08:39:49.869281Z,690.169,Red Sox,Braves,BetMGM,betmgm,2026-05-28T08:37:43Z,moneyline,away,,1.69,OK,,,,True,True,False,,,,
7bf596a72e49f9c1de84dfe60d608ec8f9e4d87b466f47820bff1056ff280d37,baseline_v2_clean,824757,2026-05-28,2026-05-28T20:10:00Z,2026-05-28T08:39:49.869281Z,690.169,Red Sox,Braves,BetMGM,betmgm,2026-05-28T08:37:43Z,spread,home,1.5,1.69,OK,,,,True,True,False,,,,
c98aaa71490b9b53028b4ab44443fc7bb5167d025c0d6c0632a52a9d5a04e3da,baseline_v2_clean,824757,2026-05-28,2026-05-28T20:10:00Z,2026-05-28T08:39:49.869281Z,690.169,Red Sox,Braves,BetMGM,betmgm,2026-05-28T08:37:43Z,total,over,7.0,1.77,OK,,,,True,True,False,,,,
452d0255d8d14e58e935d240ad951aed8baa1c66fa51cea8a3682f5d7e22cba5,baseline_v2_clean,824757,2026-05-28,2026-05-28T20:10:00Z,2026-05-28T08:39:49.869281Z,690.169,Red Sox,Braves,BetMGM,betmgm,2026-05-28T08:37:43Z,total,under,7.0,2.05,OK,,,,True,True,False,,,,
35bf8109483f513d953257b73a196876d15c25d200ca4fd5963c34e9a7f3e29d,baseline_v2_clean,824834,2026-05-28,2026-05-28T22:35:00Z,2026-05-28T08:39:49.869281Z,835.169,Orioles,Blue Jays,FanDuel,fanduel,2026-05-28T08:39:37Z,moneyline,home,,1.79,OK,,,,True,True,False,,,,
9743411ef344e35c35910d13432c7260d2e4aa572d8a1fd08068769c3c938b73,baseline_v2_clean,824834,2026-05-28,2026-05-28T22:35:00Z,2026-05-28T08:39:49.869281Z,835.169,Orioles,Blue Jays,FanDuel,fanduel,2026-05-28T08:39:37Z,moneyline,away,,2.08,OK,,,,True,True,False,,,,
be69cfd9fc7f2c7c23f1d63b97558fa3686d65d54b8fb5e1ced296fc969abd3f,baseline_v2_clean,824834,2026-05-28,2026-05-28T22:35:00Z,2026-05-28T08:39:49.869281Z,835.169,Orioles,Blue Jays,FanDuel,fanduel,2026-05-28T08:39:37Z,spread,home,-1.5,2.64,OK,,,,True,True,False,,,,
77ca4311dd8c6f335c1d06608ddb6c42db12836ff1a84cbca57fdca0919a21d5,baseline_v2_clean,824834,2026-05-28,2026-05-28T22:35:00Z,2026-05-28T08:39:49.869281Z,835.169,Orioles,Blue Jays,FanDuel,fanduel,2026-05-28T08:39:37Z,total,over,8.5,1.87,OK,,,,True,True,False,,,,
4a9f4664c9608295296403b6bf07d756463d9156b9f18f41546fe06f3bc3c289,baseline_v2_clean,824834,2026-05-28,2026-05-28T22:35:00Z,2026-05-28T08:39:49.869281Z,835.169,Orioles,Blue Jays,FanDuel,fanduel,2026-05-28T08:39:37Z,total,under,8.5,1.95,OK,,,,True,True,False,,,,
6951005b0aaa17d11ce3374d19023bd9be901a432ff477e893411007140b179e,baseline_v2_clean,824834,2026-05-28,2026-05-28T22:35:00Z,2026-05-28T08:39:49.869281Z,835.169,Orioles,Blue Jays,DraftKings,draftkings,2026-05-28T08:38:58Z,moneyline,home,,1.76,OK,,,,True,True,False,,,,
7bc555764a4b8892747d8d98b8734984d71522b7dd769a5712327bee9687c089,baseline_v2_clean,824834,2026-05-28,2026-05-28T22:35:00Z,2026-05-28T08:39:49.869281Z,835.169,Orioles,Blue Jays,DraftKings,draftkings,2026-05-28T08:38:58Z,moneyline,away,,2.08,OK,,,,True,True,False,,,,
02dd4499fb819da55add8d8bf9f9f5151781cf73502295a152020754b445d607,baseline_v2_clean,824834,2026-05-28,2026-05-28T22:35:00Z,2026-05-28T08:39:49.869281Z,835.169,Orioles,Blue Jays,DraftKings,draftkings,2026-05-28T08:38:58Z,spread,home,-1.5,2.53,OK,,,,True,True,False,,,,
2ac11fb6f8f06f7d26cc1aafdfb7388fabdc99461ba9647e6273bb398c551b1f,baseline_v2_clean,824834,2026-05-28,2026-05-28T22:35:00Z,2026-05-28T08:39:49.869281Z,835.169,Orioles,Blue Jays,DraftKings,draftkings,2026-05-28T08:38:58Z,total,over,8.5,1.85,OK,,,,True,True,False,,,,
cab7b60919256e48fcf88fd10b6a7d7fd29b0e25fab90a84ff802704636d7d23,baseline_v2_clean,824834,2026-05-28,2026-05-28T22:35:00Z,2026-05-28T08:39:49.869281Z,835.169,Orioles,Blue Jays,DraftKings,draftkings,2026-05-28T08:38:58Z,total,under,8.5,1.98,OK,,,,True,True,False,,,,
79de40fc623bbba06dcaf9bbe0906a2ddffa3864f336dcd96f5a5dcf5a54e7c2,baseline_v2_clean,824834,2026-05-28,2026-05-28T22:35:00Z,2026-05-28T08:39:49.869281Z,835.169,Orioles,Blue Jays,BetMGM,betmgm,2026-05-28T08:37:43Z,moneyline,home,,1.74,OK,,,,True,True,False,,,,
821fbf506665dd7d6a040573541decd22559fe317e9ebaaca4d11a89590806f3,baseline_v2_clean,824834,2026-05-28,2026-05-28T22:35:00Z,2026-05-28T08:39:49.869281Z,835.169,Orioles,Blue Jays,BetMGM,betmgm,2026-05-28T08:37:43Z,moneyline,away,,2.1,OK,,,,True,True,False,,,,
b18cedd474b3fdcae7b1aff02aadc8f3410666c292deb8aaf56125d8f5fd40e6,baseline_v2_clean,824834,2026-05-28,2026-05-28T22:35:00Z,2026-05-28T08:39:49.869281Z,835.169,Orioles,Blue Jays,BetMGM,betmgm,2026-05-28T08:37:43Z,spread,home,-1.5,2.5,OK,,,,True,True,False,,,,
419f883fb8154eb785c30531fd6f118707baf559c4753fe40dfb361bfcf615ba,baseline_v2_clean,824834,2026-05-28,2026-05-28T22:35:00Z,2026-05-28T08:39:49.869281Z,835.169,Orioles,Blue Jays,BetMGM,betmgm,2026-05-28T08:37:43Z,total,over,8.5,1.85,OK,,,,True,True,False,,,,
7004a31e788ea97b7f20ab2e4bc30ef296559787d151b88e5b3005c5522586bf,baseline_v2_clean,824834,2026-05-28,2026-05-28T22:35:00Z,2026-05-28T08:39:49.869281Z,835.169,Orioles,Blue Jays,BetMGM,betmgm,2026-05-28T08:37:43Z,total,under,8.5,1.98,OK,,,,True,True,False,,,,
6d40e4b5a3d1c465a7e4503ff33e335cca536cb32433f60c66ded6b6d7226d97,baseline_v2_clean,823378,2026-05-28,2026-05-28T22:40:00Z,2026-05-28T08:39:49.869281Z,840.169,Pirates,Cubs,FanDuel,fanduel,2026-05-28T08:39:37Z,moneyline,home,,1.57,OK,,,,True,True,False,,,,
6b49a6ae3b90559ee708306c47360dafe3e0c529ba9ad3b82d2f7ff419be83db,baseline_v2_clean,823378,2026-05-28,2026-05-28T22:40:00Z,2026-05-28T08:39:49.869281Z,840.169,Pirates,Cubs,FanDuel,fanduel,2026-05-28T08:39:37Z,moneyline,away,,2.46,OK,,,,True,True,False,,,,
5985485e68303c407c289caacb1e6334e320f6442a8b89ec8f718a5434b7ed4a,baseline_v2_clean,823378,2026-05-28,2026-05-28T22:40:00Z,2026-05-28T08:39:49.869281Z,840.169,Pirates,Cubs,FanDuel,fanduel,2026-05-28T08:39:37Z,spread,home,-1.5,2.22,OK,,,,True,True,False,,,,
dd491242ea4ab8494f12d05550bf2afe5da07f77133eb192835633e4690ff60a,baseline_v2_clean,823378,2026-05-28,2026-05-28T22:40:00Z,2026-05-28T08:39:49.869281Z,840.169,Pirates,Cubs,FanDuel,fanduel,2026-05-28T08:39:37Z,total,over,7.5,1.95,OK,,,,True,True,False,,,,
2f232fe07040aed45ac52c66f122bbd0319b7084e6affcc1ec86fe320d880623,baseline_v2_clean,823378,2026-05-28,2026-05-28T22:40:00Z,2026-05-28T08:39:49.869281Z,840.169,Pirates,Cubs,FanDuel,fanduel,2026-05-28T08:39:37Z,total,under,7.5,1.87,OK,,,,True,True,False,,,,
64680b0d2aa5aa648fb1f5853b73be5d338cd234f821e6779affd0806dc7a528,baseline_v2_clean,823378,2026-05-28,2026-05-28T22:40:00Z,2026-05-28T08:39:49.869281Z,840.169,Pirates,Cubs,DraftKings,draftkings,2026-05-28T08:38:58Z,moneyline,home,,1.57,OK,,,,True,True,False,,,,
b61802f436feb27bd0e4ad1e023b366f47b9f9a0a5c0248a3eb519a95483e2da,baseline_v2_clean,823378,2026-05-28,2026-05-28T22:40:00Z,2026-05-28T08:39:49.869281Z,840.169,Pirates,Cubs,DraftKings,draftkings,2026-05-28T08:38:58Z,moneyline,away,,2.44,OK,,,,True,True,False,,,,
8e0977f9a5d7ebaec0e256bde9cf68efbbf1715c6677b86e1a6009ba9ca6387b,baseline_v2_clean,823378,2026-05-28,2026-05-28T22:40:00Z,2026-05-28T08:39:49.869281Z,840.169,Pirates,Cubs,DraftKings,draftkings,2026-05-28T08:38:58Z,spread,home,-1.5,2.28,OK,,,,True,True,False,,,,
e75f05e6c2026419c2e60f07c70f795e243ff48fafc139486b23f41e6d333f44,baseline_v2_clean,823378,2026-05-28,2026-05-28T22:40:00Z,2026-05-28T08:39:49.869281Z,840.169,Pirates,Cubs,DraftKings,draftkings,2026-05-28T08:38:58Z,total,over,7.5,1.91,OK,,,,True,True,False,,,,
c734ced1b708e41cef977bf0a442b8ac274fba2c007adb03b94a5f162be82608,baseline_v2_clean,823378,2026-05-28,2026-05-28T22:40:00Z,2026-05-28T08:39:49.869281Z,840.169,Pirates,Cubs,DraftKings,draftkings,2026-05-28T08:38:58Z,total,under,7.5,1.92,OK,,,,True,True,False,,,,
fc9ab8efecb2b350b702ade63188d76b00d54e30d04629aff51e510aabde7f87,baseline_v2_clean,823378,2026-05-28,2026-05-28T22:40:00Z,2026-05-28T08:39:49.869281Z,840.169,Pirates,Cubs,BetMGM,betmgm,2026-05-28T08:37:43Z,moneyline,home,,1.56,OK,,,,True,True,False,,,,
b6a899877d9fe5964830d49a9eb2f09788b773c84283f7d9d8d7f80779c13fb3,baseline_v2_clean,823378,2026-05-28,2026-05-28T22:40:00Z,2026-05-28T08:39:49.869281Z,840.169,Pirates,Cubs,BetMGM,betmgm,2026-05-28T08:37:43Z,moneyline,away,,2.45,OK,,,,True,True,False,,,,
84ee4dd4f2870697d48b97c621ec78a00b3d9f194bae159699332cb1a9a05547,baseline_v2_clean,823378,2026-05-28,2026-05-28T22:40:00Z,2026-05-28T08:39:49.869281Z,840.169,Pirates,Cubs,BetMGM,betmgm,2026-05-28T08:37:43Z,spread,home,-1.5,2.25,OK,,,,True,True,False,,,,
9d63952c369079d22f6fd98d57dfa25cc5c5279b45314a7733743b9ad2f0da1a,baseline_v2_clean,823378,2026-05-28,2026-05-28T22:40:00Z,2026-05-28T08:39:49.869281Z,840.169,Pirates,Cubs,BetMGM,betmgm,2026-05-28T08:37:43Z,total,over,7.5,1.91,OK,,,,True,True,False,,,,
540e40abcceb376026c08c609fa9f2e588cbcae8e106eebf705cbf1e881d3cd5,baseline_v2_clean,823378,2026-05-28,2026-05-28T22:40:00Z,2026-05-28T08:39:49.869281Z,840.169,Pirates,Cubs,BetMGM,betmgm,2026-05-28T08:37:43Z,total,under,7.5,1.91,OK,,,,True,True,False,,,,
1d6c2c21027ba43a78069f047f969dd33853f9ebda3a24a911fd1b294a6f57e1,baseline_v2_clean,822896,2026-05-29,2026-05-29T00:05:00Z,2026-05-28T08:39:49.869281Z,925.169,Rangers,Astros,FanDuel,fanduel,2026-05-28T08:39:37Z,moneyline,home,,1.66,OK,,,,True,True,False,,,,
702b9e3797bc6fb5fd2390630ab1daec552571a886aadd2152c4f4d0a94987dd,baseline_v2_clean,822896,2026-05-29,2026-05-29T00:05:00Z,2026-05-28T08:39:49.869281Z,925.169,Rangers,Astros,FanDuel,fanduel,2026-05-28T08:39:37Z,moneyline,away,,2.28,OK,,,,True,True,False,,,,
1d922fdc8e06da5c9850e15ec5d5c14307f923035ac4f430812e0cbe617db7f5,baseline_v2_clean,822896,2026-05-29,2026-05-29T00:05:00Z,2026-05-28T08:39:49.869281Z,925.169,Rangers,Astros,FanDuel,fanduel,2026-05-28T08:39:37Z,spread,home,-1.5,2.46,OK,,,,True,True,False,,,,
95f11684d7e4b356ea372c40845ba9fc0e1e25ffe9c229733ca8da5dbaf6a341,baseline_v2_clean,822896,2026-05-29,2026-05-29T00:05:00Z,2026-05-28T08:39:49.869281Z,925.169,Rangers,Astros,FanDuel,fanduel,2026-05-28T08:39:37Z,total,over,7.5,1.94,OK,,,,True,True,False,,,,
3994b8bcb3215a9d9afe34fb8e18efc314e132b865d132b890303e344714c31e,baseline_v2_clean,822896,2026-05-29,2026-05-29T00:05:00Z,2026-05-28T08:39:49.869281Z,925.169,Rangers,Astros,FanDuel,fanduel,2026-05-28T08:39:37Z,total,under,7.5,1.88,OK,,,,True,True,False,,,,
bea37ce06a5f6adccef3d34be88adb95950b965abfe90560631c8af57dc03de1,baseline_v2_clean,822896,2026-05-29,2026-05-29T00:05:00Z,2026-05-28T08:39:49.869281Z,925.169,Rangers,Astros,DraftKings,draftkings,2026-05-28T08:38:58Z,moneyline,home,,1.65,OK,,,,True,True,False,,,,
4405f22d22472ecf0c948c672628343116e127bf15110a176a02bd1bd8f607da,baseline_v2_clean,822896,2026-05-29,2026-05-29T00:05:00Z,2026-05-28T08:39:49.869281Z,925.169,Rangers,Astros,DraftKings,draftkings,2026-05-28T08:38:58Z,moneyline,away,,2.28,OK,,,,True,True,False,,,,
42025191bb00d9f53878f70239258accb75fcdfef99a83e2eef2313b77428ef9,baseline_v2_clean,822896,2026-05-29,2026-05-29T00:05:00Z,2026-05-28T08:39:49.869281Z,925.169,Rangers,Astros,DraftKings,draftkings,2026-05-28T08:38:58Z,spread,home,-1.5,2.43,OK,,,,True,True,False,,,,
0563a16c542ac9397759dcacb6350de1d57cd8bf8b435177e259af399f6485be,baseline_v2_clean,822896,2026-05-29,2026-05-29T00:05:00Z,2026-05-28T08:39:49.869281Z,925.169,Rangers,Astros,DraftKings,draftkings,2026-05-28T08:38:58Z,total,over,7.5,1.98,OK,,,,True,True,False,,,,
f05cc3f7370fdb7c5d3db645db9ac06f9517895df1929d17114639735e801fdb,baseline_v2_clean,822896,2026-05-29,2026-05-29T00:05:00Z,2026-05-28T08:39:49.869281Z,925.169,Rangers,Astros,DraftKings,draftkings,2026-05-28T08:38:58Z,total,under,7.5,1.85,OK,,,,True,True,False,,,,
3e093d8cfad5396bf56684f6222a38b83e6f9f81eb47668501093f2becfe8937,baseline_v2_clean,822896,2026-05-29,2026-05-29T00:05:00Z,2026-05-28T08:39:49.869281Z,925.169,Rangers,Astros,BetMGM,betmgm,2026-05-28T08:37:43Z,moneyline,home,,1.67,OK,,,,True,True,False,,,,
f8e23f4f82abec5cab85f10ccfaf865f186461cf09d506403ef225bcc619db90,baseline_v2_clean,822896,2026-05-29,2026-05-29T00:05:00Z,2026-05-28T08:39:49.869281Z,925.169,Rangers,Astros,BetMGM,betmgm,2026-05-28T08:37:43Z,moneyline,away,,2.25,OK,,,,True,True,False,,,,
5caaae67307ec7fe64236b48a1c29f248a67db88f64539c7ed4810e4f1b7f9a3,baseline_v2_clean,822896,2026-05-29,2026-05-29T00:05:00Z,2026-05-28T08:39:49.869281Z,925.169,Rangers,Astros,BetMGM,betmgm,2026-05-28T08:37:43Z,spread,home,-1.5,2.4,OK,,,,True,True,False,,,,
92b9dbebc966d79640a68152a3dec064bddb23827a1503a17c68cda635c53bed,baseline_v2_clean,822896,2026-05-29,2026-05-29T00:05:00Z,2026-05-28T08:39:49.869281Z,925.169,Rangers,Astros,BetMGM,betmgm,2026-05-28T08:37:43Z,total,over,7.5,1.98,OK,,,,True,True,False,,,,
3b0a339c353e35657c6345f73b2264daebe8ee7155c7f33043e3ea1492891ef9,baseline_v2_clean,822896,2026-05-29,2026-05-29T00:05:00Z,2026-05-28T08:39:49.869281Z,925.169,Rangers,Astros,BetMGM,betmgm,2026-05-28T08:37:43Z,total,under,7.5,1.85,OK,,,,True,True,False,,,,
050bbc72b7dcab8729f16f39758d770bcec76f58e3be4088e3505dc5d2b62d38,baseline_v2_clean,824272,2026-05-28,2026-05-28T17:10:00Z,2026-05-28T09:17:31.724224Z,472.471,Tigers,Angels,FanDuel,fanduel,2026-05-28T09:17:20Z,moneyline,home,,1.77,OK,,,,True,False,False,,,,
75928fad5344696627c2d1c18a16aae15ae943c9ac293ac958d3d94ad6b24e80,baseline_v2_clean,824272,2026-05-28,2026-05-28T17:10:00Z,2026-05-28T09:17:31.724224Z,472.471,Tigers,Angels,FanDuel,fanduel,2026-05-28T09:17:20Z,moneyline,away,,2.1,OK,,,,True,False,False,,,,
5d2c6da529ae18156ceb531d7d8b9c372decb382dece786a55d10905964f36b8,baseline_v2_clean,824272,2026-05-28,2026-05-28T17:10:00Z,2026-05-28T09:17:31.724224Z,472.471,Tigers,Angels,FanDuel,fanduel,2026-05-28T09:17:20Z,spread,home,-1.5,2.55,OK,,,,True,False,False,,,,
0e10f069fe3dacc7f29e620ba8d905506bc65660121cb458c66bbe893a651758,baseline_v2_clean,824272,2026-05-28,2026-05-28T17:10:00Z,2026-05-28T09:17:31.724224Z,472.471,Tigers,Angels,FanDuel,fanduel,2026-05-28T09:17:20Z,total,over,9.0,1.94,OK,,,,True,False,False,,,,
a081a85b4f9f4b64830a8f304ffe2647e53a9cfb085d65ea2156bd9a9bfd0860,baseline_v2_clean,824272,2026-05-28,2026-05-28T17:10:00Z,2026-05-28T09:17:31.724224Z,472.471,Tigers,Angels,FanDuel,fanduel,2026-05-28T09:17:20Z,total,under,9.0,1.88,OK,,,,True,False,False,,,,
24c62944add09b8b9264756b38b2d7e01c24cf0479c4a424fd39a6104569825b,baseline_v2_clean,824272,2026-05-28,2026-05-28T17:10:00Z,2026-05-28T09:17:31.724224Z,472.471,Tigers,Angels,DraftKings,draftkings,2026-05-28T09:16:42Z,moneyline,home,,1.76,OK,,,,True,False,False,,,,
0c5a4f7acdfc432aa01de054ef5da41150e345c7ac8d98aa6fa415d6caba0789,baseline_v2_clean,824272,2026-05-28,2026-05-28T17:10:00Z,2026-05-28T09:17:31.724224Z,472.471,Tigers,Angels,DraftKings,draftkings,2026-05-28T09:16:42Z,moneyline,away,,2.09,OK,,,,True,False,False,,,,
95ab94251df9cce8a5c82b50a61f1aae727e0883629a4bccbb7bd2db719665c3,baseline_v2_clean,824272,2026-05-28,2026-05-28T17:10:00Z,2026-05-28T09:17:31.724224Z,472.471,Tigers,Angels,DraftKings,draftkings,2026-05-28T09:16:42Z,spread,home,-1.5,2.53,OK,,,,True,False,False,,,,
9c512368de58428d00d72eb168c32b35bd7841c4f1c504f11bdfb989e1f1bc17,baseline_v2_clean,824272,2026-05-28,2026-05-28T17:10:00Z,2026-05-28T09:17:31.724224Z,472.471,Tigers,Angels,DraftKings,draftkings,2026-05-28T09:16:42Z,total,over,9.0,2.0,OK,,,,True,False,False,,,,
04d514020409084f9d9f94f068b6026fe9ed9662260f155794da4e6c77cd2568,baseline_v2_clean,824272,2026-05-28,2026-05-28T17:10:00Z,2026-05-28T09:17:31.724224Z,472.471,Tigers,Angels,DraftKings,draftkings,2026-05-28T09:16:42Z,total,under,9.0,1.83,OK,,,,True,False,False,,,,
c45ce3a12eda0fedcbd9577900fbd0da64cd754189be9105e681e115da92973c,baseline_v2_clean,824272,2026-05-28,2026-05-28T17:10:00Z,2026-05-28T09:17:31.724224Z,472.471,Tigers,Angels,BetMGM,betmgm,2026-05-28T09:16:42Z,moneyline,home,,1.74,OK,,,,True,False,False,,,,
2f58b70c1aa29057af3f18ad09c1fd6d1d5d90a2716645519e166c04f6d9b391,baseline_v2_clean,824272,2026-05-28,2026-05-28T17:10:00Z,2026-05-28T09:17:31.724224Z,472.471,Tigers,Angels,BetMGM,betmgm,2026-05-28T09:16:42Z,moneyline,away,,2.1,OK,,,,True,False,False,,,,
97968a1c23ac524361996177bf716e0d348be6a620378b25487e70ba73025a94,baseline_v2_clean,824272,2026-05-28,2026-05-28T17:10:00Z,2026-05-28T09:17:31.724224Z,472.471,Tigers,Angels,BetMGM,betmgm,2026-05-28T09:16:42Z,spread,home,-1.5,2.5,OK,,,,True,False,False,,,,
23d48cbcc8b5a6383f5d323d69493bdee9e9d6caf68866f0dfc8423adc8156e0,baseline_v2_clean,824272,2026-05-28,2026-05-28T17:10:00Z,2026-05-28T09:17:31.724224Z,472.471,Tigers,Angels,BetMGM,betmgm,2026-05-28T09:16:42Z,total,over,9.0,2.0,OK,,,,True,False,False,,,,
cec00c5dd75478efa423eb73ae9f5acb816f51858a98a2f39827f1f6476048c7,baseline_v2_clean,824272,2026-05-28,2026-05-28T17:10:00Z,2026-05-28T09:17:31.724224Z,472.471,Tigers,Angels,BetMGM,betmgm,2026-05-28T09:16:42Z,total,under,9.0,1.83,OK,,,,True,False,False,,,,
d981a6c7080789b57aecfaa578e31d91c0ea779798f28172daa5ebc3871f0051,baseline_v2_clean,824595,2026-05-28,2026-05-28T18:10:00Z,2026-05-28T09:17:31.724224Z,532.471,White Sox,Twins,FanDuel,fanduel,2026-05-28T09:17:20Z,moneyline,home,,1.77,OK,,,,True,False,False,,,,
8f0e016a41962180dee8db69897afb0f9b0b1a1da45ac89569f69be45a3a4ea0,baseline_v2_clean,824595,2026-05-28,2026-05-28T18:10:00Z,2026-05-28T09:17:31.724224Z,532.471,White Sox,Twins,FanDuel,fanduel,2026-05-28T09:17:20Z,moneyline,away,,2.1,OK,,,,True,False,False,,,,
03f0bcc54b3492f3ea31f0030b6775b8ba33ea7a6e5e35e04d352c1f126fba16,baseline_v2_clean,824595,2026-05-28,2026-05-28T18:10:00Z,2026-05-28T09:17:31.724224Z,532.471,White Sox,Twins,FanDuel,fanduel,2026-05-28T09:17:20Z,spread,home,-1.5,2.52,OK,,,,True,False,False,,,,
68de643e5d791d328cf9af95ff0668e469c609291408589a05011e3a4596d61f,baseline_v2_clean,824595,2026-05-28,2026-05-28T18:10:00Z,2026-05-28T09:17:31.724224Z,532.471,White Sox,Twins,FanDuel,fanduel,2026-05-28T09:17:20Z,total,over,7.5,1.83,OK,,,,True,False,False,,,,
ee0aa09c3450cd8bd759270b0e306e43f3b18b385a5855d4498521a447b7ba19,baseline_v2_clean,824595,2026-05-28,2026-05-28T18:10:00Z,2026-05-28T09:17:31.724224Z,532.471,White Sox,Twins,FanDuel,fanduel,2026-05-28T09:17:20Z,total,under,7.5,1.98,OK,,,,True,False,False,,,,
bd50ba0da5cf9a78d9aa4110d12b76b2eab85f78cbe8a99ede1a0fb048f1c06f,baseline_v2_clean,824595,2026-05-28,2026-05-28T18:10:00Z,2026-05-28T09:17:31.724224Z,532.471,White Sox,Twins,DraftKings,draftkings,2026-05-28T09:16:42Z,moneyline,home,,1.7,OK,,,,True,False,False,,,,
b2369c2dfecafd3aea2a1f025e1ec36fd4dbb004bfc429b0f71baace638dc22d,baseline_v2_clean,824595,2026-05-28,2026-05-28T18:10:00Z,2026-05-28T09:17:31.724224Z,532.471,White Sox,Twins,DraftKings,draftkings,2026-05-28T09:16:42Z,moneyline,away,,2.18,OK,,,,True,False,False,,,,
cee804ed5d495f58d5e25d87f3e13bc70a3a90a781d6981cb68d57b1ddaa9aab,baseline_v2_clean,824595,2026-05-28,2026-05-28T18:10:00Z,2026-05-28T09:17:31.724224Z,532.471,White Sox,Twins,DraftKings,draftkings,2026-05-28T09:16:42Z,spread,home,-1.5,2.5,OK,,,,True,False,False,,,,
3671482739fef862a2c9953811ba19d8268edf91d2c203ebbc9845a2b3d18b07,baseline_v2_clean,824595,2026-05-28,2026-05-28T18:10:00Z,2026-05-28T09:17:31.724224Z,532.471,White Sox,Twins,DraftKings,draftkings,2026-05-28T09:16:42Z,total,over,8.0,1.95,OK,,,,True,False,False,,,,
551c369456ad588c3564c609ed689d40e9ffa021dbffc96906148e5f660c2fd1,baseline_v2_clean,824595,2026-05-28,2026-05-28T18:10:00Z,2026-05-28T09:17:31.724224Z,532.471,White Sox,Twins,DraftKings,draftkings,2026-05-28T09:16:42Z,total,under,8.0,1.87,OK,,,,True,False,False,,,,
3d86e9ccf6ec5171774ee9c8fec4a854843464f0cdd0f14181ef39143ef94c13,baseline_v2_clean,824595,2026-05-28,2026-05-28T18:10:00Z,2026-05-28T09:17:31.724224Z,532.471,White Sox,Twins,BetMGM,betmgm,2026-05-28T09:16:42Z,moneyline,home,,1.69,OK,,,,True,False,False,,,,
496d0d40f92e17449eb596079ed66aa72164427e1e7e5ebfa7d4ff73be8136d4,baseline_v2_clean,824595,2026-05-28,2026-05-28T18:10:00Z,2026-05-28T09:17:31.724224Z,532.471,White Sox,Twins,BetMGM,betmgm,2026-05-28T09:16:42Z,moneyline,away,,2.2,OK,,,,True,False,False,,,,
7e5bcf2c470cbfe5b5ddf8c27c3439c148656bd43541e76d3b6353ce18cdf1a0,baseline_v2_clean,824595,2026-05-28,2026-05-28T18:10:00Z,2026-05-28T09:17:31.724224Z,532.471,White Sox,Twins,BetMGM,betmgm,2026-05-28T09:16:42Z,total,over,8.0,1.91,OK,,,,True,False,False,,,,
2ae93b541de4e65d1e24a3c12f9f6c84f3be595cc650fc307206dce51a54cbf6,baseline_v2_clean,824595,2026-05-28,2026-05-28T18:10:00Z,2026-05-28T09:17:31.724224Z,532.471,White Sox,Twins,BetMGM,betmgm,2026-05-28T09:16:42Z,total,under,8.0,1.91,OK,,,,True,False,False,,,,
ddf38a7c14237bcd9438268b53262dafaef3724d9e256989a2571032389bdec2,baseline_v2_clean,824757,2026-05-28,2026-05-28T20:10:00Z,2026-05-28T09:17:31.724224Z,652.471,Red Sox,Braves,FanDuel,fanduel,2026-05-28T09:17:20Z,moneyline,home,,2.18,OK,,,,True,False,False,,,,
0e8c284303126694e4aed38ceb800a4b9d842e028be9d1bf427ad403334bd372,baseline_v2_clean,824757,2026-05-28,2026-05-28T20:10:00Z,2026-05-28T09:17:31.724224Z,652.471,Red Sox,Braves,FanDuel,fanduel,2026-05-28T09:17:20Z,moneyline,away,,1.72,OK,,,,True,False,False,,,,
56c836525b4de6ddf4a33c37a3ac305f9fe37be9d37c347da4ec48bc71af91f9,baseline_v2_clean,824757,2026-05-28,2026-05-28T20:10:00Z,2026-05-28T09:17:31.724224Z,652.471,Red Sox,Braves,FanDuel,fanduel,2026-05-28T09:17:20Z,spread,home,1.5,1.66,OK,,,,True,False,False,,,,
f6d1849f6cc26c81f0678a76b00b477a81d4a8411dbdecb915c52f6721f828b5,baseline_v2_clean,824757,2026-05-28,2026-05-28T20:10:00Z,2026-05-28T09:17:31.724224Z,652.471,Red Sox,Braves,FanDuel,fanduel,2026-05-28T09:17:20Z,total,over,7.5,2.04,OK,,,,True,False,False,,,,
d97ce4c3fa57072666d9c0f2554e24135cf7e35a967bb850079990639cf5c20c,baseline_v2_clean,824757,2026-05-28,2026-05-28T20:10:00Z,2026-05-28T09:17:31.724224Z,652.471,Red Sox,Braves,FanDuel,fanduel,2026-05-28T09:17:20Z,total,under,7.5,1.78,OK,,,,True,False,False,,,,
e92984a0e47225df5a1b804ca505b59c75121560318c96f7a6897f62cb6431cf,baseline_v2_clean,824757,2026-05-28,2026-05-28T20:10:00Z,2026-05-28T09:17:31.724224Z,652.471,Red Sox,Braves,DraftKings,draftkings,2026-05-28T09:16:42Z,moneyline,home,,2.19,OK,,,,True,False,False,,,,
6d86602516c7632379c8dd86ca53dd8e45ce8572ef1392b2f8705d38d65d11a8,baseline_v2_clean,824757,2026-05-28,2026-05-28T20:10:00Z,2026-05-28T09:17:31.724224Z,652.471,Red Sox,Braves,DraftKings,draftkings,2026-05-28T09:16:42Z,moneyline,away,,1.69,OK,,,,True,False,False,,,,
873dfd79e1b1d4a34084f43f9d9ebd37fb5612c3cfb660f4d9002bec121eb12b,baseline_v2_clean,824757,2026-05-28,2026-05-28T20:10:00Z,2026-05-28T09:17:31.724224Z,652.471,Red Sox,Braves,DraftKings,draftkings,2026-05-28T09:16:42Z,spread,home,1.5,1.7,OK,,,,True,False,False,,,,
e0d277ec1ccca144035bc6f126f16d6cfab0cec007a0d3c76c9fdf894fede20f,baseline_v2_clean,824757,2026-05-28,2026-05-28T20:10:00Z,2026-05-28T09:17:31.724224Z,652.471,Red Sox,Braves,DraftKings,draftkings,2026-05-28T09:16:42Z,total,over,7.0,1.83,OK,,,,True,False,False,,,,
4261cce719b0f7297a504e5f64d5082066f3b79237033a5f6b2a2a9d205ca250,baseline_v2_clean,824757,2026-05-28,2026-05-28T20:10:00Z,2026-05-28T09:17:31.724224Z,652.471,Red Sox,Braves,DraftKings,draftkings,2026-05-28T09:16:42Z,total,under,7.0,2.0,OK,,,,True,False,False,,,,
3d018ccd1dd22998f9d76ea6f6c7f00fe114955976fff8e45df0ff2dda94ebf6,baseline_v2_clean,824757,2026-05-28,2026-05-28T20:10:00Z,2026-05-28T09:17:31.724224Z,652.471,Red Sox,Braves,BetMGM,betmgm,2026-05-28T09:16:42Z,moneyline,home,,2.2,OK,,,,True,False,False,,,,
dcba40ac1f457f68b7dc70792a85ca05b27bc58d38a8e2e75569aab53a413946,baseline_v2_clean,824757,2026-05-28,2026-05-28T20:10:00Z,2026-05-28T09:17:31.724224Z,652.471,Red Sox,Braves,BetMGM,betmgm,2026-05-28T09:16:42Z,moneyline,away,,1.69,OK,,,,True,False,False,,,,
ab214b9cdbd7ffff9e219134f251ed2da504a28c3afb8cabb6e11767a847fbbd,baseline_v2_clean,824757,2026-05-28,2026-05-28T20:10:00Z,2026-05-28T09:17:31.724224Z,652.471,Red Sox,Braves,BetMGM,betmgm,2026-05-28T09:16:42Z,spread,home,1.5,1.69,OK,,,,True,False,False,,,,
4108f83180968490ad32a05b27e61aa9b3b2d8d438e301c3be079e1e1a5ab44a,baseline_v2_clean,824757,2026-05-28,2026-05-28T20:10:00Z,2026-05-28T09:17:31.724224Z,652.471,Red Sox,Braves,BetMGM,betmgm,2026-05-28T09:16:42Z,total,over,7.0,1.77,OK,,,,True,False,False,,,,
3c8acd0610cab450f48de69cd40ac5fbc6fd8fae7499655cab3561d06faa766c,baseline_v2_clean,824757,2026-05-28,2026-05-28T20:10:00Z,2026-05-28T09:17:31.724224Z,652.471,Red Sox,Braves,BetMGM,betmgm,2026-05-28T09:16:42Z,total,under,7.0,2.05,OK,,,,True,False,False,,,,
fe30b6ecf9ae0d420a2026eb5f5ab770445719cde0199018ca29a613e8133566,baseline_v2_clean,824834,2026-05-28,2026-05-28T22:35:00Z,2026-05-28T09:17:31.724224Z,797.471,Orioles,Blue Jays,FanDuel,fanduel,2026-05-28T09:17:20Z,moneyline,home,,1.79,OK,,,,True,False,False,,,,
a6ac6f5900baacb6db4f3b7e0a7eee57f36292b206301d425f5cc522b986e60c,baseline_v2_clean,824834,2026-05-28,2026-05-28T22:35:00Z,2026-05-28T09:17:31.724224Z,797.471,Orioles,Blue Jays,FanDuel,fanduel,2026-05-28T09:17:20Z,moneyline,away,,2.08,OK,,,,True,False,False,,,,
689106404c0df72727d24043752cdb80a02abb20b9751454f90162682ca2b349,baseline_v2_clean,824834,2026-05-28,2026-05-28T22:35:00Z,2026-05-28T09:17:31.724224Z,797.471,Orioles,Blue Jays,FanDuel,fanduel,2026-05-28T09:17:20Z,spread,home,-1.5,2.64,OK,,,,True,False,False,,,,
90ee4a23279dbd9fc173d786d8e50db3dc92f147d8f1797331dde30be61e13d3,baseline_v2_clean,824834,2026-05-28,2026-05-28T22:35:00Z,2026-05-28T09:17:31.724224Z,797.471,Orioles,Blue Jays,FanDuel,fanduel,2026-05-28T09:17:20Z,total,over,8.5,1.87,OK,,,,True,False,False,,,,
c143e160bda12710d87ae3d060704ef9ccc5d368a394bdb72122f177c7d68ec0,baseline_v2_clean,824834,2026-05-28,2026-05-28T22:35:00Z,2026-05-28T09:17:31.724224Z,797.471,Orioles,Blue Jays,FanDuel,fanduel,2026-05-28T09:17:20Z,total,under,8.5,1.95,OK,,,,True,False,False,,,,
f6634a8cd767cfb6b173b112293993e9cea69d6d14c5c3a29028a15fe7450614,baseline_v2_clean,824834,2026-05-28,2026-05-28T22:35:00Z,2026-05-28T09:17:31.724224Z,797.471,Orioles,Blue Jays,DraftKings,draftkings,2026-05-28T09:16:42Z,moneyline,home,,1.76,OK,,,,True,False,False,,,,
6fd8e2c7585cdc7d98a4580c138f048b8f29b1b39e8e8ccddcb1b9cd496c33ed,baseline_v2_clean,824834,2026-05-28,2026-05-28T22:35:00Z,2026-05-28T09:17:31.724224Z,797.471,Orioles,Blue Jays,DraftKings,draftkings,2026-05-28T09:16:42Z,moneyline,away,,2.08,OK,,,,True,False,False,,,,
663a6d823eb18909f5d20ef5daa43262ea011ccad47f8503db7d0e614929d2a6,baseline_v2_clean,824834,2026-05-28,2026-05-28T22:35:00Z,2026-05-28T09:17:31.724224Z,797.471,Orioles,Blue Jays,DraftKings,draftkings,2026-05-28T09:16:42Z,spread,home,-1.5,2.53,OK,,,,True,False,False,,,,
e1988b0a33dfe09729399d9a2733e3a03a036f36351869815621f791657692dc,baseline_v2_clean,824834,2026-05-28,2026-05-28T22:35:00Z,2026-05-28T09:17:31.724224Z,797.471,Orioles,Blue Jays,DraftKings,draftkings,2026-05-28T09:16:42Z,total,over,8.5,1.85,OK,,,,True,False,False,,,,
0c9f7a764bb905bad9272cd34b37ad3534fce9b2d98ca8952b8c8c1e772da01b,baseline_v2_clean,824834,2026-05-28,2026-05-28T22:35:00Z,2026-05-28T09:17:31.724224Z,797.471,Orioles,Blue Jays,DraftKings,draftkings,2026-05-28T09:16:42Z,total,under,8.5,1.98,OK,,,,True,False,False,,,,
795dccadd25785a62e58bb0194407fed8d833a8183910e5e8562702b9041100f,baseline_v2_clean,824834,2026-05-28,2026-05-28T22:35:00Z,2026-05-28T09:17:31.724224Z,797.471,Orioles,Blue Jays,BetMGM,betmgm,2026-05-28T09:16:42Z,moneyline,home,,1.74,OK,,,,True,False,False,,,,
4d1d288f404a7da9a5f8df821dbb3de1d424e5221e9c6b92ebfdb23a65b9ce67,baseline_v2_clean,824834,2026-05-28,2026-05-28T22:35:00Z,2026-05-28T09:17:31.724224Z,797.471,Orioles,Blue Jays,BetMGM,betmgm,2026-05-28T09:16:42Z,moneyline,away,,2.1,OK,,,,True,False,False,,,,
1e8e0dcfa8df3360cfadc562def908e88f777fc868e80fb33a124582416cb6b1,baseline_v2_clean,824834,2026-05-28,2026-05-28T22:35:00Z,2026-05-28T09:17:31.724224Z,797.471,Orioles,Blue Jays,BetMGM,betmgm,2026-05-28T09:16:42Z,spread,home,-1.5,2.5,OK,,,,True,False,False,,,,
fe8efd7e4d50adc5d326f38870bb5bbce8e63fbf839b8a55112410269811ee81,baseline_v2_clean,824834,2026-05-28,2026-05-28T22:35:00Z,2026-05-28T09:17:31.724224Z,797.471,Orioles,Blue Jays,BetMGM,betmgm,2026-05-28T09:16:42Z,total,over,8.5,1.85,OK,,,,True,False,False,,,,
86cac777698a207b65ca5b60a4bc5093d2d5694729e84a9a2bba8575450900fb,baseline_v2_clean,824834,2026-05-28,2026-05-28T22:35:00Z,2026-05-28T09:17:31.724224Z,797.471,Orioles,Blue Jays,BetMGM,betmgm,2026-05-28T09:16:42Z,total,under,8.5,1.98,OK,,,,True,False,False,,,,
90ee8f305d7a561966b048f3324646dff928a2fc87fe0299de3cdfa3f9347038,baseline_v2_clean,823378,2026-05-28,2026-05-28T22:40:00Z,2026-05-28T09:17:31.724224Z,802.471,Pirates,Cubs,FanDuel,fanduel,2026-05-28T09:17:20Z,moneyline,home,,1.57,OK,,,,True,False,False,,,,
b9ca5319a7b649d9a199bc40d2d47663c2c5871f20c310bcac62708984090e0f,baseline_v2_clean,823378,2026-05-28,2026-05-28T22:40:00Z,2026-05-28T09:17:31.724224Z,802.471,Pirates,Cubs,FanDuel,fanduel,2026-05-28T09:17:20Z,moneyline,away,,2.46,OK,,,,True,False,False,,,,
929150f03465fb7cb835f28974f111e905cef6d524d658c8a449c3499148f215,baseline_v2_clean,823378,2026-05-28,2026-05-28T22:40:00Z,2026-05-28T09:17:31.724224Z,802.471,Pirates,Cubs,FanDuel,fanduel,2026-05-28T09:17:20Z,spread,home,-1.5,2.26,OK,,,,True,False,False,,,,
227f88e6a3d00363bdf65522804bc0db4cf38b8c56832471b4b022917c7ab322,baseline_v2_clean,823378,2026-05-28,2026-05-28T22:40:00Z,2026-05-28T09:17:31.724224Z,802.471,Pirates,Cubs,FanDuel,fanduel,2026-05-28T09:17:20Z,total,over,7.5,1.95,OK,,,,True,False,False,,,,
6c47ff855d614d3550c42d8ff03e1a2fa881aa523f21b12f1c2854ab51cc79d5,baseline_v2_clean,823378,2026-05-28,2026-05-28T22:40:00Z,2026-05-28T09:17:31.724224Z,802.471,Pirates,Cubs,FanDuel,fanduel,2026-05-28T09:17:20Z,total,under,7.5,1.87,OK,,,,True,False,False,,,,
664397e7a703ccfca61a005a5c4f27b0c24e3cc166bcd266e0e08f9499085d76,baseline_v2_clean,823378,2026-05-28,2026-05-28T22:40:00Z,2026-05-28T09:17:31.724224Z,802.471,Pirates,Cubs,DraftKings,draftkings,2026-05-28T09:16:42Z,moneyline,home,,1.57,OK,,,,True,False,False,,,,
ab1f4dcf8b231413dfb0e5b538e6a8211dba07beef4f3ebf3a16a7bd0589447c,baseline_v2_clean,823378,2026-05-28,2026-05-28T22:40:00Z,2026-05-28T09:17:31.724224Z,802.471,Pirates,Cubs,DraftKings,draftkings,2026-05-28T09:16:42Z,moneyline,away,,2.44,OK,,,,True,False,False,,,,
e28084d4050b63a0bfd1d52e72e37dc8562eb8e03c69e5b71d0fad543d79481f,baseline_v2_clean,823378,2026-05-28,2026-05-28T22:40:00Z,2026-05-28T09:17:31.724224Z,802.471,Pirates,Cubs,DraftKings,draftkings,2026-05-28T09:16:42Z,spread,home,-1.5,2.28,OK,,,,True,False,False,,,,
3e41dfe093555583ed5cf774e497c55bb85cee73e364fa4d7a8f47cfa00227bf,baseline_v2_clean,823378,2026-05-28,2026-05-28T22:40:00Z,2026-05-28T09:17:31.724224Z,802.471,Pirates,Cubs,DraftKings,draftkings,2026-05-28T09:16:42Z,total,over,7.5,1.91,OK,,,,True,False,False,,,,
72e06fcd75c34328c1127ac3a52bd98a3ee6bf98514cf18957e87a251058a972,baseline_v2_clean,823378,2026-05-28,2026-05-28T22:40:00Z,2026-05-28T09:17:31.724224Z,802.471,Pirates,Cubs,DraftKings,draftkings,2026-05-28T09:16:42Z,total,under,7.5,1.92,OK,,,,True,False,False,,,,
9b17a5df6ece68376aab532e4574554b29727de35bb50d0ece6ee42175a244ba,baseline_v2_clean,823378,2026-05-28,2026-05-28T22:40:00Z,2026-05-28T09:17:31.724224Z,802.471,Pirates,Cubs,BetMGM,betmgm,2026-05-28T09:16:42Z,moneyline,home,,1.56,OK,,,,True,False,False,,,,
4fc959153ef4ac23f4abffc09b581004841443aafbaf2d9ead0b3d4b93ad6784,baseline_v2_clean,823378,2026-05-28,2026-05-28T22:40:00Z,2026-05-28T09:17:31.724224Z,802.471,Pirates,Cubs,BetMGM,betmgm,2026-05-28T09:16:42Z,moneyline,away,,2.45,OK,,,,True,False,False,,,,
5a33b5c2ef93f3a5462f9f6c20b02d62c9f37fa8256cb4d92f78fc91ea1d3c8f,baseline_v2_clean,823378,2026-05-28,2026-05-28T22:40:00Z,2026-05-28T09:17:31.724224Z,802.471,Pirates,Cubs,BetMGM,betmgm,2026-05-28T09:16:42Z,spread,home,-1.5,2.25,OK,,,,True,False,False,,,,
f9c4a8e12913f9bc1a1bb6b85a8cd918faf1dc373e9a69fba2081e836f0098c0,baseline_v2_clean,823378,2026-05-28,2026-05-28T22:40:00Z,2026-05-28T09:17:31.724224Z,802.471,Pirates,Cubs,BetMGM,betmgm,2026-05-28T09:16:42Z,total,over,7.5,1.91,OK,,,,True,False,False,,,,
5f7809ee3cc3ac0dee5f6330b6516a7c17f88908eda4c4860c705b33449aac5c,baseline_v2_clean,823378,2026-05-28,2026-05-28T22:40:00Z,2026-05-28T09:17:31.724224Z,802.471,Pirates,Cubs,BetMGM,betmgm,2026-05-28T09:16:42Z,total,under,7.5,1.91,OK,,,,True,False,False,,,,
46751c0221a6d6848d8f44a407fbd5b9f6df726db59a71fbe7d48793cbb92d5a,baseline_v2_clean,822896,2026-05-29,2026-05-29T00:05:00Z,2026-05-28T09:17:31.724224Z,887.471,Rangers,Astros,FanDuel,fanduel,2026-05-28T09:17:20Z,moneyline,home,,1.66,OK,,,,True,False,False,,,,
34477b28904deedd1cde06b9d8c458fa5463f837376fd80bbac7a88a3254dfd0,baseline_v2_clean,822896,2026-05-29,2026-05-29T00:05:00Z,2026-05-28T09:17:31.724224Z,887.471,Rangers,Astros,FanDuel,fanduel,2026-05-28T09:17:20Z,moneyline,away,,2.28,OK,,,,True,False,False,,,,
b3bcd9d1152e5fff33e8654dd8b57fa813a37d41e08278dbf9542a74fe1cf327,baseline_v2_clean,822896,2026-05-29,2026-05-29T00:05:00Z,2026-05-28T09:17:31.724224Z,887.471,Rangers,Astros,FanDuel,fanduel,2026-05-28T09:17:20Z,spread,home,-1.5,2.46,OK,,,,True,False,False,,,,
da720d69c762b4f720c66f76624acdab2bde55c51d066b0d63eefbda43f14b58,baseline_v2_clean,822896,2026-05-29,2026-05-29T00:05:00Z,2026-05-28T09:17:31.724224Z,887.471,Rangers,Astros,FanDuel,fanduel,2026-05-28T09:17:20Z,total,over,7.5,1.94,OK,,,,True,False,False,,,,
edec2b41b28eb4cd537a6700a1d093b97ac438680578c520f1611fd5edbb3fdf,baseline_v2_clean,822896,2026-05-29,2026-05-29T00:05:00Z,2026-05-28T09:17:31.724224Z,887.471,Rangers,Astros,FanDuel,fanduel,2026-05-28T09:17:20Z,total,under,7.5,1.88,OK,,,,True,False,False,,,,
2365385cdb3ec5a968e871ca55f85cd3942b5b2001def59154ec09e97517b7ee,baseline_v2_clean,822896,2026-05-29,2026-05-29T00:05:00Z,2026-05-28T09:17:31.724224Z,887.471,Rangers,Astros,DraftKings,draftkings,2026-05-28T09:16:42Z,moneyline,home,,1.68,OK,,,,True,False,False,,,,
67d6f6b2d81c767ed10ba82886bbbdef54cd75c6d02f59b968d64647f961971c,baseline_v2_clean,822896,2026-05-29,2026-05-29T00:05:00Z,2026-05-28T09:17:31.724224Z,887.471,Rangers,Astros,DraftKings,draftkings,2026-05-28T09:16:42Z,moneyline,away,,2.23,OK,,,,True,False,False,,,,
988e8a479b6e6ad9bc6c25228df9b1035b4c2def9de87383724c9cdc2e2c54df,baseline_v2_clean,822896,2026-05-29,2026-05-29T00:05:00Z,2026-05-28T09:17:31.724224Z,887.471,Rangers,Astros,DraftKings,draftkings,2026-05-28T09:16:42Z,spread,home,-1.5,2.43,OK,,,,True,False,False,,,,
7bf1a3be4c97ff8d00aabb1986d1fcf11c9ef36dc2db310f8fc9a439090efece,baseline_v2_clean,822896,2026-05-29,2026-05-29T00:05:00Z,2026-05-28T09:17:31.724224Z,887.471,Rangers,Astros,DraftKings,draftkings,2026-05-28T09:16:42Z,total,over,7.5,1.98,OK,,,,True,False,False,,,,
2794c237b1bec70d4eb9c263fa0498ee24fd788c1796ce8e67a12bf22dd2d033,baseline_v2_clean,822896,2026-05-29,2026-05-29T00:05:00Z,2026-05-28T09:17:31.724224Z,887.471,Rangers,Astros,DraftKings,draftkings,2026-05-28T09:16:42Z,total,under,7.5,1.85,OK,,,,True,False,False,,,,
ef727e821e2fc951ead30499a43375048c11d51fb64a25ca2529b225f3a6f419,baseline_v2_clean,822896,2026-05-29,2026-05-29T00:05:00Z,2026-05-28T09:17:31.724224Z,887.471,Rangers,Astros,BetMGM,betmgm,2026-05-28T09:16:42Z,moneyline,home,,1.67,OK,,,,True,False,False,,,,
362127988799b1dd91df32dfa42923e31f62fdaaaceafb47132d3fb0c8b13100,baseline_v2_clean,822896,2026-05-29,2026-05-29T00:05:00Z,2026-05-28T09:17:31.724224Z,887.471,Rangers,Astros,BetMGM,betmgm,2026-05-28T09:16:42Z,moneyline,away,,2.25,OK,,,,True,False,False,,,,
abaaa78541c0796b44eb356c327f4ae18e1b74726482cafde9e9228f6121dc6f,baseline_v2_clean,822896,2026-05-29,2026-05-29T00:05:00Z,2026-05-28T09:17:31.724224Z,887.471,Rangers,Astros,BetMGM,betmgm,2026-05-28T09:16:42Z,spread,home,-1.5,2.4,OK,,,,True,False,False,,,,
795c5889c3f2e4acb803de5c5f0a8dba3598bed03490e5c7a45a946ad7422323,baseline_v2_clean,822896,2026-05-29,2026-05-29T00:05:00Z,2026-05-28T09:17:31.724224Z,887.471,Rangers,Astros,BetMGM,betmgm,2026-05-28T09:16:42Z,total,over,7.5,2.0,OK,,,,True,False,False,,,,
830df717c687b6bcfd6a2d450011dc39456e6dca3adc84f21bfe0258ae76d6b8,baseline_v2_clean,822896,2026-05-29,2026-05-29T00:05:00Z,2026-05-28T09:17:31.724224Z,887.471,Rangers,Astros,BetMGM,betmgm,2026-05-28T09:16:42Z,total,under,7.5,1.83,OK,,,,True,False,False,,,,
bbb6c05ffc067b90e14121783a62ab42d8b1e970fd2a8b3fa98d3646c8c571bb,baseline_v2_clean,824272,2026-05-28,2026-05-28T17:10:00Z,2026-05-28T10:17:04.956538Z,412.917,Tigers,Angels,FanDuel,fanduel,2026-05-28T10:17:05Z,moneyline,home,,1.77,OK,,,,True,False,False,,,,
d1067709c6a54a33abc4cb01473d3cca4cd710a71f51dbb67e3b2c229bbb5a88,baseline_v2_clean,824272,2026-05-28,2026-05-28T17:10:00Z,2026-05-28T10:17:04.956538Z,412.917,Tigers,Angels,FanDuel,fanduel,2026-05-28T10:17:05Z,moneyline,away,,2.1,OK,,,,True,False,False,,,,
acede8140fbf93f771133aa2f336ba60a08e28bf4332852caffa8fc4e33c7cb2,baseline_v2_clean,824272,2026-05-28,2026-05-28T17:10:00Z,2026-05-28T10:17:04.956538Z,412.917,Tigers,Angels,FanDuel,fanduel,2026-05-28T10:17:05Z,spread,home,-1.5,2.55,OK,,,,True,False,False,,,,
f1803f5116b0af410ec2d1d96d8ca33ff10b3875a364e7776d204a5dfefe3732,baseline_v2_clean,824272,2026-05-28,2026-05-28T17:10:00Z,2026-05-28T10:17:04.956538Z,412.917,Tigers,Angels,FanDuel,fanduel,2026-05-28T10:17:05Z,total,over,9.0,1.94,OK,,,,True,False,False,,,,
3da83abb1bb7b2af14db7095ced02703716ddcea7b0f5e8743a7ddfac24deb87,baseline_v2_clean,824272,2026-05-28,2026-05-28T17:10:00Z,2026-05-28T10:17:04.956538Z,412.917,Tigers,Angels,FanDuel,fanduel,2026-05-28T10:17:05Z,total,under,9.0,1.88,OK,,,,True,False,False,,,,
5c0f272e9bbda3307c1f6500f4f996197dc29a075318cc7fcc88c5e3c141ca17,baseline_v2_clean,824272,2026-05-28,2026-05-28T17:10:00Z,2026-05-28T10:17:04.956538Z,412.917,Tigers,Angels,DraftKings,draftkings,2026-05-28T10:17:06Z,moneyline,home,,1.76,OK,,,,True,False,False,,,,
055b0e1fb83ab48643986c331deedacd982115723542806f9d30d29f45596576,baseline_v2_clean,824272,2026-05-28,2026-05-28T17:10:00Z,2026-05-28T10:17:04.956538Z,412.917,Tigers,Angels,DraftKings,draftkings,2026-05-28T10:17:06Z,moneyline,away,,2.09,OK,,,,True,False,False,,,,
132b759bf77be637550385a8d610fcd81ba68f14672a89c5f4247aaa1071b434,baseline_v2_clean,824272,2026-05-28,2026-05-28T17:10:00Z,2026-05-28T10:17:04.956538Z,412.917,Tigers,Angels,DraftKings,draftkings,2026-05-28T10:17:06Z,spread,home,-1.5,2.53,OK,,,,True,False,False,,,,
1ebe90245ee1843ce1cf4ac1bc43e09bcb8d6707f9b8db627a8e45cc17250e1e,baseline_v2_clean,824272,2026-05-28,2026-05-28T17:10:00Z,2026-05-28T10:17:04.956538Z,412.917,Tigers,Angels,DraftKings,draftkings,2026-05-28T10:17:06Z,total,over,9.0,2.0,OK,,,,True,False,False,,,,
7b4d4663b5ec31917aa9174bbc9f0e241c9c1cbb67c2d488ae0d08cc4a2cd3be,baseline_v2_clean,824272,2026-05-28,2026-05-28T17:10:00Z,2026-05-28T10:17:04.956538Z,412.917,Tigers,Angels,DraftKings,draftkings,2026-05-28T10:17:06Z,total,under,9.0,1.83,OK,,,,True,False,False,,,,
59e668be0950f833b988e81a98c627a60645180d8607abb6b3a6d192b3bc8d0f,baseline_v2_clean,824272,2026-05-28,2026-05-28T17:10:00Z,2026-05-28T10:17:04.956538Z,412.917,Tigers,Angels,BetMGM,betmgm,2026-05-28T10:17:05Z,moneyline,home,,1.74,OK,,,,True,False,False,,,,
42d3502dc729cdfb1e6524b167d6ed0ae29358f4d8b380f73a3d3eaa676bfc0e,baseline_v2_clean,824272,2026-05-28,2026-05-28T17:10:00Z,2026-05-28T10:17:04.956538Z,412.917,Tigers,Angels,BetMGM,betmgm,2026-05-28T10:17:05Z,moneyline,away,,2.1,OK,,,,True,False,False,,,,
e853225246a25e0a7927b5ede031cabc42903fb140f12d6a2319dcd5a0ef0421,baseline_v2_clean,824272,2026-05-28,2026-05-28T17:10:00Z,2026-05-28T10:17:04.956538Z,412.917,Tigers,Angels,BetMGM,betmgm,2026-05-28T10:17:05Z,spread,home,-1.5,2.5,OK,,,,True,False,False,,,,
0e0ae6b59b1e1c53389a3fbfe3f88f96317013de5974425c3c249b027a805941,baseline_v2_clean,824272,2026-05-28,2026-05-28T17:10:00Z,2026-05-28T10:17:04.956538Z,412.917,Tigers,Angels,BetMGM,betmgm,2026-05-28T10:17:05Z,total,over,9.0,1.98,OK,,,,True,False,False,,,,
df4b97ce79caa96032f021d8fd00605ca4ddc5c2821fdfe5af098fdec0f20df1,baseline_v2_clean,824272,2026-05-28,2026-05-28T17:10:00Z,2026-05-28T10:17:04.956538Z,412.917,Tigers,Angels,BetMGM,betmgm,2026-05-28T10:17:05Z,total,under,9.0,1.85,OK,,,,True,False,False,,,,
f12a35c5fda9e54c8d8bab0f496258d651579ea9d724f09375df00d79f013fd0,baseline_v2_clean,824595,2026-05-28,2026-05-28T18:10:00Z,2026-05-28T10:17:04.956538Z,472.917,White Sox,Twins,FanDuel,fanduel,2026-05-28T10:17:05Z,moneyline,home,,1.7,OK,,,,True,False,False,,,,
d5122eb88c90df98e4c3906d10da4f1512a10fd09e9f84ccbac01567ee6fde22,baseline_v2_clean,824595,2026-05-28,2026-05-28T18:10:00Z,2026-05-28T10:17:04.956538Z,472.917,White Sox,Twins,FanDuel,fanduel,2026-05-28T10:17:05Z,moneyline,away,,2.2,OK,,,,True,False,False,,,,
86eac0bae7eea22e60bc11307f4132cecc5a3fa4783d5bf45fbac0808714ae99,baseline_v2_clean,824595,2026-05-28,2026-05-28T18:10:00Z,2026-05-28T10:17:04.956538Z,472.917,White Sox,Twins,FanDuel,fanduel,2026-05-28T10:17:05Z,spread,home,-1.5,2.42,OK,,,,True,False,False,,,,
7d0c4808b1ff2eb11f2435d945ca45904903a6db5ca54d5d074f2559aff2d672,baseline_v2_clean,824595,2026-05-28,2026-05-28T18:10:00Z,2026-05-28T10:17:04.956538Z,472.917,White Sox,Twins,FanDuel,fanduel,2026-05-28T10:17:05Z,total,over,7.5,1.83,OK,,,,True,False,False,,,,
4f23834da71abb2c8a7954f32d0dd5ef94a7dbcdf21023257f7bee3fece401ac,baseline_v2_clean,824595,2026-05-28,2026-05-28T18:10:00Z,2026-05-28T10:17:04.956538Z,472.917,White Sox,Twins,FanDuel,fanduel,2026-05-28T10:17:05Z,total,under,7.5,1.98,OK,,,,True,False,False,,,,
90334057ebd348e46275ac3eab27ee21ada7f1ffd774a9f55e264347985e555b,baseline_v2_clean,824595,2026-05-28,2026-05-28T18:10:00Z,2026-05-28T10:17:04.956538Z,472.917,White Sox,Twins,DraftKings,draftkings,2026-05-28T10:17:06Z,moneyline,home,,1.7,OK,,,,True,False,False,,,,
3cbe2fe8d8a8ebbe2017abb40c9adaeccd0a7217faa65d8533489d7d7143dfe1,baseline_v2_clean,824595,2026-05-28,2026-05-28T18:10:00Z,2026-05-28T10:17:04.956538Z,472.917,White Sox,Twins,DraftKings,draftkings,2026-05-28T10:17:06Z,moneyline,away,,2.18,OK,,,,True,False,False,,,,
a7c28c7e63c06515e3a21b0a75b519f39808d5b96ee2d1f0fecaed1e7deb5160,baseline_v2_clean,824595,2026-05-28,2026-05-28T18:10:00Z,2026-05-28T10:17:04.956538Z,472.917,White Sox,Twins,DraftKings,draftkings,2026-05-28T10:17:06Z,spread,home,-1.5,2.5,OK,,,,True,False,False,,,,
880520a0a29808494c2ef0ce8a13f892a49a5adef091ca128a2a77813299b0e6,baseline_v2_clean,824595,2026-05-28,2026-05-28T18:10:00Z,2026-05-28T10:17:04.956538Z,472.917,White Sox,Twins,DraftKings,draftkings,2026-05-28T10:17:06Z,total,over,8.0,1.95,OK,,,,True,False,False,,,,
0c00c1b69fdf6684ad0cb899c32b3d849ed9a43c8a9bb0cdfa871bdca4dbffa0,baseline_v2_clean,824595,2026-05-28,2026-05-28T18:10:00Z,2026-05-28T10:17:04.956538Z,472.917,White Sox,Twins,DraftKings,draftkings,2026-05-28T10:17:06Z,total,under,8.0,1.87,OK,,,,True,False,False,,,,
93bf686b2786b09a9c60cf5a177c77110f728d6d79001b6a9c5116272ff386cb,baseline_v2_clean,824595,2026-05-28,2026-05-28T18:10:00Z,2026-05-28T10:17:04.956538Z,472.917,White Sox,Twins,BetMGM,betmgm,2026-05-28T10:17:05Z,moneyline,home,,1.69,OK,,,,True,False,False,,,,
010beb148fa436ab7e8790ad987d60a245176e8c9378c55176f62f36fb05f620,baseline_v2_clean,824595,2026-05-28,2026-05-28T18:10:00Z,2026-05-28T10:17:04.956538Z,472.917,White Sox,Twins,BetMGM,betmgm,2026-05-28T10:17:05Z,moneyline,away,,2.2,OK,,,,True,False,False,,,,
7fe5602c569fb9331a48e014c482b166ac2c3fbaba4f1ff05bcb9b17c1ef6ab4,baseline_v2_clean,824595,2026-05-28,2026-05-28T18:10:00Z,2026-05-28T10:17:04.956538Z,472.917,White Sox,Twins,BetMGM,betmgm,2026-05-28T10:17:05Z,total,over,8.0,1.95,OK,,,,True,False,False,,,,
ce542b9f82cfaa2dff9da7c1daa1a3eb8f9efc02e42c69a897511326d50e4c37,baseline_v2_clean,824595,2026-05-28,2026-05-28T18:10:00Z,2026-05-28T10:17:04.956538Z,472.917,White Sox,Twins,BetMGM,betmgm,2026-05-28T10:17:05Z,total,under,8.0,1.87,OK,,,,True,False,False,,,,
d7744d47c9c0592df18d814f62d6e5e9296f03ac49f17f70868e24355adad045,baseline_v2_clean,824757,2026-05-28,2026-05-28T20:10:00Z,2026-05-28T10:17:04.956538Z,592.917,Red Sox,Braves,FanDuel,fanduel,2026-05-28T10:17:05Z,moneyline,home,,2.2,OK,,,,True,False,False,,,,
0b82e52ec138b8092aeabcfde5abfce84c30d0d8d340484a89ec896286b04351,baseline_v2_clean,824757,2026-05-28,2026-05-28T20:10:00Z,2026-05-28T10:17:04.956538Z,592.917,Red Sox,Braves,FanDuel,fanduel,2026-05-28T10:17:05Z,moneyline,away,,1.7,OK,,,,True,False,False,,,,
50cfb3c19ff192210941d3396aac530e237c018093d37f971336f096f75d1e33,baseline_v2_clean,824757,2026-05-28,2026-05-28T20:10:00Z,2026-05-28T10:17:04.956538Z,592.917,Red Sox,Braves,FanDuel,fanduel,2026-05-28T10:17:05Z,spread,home,1.5,1.67,OK,,,,True,False,False,,,,
f419e70fdc5d60c784140c8e416a94e88e8174839505b88e5dfe37c5b11bbea0,baseline_v2_clean,824757,2026-05-28,2026-05-28T20:10:00Z,2026-05-28T10:17:04.956538Z,592.917,Red Sox,Braves,FanDuel,fanduel,2026-05-28T10:17:05Z,total,over,7.5,2.04,OK,,,,True,False,False,,,,
030597ee053fc2f2de63b5d39e2c57c0345f7115d16cce62006cefebea46f392,baseline_v2_clean,824757,2026-05-28,2026-05-28T20:10:00Z,2026-05-28T10:17:04.956538Z,592.917,Red Sox,Braves,FanDuel,fanduel,2026-05-28T10:17:05Z,total,under,7.5,1.78,OK,,,,True,False,False,,,,
edaf091f9bad6780e9509a37310a1d62ac2292a766fde581512d80a038d80c10,baseline_v2_clean,824757,2026-05-28,2026-05-28T20:10:00Z,2026-05-28T10:17:04.956538Z,592.917,Red Sox,Braves,DraftKings,draftkings,2026-05-28T10:17:06Z,moneyline,home,,2.19,OK,,,,True,False,False,,,,
73da9b19a5a1891c5d9d176f7d583e651f26fe646db1bcf29f138dce41aafab4,baseline_v2_clean,824757,2026-05-28,2026-05-28T20:10:00Z,2026-05-28T10:17:04.956538Z,592.917,Red Sox,Braves,DraftKings,draftkings,2026-05-28T10:17:06Z,moneyline,away,,1.69,OK,,,,True,False,False,,,,
8b36a704e8a688ce35c2138783328e1adab6d845a939a170cef77b1e804b54d1,baseline_v2_clean,824757,2026-05-28,2026-05-28T20:10:00Z,2026-05-28T10:17:04.956538Z,592.917,Red Sox,Braves,DraftKings,draftkings,2026-05-28T10:17:06Z,spread,home,1.5,1.7,OK,,,,True,False,False,,,,
9b63b64ea57c767d3bc7a29b8ff8c2bcaefcd4af7e3efe8bc2cc995d931ae44d,baseline_v2_clean,824757,2026-05-28,2026-05-28T20:10:00Z,2026-05-28T10:17:04.956538Z,592.917,Red Sox,Braves,DraftKings,draftkings,2026-05-28T10:17:06Z,total,over,7.0,1.83,OK,,,,True,False,False,,,,
5eda48aaac80e0c797d48da078c8ef0eeea9073aae03d2f668d9a3374dd2c48b,baseline_v2_clean,824757,2026-05-28,2026-05-28T20:10:00Z,2026-05-28T10:17:04.956538Z,592.917,Red Sox,Braves,DraftKings,draftkings,2026-05-28T10:17:06Z,total,under,7.0,2.0,OK,,,,True,False,False,,,,
514e41a694baa9e7d2f61b445556d0355fc10b31f1ea6b186d412d438f9fcbfe,baseline_v2_clean,824757,2026-05-28,2026-05-28T20:10:00Z,2026-05-28T10:17:04.956538Z,592.917,Red Sox,Braves,BetMGM,betmgm,2026-05-28T10:17:05Z,moneyline,home,,2.2,OK,,,,True,False,False,,,,
06fb02768bfd2a53c8301c59ce78a09ec5114199f8cc898de907c190876039a6,baseline_v2_clean,824757,2026-05-28,2026-05-28T20:10:00Z,2026-05-28T10:17:04.956538Z,592.917,Red Sox,Braves,BetMGM,betmgm,2026-05-28T10:17:05Z,moneyline,away,,1.69,OK,,,,True,False,False,,,,
7e2758637ae636e717d4e6771ae39ecda78a0738e4f646ad6788af402b5dafaa,baseline_v2_clean,824757,2026-05-28,2026-05-28T20:10:00Z,2026-05-28T10:17:04.956538Z,592.917,Red Sox,Braves,BetMGM,betmgm,2026-05-28T10:17:05Z,spread,home,1.5,1.69,OK,,,,True,False,False,,,,
a4b2ea969a89f2db75e29c6a450155fcc86b90a4609470cb40bc7f68111f5b48,baseline_v2_clean,824757,2026-05-28,2026-05-28T20:10:00Z,2026-05-28T10:17:04.956538Z,592.917,Red Sox,Braves,BetMGM,betmgm,2026-05-28T10:17:05Z,total,over,7.0,1.77,OK,,,,True,False,False,,,,
74e74dabae0af22e2f81ebc601dc7d0e9ff5bd14c877e8b63ffd546cfe8b90e8,baseline_v2_clean,824757,2026-05-28,2026-05-28T20:10:00Z,2026-05-28T10:17:04.956538Z,592.917,Red Sox,Braves,BetMGM,betmgm,2026-05-28T10:17:05Z,total,under,7.0,2.05,OK,,,,True,False,False,,,,
adf390863210bb893b6d8665a302f0601fb8987827554d887573415d3f907b20,baseline_v2_clean,824834,2026-05-28,2026-05-28T22:35:00Z,2026-05-28T10:17:04.956538Z,737.917,Orioles,Blue Jays,FanDuel,fanduel,2026-05-28T10:17:05Z,moneyline,home,,1.79,OK,,,,True,False,False,,,,
1d397c23b51ed42abd45f42c7109454e4e839273b1a856eefb20a4fab4c0d775,baseline_v2_clean,824834,2026-05-28,2026-05-28T22:35:00Z,2026-05-28T10:17:04.956538Z,737.917,Orioles,Blue Jays,FanDuel,fanduel,2026-05-28T10:17:05Z,moneyline,away,,2.08,OK,,,,True,False,False,,,,
00fcc251584ec21fcfd8a273713bee42ce810dc24a5eebb73242b1c5fae2ef50,baseline_v2_clean,824834,2026-05-28,2026-05-28T22:35:00Z,2026-05-28T10:17:04.956538Z,737.917,Orioles,Blue Jays,FanDuel,fanduel,2026-05-28T10:17:05Z,spread,home,-1.5,2.64,OK,,,,True,False,False,,,,
0fea86b3bb8e183a08f3c615f818e08fb309e88d5c992ce8afb2b8c27593b25e,baseline_v2_clean,824834,2026-05-28,2026-05-28T22:35:00Z,2026-05-28T10:17:04.956538Z,737.917,Orioles,Blue Jays,FanDuel,fanduel,2026-05-28T10:17:05Z,total,over,8.5,1.87,OK,,,,True,False,False,,,,
b3d8d42bacaefb99639a92cb3e22680d320a9e5100345fd70141cab1d5507a5a,baseline_v2_clean,824834,2026-05-28,2026-05-28T22:35:00Z,2026-05-28T10:17:04.956538Z,737.917,Orioles,Blue Jays,FanDuel,fanduel,2026-05-28T10:17:05Z,total,under,8.5,1.95,OK,,,,True,False,False,,,,
67acb24dd567544ce6178189b8be226eddf8e1fef3ab1ac21476ac45deac7573,baseline_v2_clean,824834,2026-05-28,2026-05-28T22:35:00Z,2026-05-28T10:17:04.956538Z,737.917,Orioles,Blue Jays,DraftKings,draftkings,2026-05-28T10:17:06Z,moneyline,home,,1.76,OK,,,,True,False,False,,,,
29d0fac7230eccab40679fdc5fe0d9397d0a545ac1c3a9a1d8e26f877c345e01,baseline_v2_clean,824834,2026-05-28,2026-05-28T22:35:00Z,2026-05-28T10:17:04.956538Z,737.917,Orioles,Blue Jays,DraftKings,draftkings,2026-05-28T10:17:06Z,moneyline,away,,2.08,OK,,,,True,False,False,,,,
6ad51e21a89ec09ab6710c01c4ec374c7b0c5c1f499d5cc35da00b417ecf18f5,baseline_v2_clean,824834,2026-05-28,2026-05-28T22:35:00Z,2026-05-28T10:17:04.956538Z,737.917,Orioles,Blue Jays,DraftKings,draftkings,2026-05-28T10:17:06Z,spread,home,-1.5,2.53,OK,,,,True,False,False,,,,
8bf116f056ffbc796873f418ef7d045cb42ee8beecbaa6c17800f331600050b9,baseline_v2_clean,824834,2026-05-28,2026-05-28T22:35:00Z,2026-05-28T10:17:04.956538Z,737.917,Orioles,Blue Jays,DraftKings,draftkings,2026-05-28T10:17:06Z,total,over,8.5,1.85,OK,,,,True,False,False,,,,
97429175ddabed94230b4a2af286d88f89b5d1f11bdd8f5716e775b0419bbf9d,baseline_v2_clean,824834,2026-05-28,2026-05-28T22:35:00Z,2026-05-28T10:17:04.956538Z,737.917,Orioles,Blue Jays,DraftKings,draftkings,2026-05-28T10:17:06Z,total,under,8.5,1.98,OK,,,,True,False,False,,,,
7e065d76cfb1bfe79179e9a1a32698e63733979bc1b8b073e874781bd3c52e08,baseline_v2_clean,824834,2026-05-28,2026-05-28T22:35:00Z,2026-05-28T10:17:04.956538Z,737.917,Orioles,Blue Jays,BetMGM,betmgm,2026-05-28T10:17:05Z,moneyline,home,,1.74,OK,,,,True,False,False,,,,
4e0cdaa3ccc96497c72bb91c60126fada550b986582b8408c46156e62621bd32,baseline_v2_clean,824834,2026-05-28,2026-05-28T22:35:00Z,2026-05-28T10:17:04.956538Z,737.917,Orioles,Blue Jays,BetMGM,betmgm,2026-05-28T10:17:05Z,moneyline,away,,2.1,OK,,,,True,False,False,,,,
658db42e3bb65b41f37d4cbd90777d9325ebcceb1f777649dccea1931601109b,baseline_v2_clean,824834,2026-05-28,2026-05-28T22:35:00Z,2026-05-28T10:17:04.956538Z,737.917,Orioles,Blue Jays,BetMGM,betmgm,2026-05-28T10:17:05Z,spread,home,-1.5,2.5,OK,,,,True,False,False,,,,
bb2c8fcd46f615a1f84fcbb8b71a864dbadbb8f9ce0a9ff89ddb59dc3e054092,baseline_v2_clean,824834,2026-05-28,2026-05-28T22:35:00Z,2026-05-28T10:17:04.956538Z,737.917,Orioles,Blue Jays,BetMGM,betmgm,2026-05-28T10:17:05Z,total,over,8.5,1.85,OK,,,,True,False,False,,,,
5baddedd26c736d54a8c6e8814c1330838593f17f4307526e5d067d1af53c983,baseline_v2_clean,824834,2026-05-28,2026-05-28T22:35:00Z,2026-05-28T10:17:04.956538Z,737.917,Orioles,Blue Jays,BetMGM,betmgm,2026-05-28T10:17:05Z,total,under,8.5,1.98,OK,,,,True,False,False,,,,
cfeb3fbe9cd492dcaaf3888c180ebafa40d23da5d5a609888bb2eace2a5dfdc3,baseline_v2_clean,823378,2026-05-28,2026-05-28T22:40:00Z,2026-05-28T10:17:04.956538Z,742.917,Pirates,Cubs,FanDuel,fanduel,2026-05-28T10:17:05Z,moneyline,home,,1.57,OK,,,,True,False,False,,,,
ce7da5df580d81bd28912c7861fb77fbe0d244790d9d9657e746d77909cf48d1,baseline_v2_clean,823378,2026-05-28,2026-05-28T22:40:00Z,2026-05-28T10:17:04.956538Z,742.917,Pirates,Cubs,FanDuel,fanduel,2026-05-28T10:17:05Z,moneyline,away,,2.46,OK,,,,True,False,False,,,,
153b6eeb26b95e4dad46292289da1d01de50b6e306d8473460728d974f095acd,baseline_v2_clean,823378,2026-05-28,2026-05-28T22:40:00Z,2026-05-28T10:17:04.956538Z,742.917,Pirates,Cubs,FanDuel,fanduel,2026-05-28T10:17:05Z,spread,home,-1.5,2.26,OK,,,,True,False,False,,,,
26a43597fbd84f5bb7df64975ca2ccf32e75f9b1f2c1c6f41d644a5ed5720301,baseline_v2_clean,823378,2026-05-28,2026-05-28T22:40:00Z,2026-05-28T10:17:04.956538Z,742.917,Pirates,Cubs,FanDuel,fanduel,2026-05-28T10:17:05Z,total,over,7.5,1.95,OK,,,,True,False,False,,,,
dafe415ccbbc7785b5f64084dcb04e9ab550a5e7eddd7470bd516ddec7d2d2c3,baseline_v2_clean,823378,2026-05-28,2026-05-28T22:40:00Z,2026-05-28T10:17:04.956538Z,742.917,Pirates,Cubs,FanDuel,fanduel,2026-05-28T10:17:05Z,total,under,7.5,1.87,OK,,,,True,False,False,,,,
0dfc297e3e6f81a7a22baf4fa52dc17f4a05365095da36190408fca2834fb040,baseline_v2_clean,823378,2026-05-28,2026-05-28T22:40:00Z,2026-05-28T10:17:04.956538Z,742.917,Pirates,Cubs,DraftKings,draftkings,2026-05-28T10:17:06Z,moneyline,home,,1.57,OK,,,,True,False,False,,,,
54cb128a2d4d1b86d36c1ff929be1b0d14e866f75adf72a7604f5a68a6852351,baseline_v2_clean,823378,2026-05-28,2026-05-28T22:40:00Z,2026-05-28T10:17:04.956538Z,742.917,Pirates,Cubs,DraftKings,draftkings,2026-05-28T10:17:06Z,moneyline,away,,2.44,OK,,,,True,False,False,,,,
09a1a22ca1624c09d4a277974fbf1e53b1e4888da7c41fb496e48aa14a98a601,baseline_v2_clean,823378,2026-05-28,2026-05-28T22:40:00Z,2026-05-28T10:17:04.956538Z,742.917,Pirates,Cubs,DraftKings,draftkings,2026-05-28T10:17:06Z,spread,home,-1.5,2.28,OK,,,,True,False,False,,,,
d7308ec46ab4d6f717709d397a3cb85db322b18d71d0e01b5a7cc506f52d8b42,baseline_v2_clean,823378,2026-05-28,2026-05-28T22:40:00Z,2026-05-28T10:17:04.956538Z,742.917,Pirates,Cubs,DraftKings,draftkings,2026-05-28T10:17:06Z,total,over,7.5,1.91,OK,,,,True,False,False,,,,
0aba80b5e320b55fb952d4dd42000ef14f8473bfe62b1c4f8086f32a91ef1c3b,baseline_v2_clean,823378,2026-05-28,2026-05-28T22:40:00Z,2026-05-28T10:17:04.956538Z,742.917,Pirates,Cubs,DraftKings,draftkings,2026-05-28T10:17:06Z,total,under,7.5,1.92,OK,,,,True,False,False,,,,
396ea58292bf5f4881dd2941a6376e1d08195db35ce5754548afe1955d0685bf,baseline_v2_clean,823378,2026-05-28,2026-05-28T22:40:00Z,2026-05-28T10:17:04.956538Z,742.917,Pirates,Cubs,BetMGM,betmgm,2026-05-28T10:17:05Z,moneyline,home,,1.56,OK,,,,True,False,False,,,,
2b5616ca196b7e28126797c8db00cad89ef9c29103ec2965e39f0ab147eaa36e,baseline_v2_clean,823378,2026-05-28,2026-05-28T22:40:00Z,2026-05-28T10:17:04.956538Z,742.917,Pirates,Cubs,BetMGM,betmgm,2026-05-28T10:17:05Z,moneyline,away,,2.45,OK,,,,True,False,False,,,,
598988ea7419cd331e53245d3da2eed35aa51eb654a7d545089222a2256a6025,baseline_v2_clean,823378,2026-05-28,2026-05-28T22:40:00Z,2026-05-28T10:17:04.956538Z,742.917,Pirates,Cubs,BetMGM,betmgm,2026-05-28T10:17:05Z,spread,home,-1.5,2.25,OK,,,,True,False,False,,,,
d8123b70f4ff361446a7ece16e0751db9f00eae2e32812df26f0c7107b015350,baseline_v2_clean,823378,2026-05-28,2026-05-28T22:40:00Z,2026-05-28T10:17:04.956538Z,742.917,Pirates,Cubs,BetMGM,betmgm,2026-05-28T10:17:05Z,total,over,7.5,1.91,OK,,,,True,False,False,,,,
71f625b8a85a1ce190bb415f28673afaee2a8379350738844c005ea038922c52,baseline_v2_clean,823378,2026-05-28,2026-05-28T22:40:00Z,2026-05-28T10:17:04.956538Z,742.917,Pirates,Cubs,BetMGM,betmgm,2026-05-28T10:17:05Z,total,under,7.5,1.91,OK,,,,True,False,False,,,,
4c6c34a8928e074fabd52d08f7b34e31eaa56570ab41346c2e33a1e1ed34e5f0,baseline_v2_clean,822896,2026-05-29,2026-05-29T00:05:00Z,2026-05-28T10:17:04.956538Z,827.917,Rangers,Astros,FanDuel,fanduel,2026-05-28T10:17:05Z,moneyline,home,,1.66,OK,,,,True,False,False,,,,
562b3ffcb3b766532c2aa0de27c2f358935ccce3a2e705be2041204b8a8125ab,baseline_v2_clean,822896,2026-05-29,2026-05-29T00:05:00Z,2026-05-28T10:17:04.956538Z,827.917,Rangers,Astros,FanDuel,fanduel,2026-05-28T10:17:05Z,moneyline,away,,2.28,OK,,,,True,False,False,,,,
787fcb019ac5fb2af607bc4ea0ed09a12a1305cafde28d7b0041a27938bd2b73,baseline_v2_clean,822896,2026-05-29,2026-05-29T00:05:00Z,2026-05-28T10:17:04.956538Z,827.917,Rangers,Astros,FanDuel,fanduel,2026-05-28T10:17:05Z,spread,home,-1.5,2.46,OK,,,,True,False,False,,,,
9430a3fd6c1f5bbb30d2ddd83dd153acb41f09576906e4dc0f3f2b4a15508d68,baseline_v2_clean,822896,2026-05-29,2026-05-29T00:05:00Z,2026-05-28T10:17:04.956538Z,827.917,Rangers,Astros,FanDuel,fanduel,2026-05-28T10:17:05Z,total,over,7.5,1.94,OK,,,,True,False,False,,,,
20fb7d9f568f19cd42fcfd596f441dc070d927598f9977f900de501caf8606bb,baseline_v2_clean,822896,2026-05-29,2026-05-29T00:05:00Z,2026-05-28T10:17:04.956538Z,827.917,Rangers,Astros,FanDuel,fanduel,2026-05-28T10:17:05Z,total,under,7.5,1.88,OK,,,,True,False,False,,,,
c93b44c3eee3a8007156fd34ada3e2179f3cb80b1bf551035d964c1f8d504b8d,baseline_v2_clean,822896,2026-05-29,2026-05-29T00:05:00Z,2026-05-28T10:17:04.956538Z,827.917,Rangers,Astros,DraftKings,draftkings,2026-05-28T10:17:06Z,moneyline,home,,1.68,OK,,,,True,False,False,,,,
093743556a4cf4816893e6dd100d626d545766def9532ab503b51200812fc488,baseline_v2_clean,822896,2026-05-29,2026-05-29T00:05:00Z,2026-05-28T10:17:04.956538Z,827.917,Rangers,Astros,DraftKings,draftkings,2026-05-28T10:17:06Z,moneyline,away,,2.23,OK,,,,True,False,False,,,,
61ebf2aee28697de72579b25c6f54b93dd050d5c6682f04e37383010f6462f4b,baseline_v2_clean,822896,2026-05-29,2026-05-29T00:05:00Z,2026-05-28T10:17:04.956538Z,827.917,Rangers,Astros,DraftKings,draftkings,2026-05-28T10:17:06Z,spread,home,-1.5,2.43,OK,,,,True,False,False,,,,
20a3534fbb751ce4959d5637465fce7c000e16a7bdd9887d2b20297eb1963495,baseline_v2_clean,822896,2026-05-29,2026-05-29T00:05:00Z,2026-05-28T10:17:04.956538Z,827.917,Rangers,Astros,DraftKings,draftkings,2026-05-28T10:17:06Z,total,over,7.5,1.98,OK,,,,True,False,False,,,,
6bb5271a93e5de0d80bd95fca6f86d0865d3494e3d8762bf9ce1092fe3bf51a7,baseline_v2_clean,822896,2026-05-29,2026-05-29T00:05:00Z,2026-05-28T10:17:04.956538Z,827.917,Rangers,Astros,DraftKings,draftkings,2026-05-28T10:17:06Z,total,under,7.5,1.85,OK,,,,True,False,False,,,,
3c1d0db2ee5405626e31f23567eab7d385ac9a2be356bd15678e5d62ca11a658,baseline_v2_clean,822896,2026-05-29,2026-05-29T00:05:00Z,2026-05-28T10:17:04.956538Z,827.917,Rangers,Astros,BetMGM,betmgm,2026-05-28T10:17:05Z,moneyline,home,,1.67,OK,,,,True,False,False,,,,
eda4f6e7aab1e404f744def058ddef2671b41797f08284424f3d9fd903cc0c40,baseline_v2_clean,822896,2026-05-29,2026-05-29T00:05:00Z,2026-05-28T10:17:04.956538Z,827.917,Rangers,Astros,BetMGM,betmgm,2026-05-28T10:17:05Z,moneyline,away,,2.25,OK,,,,True,False,False,,,,
a21181e54b48e90a5499157fe04e792ff5beb47ff8f133213aeccfb066e36009,baseline_v2_clean,822896,2026-05-29,2026-05-29T00:05:00Z,2026-05-28T10:17:04.956538Z,827.917,Rangers,Astros,BetMGM,betmgm,2026-05-28T10:17:05Z,spread,home,-1.5,2.4,OK,,,,True,False,False,,,,
231814ccb8ae1ba400405a6bae52db06443907419074bfaf3a689589ae165a5b,baseline_v2_clean,822896,2026-05-29,2026-05-29T00:05:00Z,2026-05-28T10:17:04.956538Z,827.917,Rangers,Astros,BetMGM,betmgm,2026-05-28T10:17:05Z,total,over,7.5,2.0,OK,,,,True,False,False,,,,
3bbb0c016c0cce833f606136881f0d7f84073e0de8655d0c5c4fcf6182e72b06,baseline_v2_clean,822896,2026-05-29,2026-05-29T00:05:00Z,2026-05-28T10:17:04.956538Z,827.917,Rangers,Astros,BetMGM,betmgm,2026-05-28T10:17:05Z,total,under,7.5,1.83,OK,,,,True,False,False,,,,
