game_id,game_date,start_time,captured_at,home_team,away_team,home_probable_pitcher_id,away_probable_pitcher_id,home_probable_pitcher_name,away_probable_pitcher_name,home_sp_fip,away_sp_fip,sp_fip_diff,home_sp_k_pct,away_sp_k_pct,k_pct_diff,home_sp_bb_pct,away_sp_bb_pct,bb_pct_diff,home_sp_csw_proxy,away_sp_csw_proxy,sp_csw_diff,home_sp_stuff_plus_proxy,away_sp_stuff_plus_proxy,sp_stuff_plus_diff,pitcher_advanced_source_status,pitcher_advanced_reason,pitcher_advanced_captured_at
822721,2026-06-17,2026-06-17T17:05:00+00:00,2026-06-17T13:54:21.557616+00:00,Washington Nationals,Kansas City Royals,641793.0,679883.0,Zack Littell,Luinder Avila,6.6634,4.5602,2.1032,0.1314,0.2,-0.0686,0.0737,0.1394,-0.0657,0.2788,0.2803,-0.0015,84.25,92.17,-7.92,ok,home=ok (season pitching stats available); away=ok (season pitching stats available),2026-06-17T20:44:30.414481+00:00
822722,2026-06-14,2026-06-14T17:35:00+00:00,2026-06-14T12:01:32.809155+00:00,Washington Nationals,Seattle Mariners,571945.0,676106.0,Miles Mikolas,Emerson Hancock,5.2765,3.8029,1.4736,0.1439,0.2396,-0.0957,0.0561,0.0543,0.0018,0.2939,0.3427,-0.0488,91.07,105.21,-14.14,ok,home=ok (season pitching stats available); away=ok (season pitching stats available),2026-06-17T20:44:30.414481+00:00
822723,2026-06-16,2026-06-16T22:45:00+00:00,2026-06-16T21:14:10.018628+00:00,Washington Nationals,Kansas City Royals,656492.0,608379.0,Foster Griffin,Michael Wacha,4.5881,3.9723,0.6158,0.2305,0.1885,0.042,0.0663,0.0733,-0.007,0.3321,0.3076,0.0245,100.98,98.07,2.91,ok,home=ok (season pitching stats available); away=ok (season pitching stats available),2026-06-17T20:44:30.414481+00:00
822724,2026-06-15,2026-06-15T22:45:00+00:00,2026-06-15T10:30:49.037896+00:00,Washington Nationals,Kansas City Royals,674841.0,687765.0,Andrew Alvarez,Mitch Spence,3.1,5.975,-2.875,0.2562,0.0976,0.1586,0.0992,0.1463,-0.0471,0.3285,0.2256,0.1029,105.38,77.13,28.25,ok,home=ok (season pitching stats available); away=ok (season pitching stats available),2026-06-17T20:44:30.414481+00:00
822725,2026-06-13,2026-06-13T20:05:00+00:00,2026-06-13T14:54:26.594670+00:00,Washington Nationals,Seattle Mariners,676917.0,622491.0,Cade Cavalli,Luis Castillo,3.4214,4.255,-0.8336,0.2432,0.2181,0.0251,0.0751,0.0839,-0.0088,0.3341,0.3171,0.017,105.05,99.33,5.72,ok,home=ok (season pitching stats available); away=ok (season pitching stats available),2026-06-17T20:44:30.414481+00:00
822726,2026-06-12,2026-06-12T22:45:00+00:00,2026-06-12T21:52:30.159126+00:00,Washington Nationals,Seattle Mariners,641793.0,682243.0,Zack Littell,Bryce Miller,6.6634,2.9571,3.7063,0.1314,0.288,-0.1566,0.0737,0.04,0.0337,0.2788,0.374,-0.0952,84.25,113.73,-29.48,ok,home=ok (season pitching stats available); away=ok (season pitching stats available),2026-06-17T20:44:30.414481+00:00
822727,2026-06-03,2026-06-03T17:05:00+00:00,2026-06-03T14:02:07.840520+00:00,Washington Nationals,Miami Marlins,674841.0,676974.0,Andrew Alvarez,Max Meyer,3.1,3.2765,-0.1765,0.2562,0.2691,-0.0129,0.0992,0.0907,0.0085,0.3285,0.3392,-0.0107,105.38,106.82,-1.44,ok,home=ok (season pitching stats available); away=ok (season pitching stats available),2026-06-17T20:44:30.414481+00:00
822728,2026-06-02,2026-06-02T22:45:00+00:00,2026-06-02T21:54:22.349462+00:00,Washington Nationals,Miami Marlins,663992.0,669199.0,Richard Lovelady,Lake Bachar,5.0884,3.6847,1.4037,0.1752,0.2885,-0.1133,0.146,0.0833,0.0627,0.2646,0.3526,-0.088,87.57,108.13,-20.56,ok,home=ok (season pitching stats available); away=ok (season pitching stats available),2026-06-17T20:44:30.414481+00:00
822729,2026-05-31,2026-05-31T17:35:00+00:00,2026-05-31T16:07:50.641249+00:00,Washington Nationals,San Diego Padres,641793.0,656288.0,Zack Littell,Griffin Canning,6.6634,5.4095,1.2539,0.1314,0.224,-0.0926,0.0737,0.1366,-0.0629,0.2788,0.2937,-0.0149,84.25,92.24,-7.99,ok,home=ok (season pitching stats available); away=ok (season pitching stats available),2026-06-17T20:44:30.414481+00:00
822730,2026-06-01,2026-06-01T22:45:00+00:00,2026-06-01T21:56:45.773595+00:00,Washington Nationals,Miami Marlins,676917.0,645261.0,Cade Cavalli,Sandy Alcantara,3.4214,3.9903,-0.5689,0.2432,0.1782,0.065,0.0751,0.0556,0.0195,0.3341,0.3113,0.0228,105.05,98.4,6.65,ok,home=ok (season pitching stats available); away=ok (season pitching stats available),2026-06-17T20:44:30.414481+00:00
822731,2026-05-30,2026-05-30T20:05:00+00:00,2026-05-30T19:14:08.902169+00:00,Washington Nationals,San Diego Padres,656492.0,650633.0,Foster Griffin,Michael King,4.5881,4.3588,0.2293,0.2305,0.2098,0.0207,0.0663,0.1006,-0.0343,0.3321,0.3046,0.0275,100.98,96.86,4.12,ok,home=ok (season pitching stats available); away=ok (season pitching stats available),2026-06-17T20:44:30.414481+00:00
822801,2026-06-14,2026-06-14T17:37:00+00:00,2026-06-14T12:01:32.809155+00:00,Toronto Blue Jays,New York Yankees,571578.0,701542.0,Patrick Corbin,Will Warren,4.4115,3.3339,1.0776,0.1593,0.2436,-0.0843,0.0741,0.0769,-0.0028,0.2926,0.3334,-0.0408,93.77,105.21,-11.44,ok,home=ok (season pitching stats available); away=ok (season pitching stats available),2026-06-17T20:44:30.414481+00:00
822802,2026-06-13,2026-06-13T19:07:00+00:00,2026-06-13T14:54:26.594670+00:00,Toronto Blue Jays,New York Yankees,592332.0,693645.0,Kevin Gausman,Cam Schlittler,3.2034,2.3135,0.8899,0.2464,0.2775,-0.0311,0.0458,0.052,-0.0062,0.3503,0.3628,-0.0125,108.37,113.65,-5.28,ok,home=ok (season pitching stats available); away=ok (season pitching stats available),2026-06-17T20:44:30.414481+00:00
822803,2026-06-12,2026-06-12T23:37:00+00:00,2026-06-12T23:22:44.338782+00:00,Toronto Blue Jays,New York Yankees,702056.0,677960.0,Trey Yesavage,Ryan Weathers,3.5825,4.4318,-0.8493,0.2374,0.2656,-0.0282,0.1263,0.0689,0.0574,0.3055,0.3483,-0.0428,99.89,104.75,-4.86,ok,home=ok (season pitching stats available); away=ok (season pitching stats available),2026-06-17T20:44:30.414481+00:00
822804,2026-06-10,2026-06-10T23:07:00+00:00,2026-06-10T21:27:34.957253+00:00,Toronto Blue Jays,Philadelphia Phillies,453286.0,666200.0,Max Scherzer,Jesús Luzardo,8.7818,3.3218,5.46,0.1373,0.2665,-0.1292,0.1078,0.0742,0.0336,0.2647,0.3462,-0.0815,75.76,107.75,-31.99,ok,home=ok (season pitching stats available); away=ok (season pitching stats available),2026-06-17T20:44:30.414481+00:00
822805,2026-06-09,2026-06-09T23:07:00+00:00,2026-06-09T22:25:45.628325+00:00,Toronto Blue Jays,Philadelphia Phillies,656302.0,554430.0,Dylan Cease,Zack Wheeler,2.374,3.3872,-1.0132,0.363,0.2627,0.1003,0.1023,0.0636,0.0387,0.3803,0.3496,0.0307,117.99,108.02,9.97,ok,home=ok (season pitching stats available); away=ok (season pitching stats available),2026-06-17T20:44:30.414481+00:00
822806,2026-06-08,2026-06-08T23:07:00+00:00,2026-06-08T22:28:08.345647+00:00,Toronto Blue Jays,Philadelphia Phillies,571578.0,650911.0,Patrick Corbin,Cristopher Sánchez,4.4115,2.1505,2.261,0.1593,0.29,-0.1307,0.0741,0.0475,0.0266,0.2926,0.3712,-0.0786,93.77,115.75,-21.98,ok,home=ok (season pitching stats available); away=ok (season pitching stats available),2026-06-17T20:44:30.414481+00:00
822807,2026-06-07,2026-06-07T17:37:00+00:00,2026-06-07T10:56:39.401112+00:00,Toronto Blue Jays,Baltimore Orioles,592332.0,669358.0,Kevin Gausman,Shane Baz,3.2034,4.0146,-0.8112,0.2464,0.1887,0.0577,0.0458,0.0901,-0.0443,0.3503,0.2993,0.051,108.37,96.62,11.75,ok,home=ok (season pitching stats available); away=ok (season pitching stats available),2026-06-17T20:44:30.414481+00:00
822808,2026-06-06,2026-06-06T19:07:00+00:00,2026-06-06T13:40:39.003341+00:00,Toronto Blue Jays,Baltimore Orioles,,680694.0,,Kyle Bradish,,4.6955,0.0,,0.226,0.0,,0.1207,0.0,,0.3026,0.0,,95.86,0.0,partial,home=missing_pitcher_id (Missing probable pitcher id for unknown); away=ok (season pitching stats available),2026-06-17T20:44:30.414481+00:00
822810,2026-06-05,2026-06-05T23:07:00+00:00,2026-06-05T21:25:18.854859+00:00,Toronto Blue Jays,Baltimore Orioles,702056.0,687064.0,Trey Yesavage,Brandon Young,3.5825,4.0947,-0.5122,0.2374,0.166,0.0714,0.1263,0.0868,0.0395,0.3055,0.2896,0.0159,99.89,94.37,5.52,ok,home=ok (season pitching stats available); away=ok (season pitching stats available),2026-06-17T20:44:30.414481+00:00
822887,2026-06-15,2026-06-16T00:05:00+00:00,2026-06-15T10:30:49.037896+00:00,Texas Rangers,Minnesota Twins,669022.0,,MacKenzie Gore,,3.6513,,0.0,0.256,,0.0,0.1042,,0.0,0.3259,,0.0,103.31,,0.0,partial,home=ok (season pitching stats available); away=missing_pitcher_id (Missing probable pitcher id for unknown),2026-06-17T20:44:30.414481+00:00
822888,2026-06-16,2026-06-17T00:05:00+00:00,2026-06-16T23:41:50.007397+00:00,Texas Rangers,Minnesota Twins,677958.0,805673.0,Kumar Rocker,Zebby Matthews,4.3754,4.6923,-0.3169,0.1854,0.191,-0.0056,0.0993,0.0506,0.0487,0.2931,0.3202,-0.0271,94.47,97.98,-3.51,ok,home=ok (season pitching stats available); away=ok (season pitching stats available),2026-06-17T20:44:30.414481+00:00
822890,2026-06-07,2026-06-07T18:35:00+00:00,2026-06-07T10:56:39.401112+00:00,Texas Rangers,Cleveland Guardians,594798.0,676282.0,Jacob deGrom,Joey Cantillo,3.5696,4.7667,-1.1971,0.2918,0.2147,0.0771,0.0492,0.1154,-0.0662,0.3713,0.2996,0.0717,111.54,94.94,16.6,ok,home=ok (season pitching stats available); away=ok (season pitching stats available),2026-06-17T20:44:30.414481+00:00
822891,2026-06-06,2026-06-06T23:35:00+00:00,2026-06-06T13:40:39.003341+00:00,Texas Rangers,Cleveland Guardians,683004.0,676440.0,Jack Leiter,Tanner Bibee,4.5342,4.6952,-0.161,0.2358,0.2076,0.0282,0.0985,0.076,0.0225,0.3186,0.3158,0.0028,99.1,97.59,1.51,ok,home=ok (season pitching stats available); away=ok (season pitching stats available),2026-06-17T20:44:30.414481+00:00
822892,2026-06-05,2026-06-06T00:15:00+00:00,2026-06-05T23:08:37.410209+00:00,Texas Rangers,Cleveland Guardians,677958.0,800048.0,Kumar Rocker,Parker Messick,4.3754,3.3231,1.0523,0.1854,0.2562,-0.0708,0.0993,0.0781,0.0212,0.2931,0.339,-0.0459,94.47,106.4,-11.93,ok,home=ok (season pitching stats available); away=ok (season pitching stats available),2026-06-17T20:44:30.414481+00:00
822893,2026-05-30,2026-05-30T20:05:00+00:00,2026-05-30T19:14:08.902169+00:00,Texas Rangers,Kansas City Royals,677958.0,607625.0,Kumar Rocker,Seth Lugo,4.3754,3.5664,0.809,0.1854,0.1976,-0.0122,0.0993,0.0749,0.0244,0.2931,0.3114,-0.0183,94.47,100.07,-5.6,ok,home=ok (season pitching stats available); away=ok (season pitching stats available),2026-06-17T20:44:30.414481+00:00
822895,2026-05-31,2026-05-31T18:35:00+00:00,2026-05-31T18:01:13.612831+00:00,Texas Rangers,Kansas City Royals,683004.0,608379.0,Jack Leiter,Michael Wacha,4.5342,3.9723,0.5619,0.2358,0.1885,0.0473,0.0985,0.0733,0.0252,0.3186,0.3076,0.011,99.1,98.07,1.03,ok,home=ok (season pitching stats available); away=ok (season pitching stats available),2026-06-17T20:44:30.414481+00:00
822969,2026-06-09,2026-06-09T22:40:00+00:00,2026-06-09T22:25:45.628325+00:00,Tampa Bay Rays,Boston Red Sox,607259.0,801139.0,Nick Martinez,Payton Tolle,3.5699,3.0829,0.487,0.1471,0.2542,-0.1071,0.0412,0.0678,-0.0266,0.3029,0.3432,-0.0403,97.7,107.75,-10.05,ok,home=ok (season pitching stats available); away=ok (season pitching stats available),2026-06-17T20:44:30.414481+00:00
822970,2026-06-10,2026-06-10T17:10:00+00:00,2026-06-10T15:47:25.074074+00:00,Tampa Bay Rays,Boston Red Sox,656876.0,687562.0,Drew Rasmussen,Jake Bennett,3.025,3.8826,-0.8576,0.2727,0.1231,0.1496,0.0422,0.0769,-0.0347,0.3652,0.2731,0.0921,111.82,91.51,20.31,ok,home=ok (season pitching stats available); away=ok (season pitching stats available),2026-06-17T20:44:30.414481+00:00
822971,2026-06-02,2026-06-02T22:40:00+00:00,2026-06-02T21:54:22.349462+00:00,Tampa Bay Rays,Detroit Tigers,571927.0,656427.0,Steven Matz,Jack Flaherty,5.6743,4.0898,1.5845,0.1792,0.2549,-0.0757,0.0896,0.1111,-0.0215,0.2948,0.3219,-0.0271,90.73,101.33,-10.6,ok,home=ok (season pitching stats available); away=ok (season pitching stats available),2026-06-17T20:44:30.414481+00:00
822972,2026-06-08,2026-06-08T22:40:00+00:00,2026-06-08T22:28:08.345647+00:00,Tampa Bay Rays,Boston Red Sox,693855.0,813349.0,Ian Seymour,Connelly Early,4.6391,4.9899,-0.3508,0.25,0.2202,0.0298,0.1159,0.0887,0.0272,0.317,0.3157,0.0013,98.81,96.95,1.86,ok,home=ok (season pitching stats available); away=ok (season pitching stats available),2026-06-17T20:44:30.414481+00:00
822973,2026-06-03,2026-06-03T17:10:00+00:00,2026-06-03T14:02:07.840520+00:00,Tampa Bay Rays,Detroit Tigers,607259.0,675512.0,Nick Martinez,Troy Melton,3.5699,5.3597,-1.7898,0.1471,0.1373,0.0098,0.0412,0.0588,-0.0176,0.3029,0.2893,0.0136,97.7,89.95,7.75,ok,home=ok (season pitching stats available); away=ok (season pitching stats available),2026-06-17T20:44:30.414481+00:00
822974,2026-06-01,2026-06-01T22:40:00+00:00,2026-06-01T21:56:45.773595+00:00,Tampa Bay Rays,Detroit Tigers,643377.0,680744.0,Griffin Jax,Ty Madden,4.5318,3.0,1.5318,0.2228,0.2805,-0.0577,0.0978,0.061,0.0368,0.3125,0.3598,-0.0473,97.86,111.17,-13.31,ok,home=ok (season pitching stats available); away=ok (season pitching stats available),2026-06-17T20:44:30.414481+00:00
822975,2026-05-30,2026-05-30T20:10:00+00:00,2026-05-30T19:14:08.902169+00:00,Tampa Bay Rays,Los Angeles Angels,656876.0,672282.0,Drew Rasmussen,Reid Detmers,3.025,2.8159,0.2091,0.2727,0.2817,-0.009,0.0422,0.0676,-0.0254,0.3652,0.357,0.0082,111.82,111.31,0.51,ok,home=ok (season pitching stats available); away=ok (season pitching stats available),2026-06-17T20:44:30.414481+00:00
822976,2026-05-31,2026-05-31T17:40:00+00:00,2026-05-31T16:07:50.641249+00:00,Tampa Bay Rays,Los Angeles Angels,663556.0,686799.0,Shane McClanahan,Jack Kochanowicz,2.9227,4.975,-2.0523,0.2404,0.1588,0.0816,0.0941,0.1216,-0.0275,0.3231,0.2686,0.0545,104.74,88.23,16.51,ok,home=ok (season pitching stats available); away=ok (season pitching stats available),2026-06-17T20:44:30.414481+00:00
823044,2026-06-17,2026-06-17T18:15:00+00:00,2026-06-17T17:14:15.859563+00:00,St. Louis Cardinals,San Diego Padres,681517.0,699134.0,Kyle Leahy,Bradgley Rodriguez,4.3714,2.6631,1.7083,0.1873,0.2222,-0.0349,0.0825,0.0833,-0.0008,0.3024,0.3195,-0.0171,96.02,104.57,-8.55,ok,home=ok (season pitching stats available); away=ok (season pitching stats available),2026-06-17T20:44:30.414481+00:00
823045,2026-06-16,2026-06-16T23:45:00+00:00,2026-06-16T23:41:50.007397+00:00,St. Louis Cardinals,San Diego Padres,669467.0,650633.0,Andre Pallante,Michael King,4.1826,4.3588,-0.1762,0.1925,0.2098,-0.0173,0.0776,0.1006,-0.023,0.3075,0.3046,0.0029,97.49,96.86,0.63,ok,home=ok (season pitching stats available); away=ok (season pitching stats available),2026-06-17T20:44:30.414481+00:00
823046,2026-06-15,2026-06-15T23:45:00+00:00,2026-06-15T10:30:49.037896+00:00,St. Louis Cardinals,San Diego Padres,669160.0,,Dustin May,,3.0143,,0.0,0.228,,0.0,0.0638,,0.0,0.3321,,0.0,105.65,,0.0,partial,home=ok (season pitching stats available); away=missing_pitcher_id (Missing probable pitcher id for unknown),2026-06-17T20:44:30.414481+00:00
823047,2026-06-07,2026-06-07T18:15:00+00:00,2026-06-07T10:56:39.401112+00:00,St. Louis Cardinals,Cincinnati Reds,700241.0,695076.0,Michael McGreevy,Rhett Lowder,4.3511,4.0787,0.2724,0.1645,0.1787,-0.0142,0.0613,0.1208,-0.0595,0.3016,0.2789,0.0227,95.49,92.97,2.52,ok,home=ok (season pitching stats available); away=ok (season pitching stats available),2026-06-17T20:44:30.414481+00:00
823048,2026-06-06,2026-06-06T18:15:00+00:00,2026-06-06T13:40:39.003341+00:00,St. Louis Cardinals,Cincinnati Reds,669461.0,666157.0,Matthew Liberatore,Nick Lodolo,4.9821,5.7953,-0.8132,0.2117,0.1633,0.0484,0.0879,0.0867,0.0012,0.3119,0.2883,0.0236,96.19,89.01,7.18,ok,home=ok (season pitching stats available); away=ok (season pitching stats available),2026-06-17T20:44:30.414481+00:00
823049,2026-06-05,2026-06-06T00:15:00+00:00,2026-06-05T23:08:37.410209+00:00,St. Louis Cardinals,Cincinnati Reds,681517.0,663903.0,Kyle Leahy,Brady Singer,4.3714,6.1455,-1.7741,0.1873,0.1711,0.0162,0.0825,0.0757,0.0068,0.3024,0.2977,0.0047,96.02,89.62,6.4,ok,home=ok (season pitching stats available); away=ok (season pitching stats available),2026-06-17T20:44:30.414481+00:00
823050,2026-06-01,2026-06-01T23:45:00+00:00,2026-06-01T23:03:22.306671+00:00,St. Louis Cardinals,Texas Rangers,700241.0,594798.0,Michael McGreevy,Jacob deGrom,4.3511,3.5696,0.7815,0.1645,0.2918,-0.1273,0.0613,0.0492,0.0121,0.3016,0.3713,-0.0697,95.49,111.54,-16.05,ok,home=ok (season pitching stats available); away=ok (season pitching stats available),2026-06-17T20:44:30.414481+00:00
823051,2026-06-03,2026-06-03T23:45:00+00:00,2026-06-03T23:43:03.467080+00:00,St. Louis Cardinals,Texas Rangers,669467.0,669022.0,Andre Pallante,MacKenzie Gore,4.1826,3.6513,0.5313,0.1925,0.256,-0.0635,0.0776,0.1042,-0.0266,0.3075,0.3259,-0.0184,97.49,103.31,-5.82,ok,home=ok (season pitching stats available); away=ok (season pitching stats available),2026-06-17T20:44:30.414481+00:00
823052,2026-06-02,2026-06-02T23:45:00+00:00,2026-06-02T23:02:12.073800+00:00,St. Louis Cardinals,Texas Rangers,669160.0,543135.0,Dustin May,Nathan Eovaldi,3.0143,4.6573,-1.643,0.228,0.2287,-0.0007,0.0638,0.0579,0.0059,0.3321,0.3354,-0.0033,105.65,101.27,4.38,ok,home=ok (season pitching stats available); away=ok (season pitching stats available),2026-06-17T20:44:30.414481+00:00
823053,2026-05-31,2026-05-31T23:20:00+00:00,2026-05-31T23:09:04.009586+00:00,St. Louis Cardinals,Chicago Cubs,669461.0,696136.0,Matthew Liberatore,Jordan Wicks,4.9821,4.2053,0.7768,0.2117,0.1765,0.0352,0.0879,0.0294,0.0585,0.3119,0.3236,-0.0117,96.19,99.68,-3.49,ok,home=ok (season pitching stats available); away=ok (season pitching stats available),2026-06-17T20:44:30.414481+00:00
823054,2026-05-30,2026-05-30T23:15:00+00:00,2026-05-30T22:01:24.114016+00:00,St. Louis Cardinals,Chicago Cubs,681517.0,676962.0,Kyle Leahy,Ben Brown,4.3714,2.3581,2.0133,0.1873,0.251,-0.0637,0.0825,0.0782,0.0043,0.3024,0.3364,-0.034,96.02,108.77,-12.75,ok,home=ok (season pitching stats available); away=ok (season pitching stats available),2026-06-17T20:44:30.414481+00:00
823127,2026-06-17,2026-06-18T01:40:00+00:00,2026-06-17T20:26:01.614215+00:00,Seattle Mariners,Baltimore Orioles,669923.0,680694.0,George Kirby,Kyle Bradish,3.3976,4.6955,-1.2979,0.2114,0.226,-0.0146,0.06,0.1207,-0.0607,0.3257,0.3026,0.0231,103.15,95.86,7.29,ok,home=ok (season pitching stats available); away=ok (season pitching stats available),2026-06-17T20:44:30.414481+00:00
823128,2026-06-16,2026-06-17T01:40:00+00:00,2026-06-16T23:41:50.007397+00:00,Seattle Mariners,Baltimore Orioles,669302.0,687064.0,Logan Gilbert,Brandon Young,3.7923,4.0947,-0.3024,0.2659,0.166,0.0999,0.0578,0.0868,-0.029,0.3541,0.2896,0.0645,107.59,94.37,13.22,ok,home=ok (season pitching stats available); away=ok (season pitching stats available),2026-06-17T20:44:30.414481+00:00
823129,2026-06-02,2026-06-03T01:40:00+00:00,2026-06-02T23:02:12.073800+00:00,Seattle Mariners,New York Mets,669302.0,,Logan Gilbert,,3.7923,,0.0,0.2659,,0.0,0.0578,,0.0,0.3541,,0.0,107.59,,0.0,partial,home=ok (season pitching stats available); away=missing_pitcher_id (Missing probable pitcher id for unknown),2026-06-17T20:44:30.414481+00:00
823130,2026-06-03,2026-06-03T19:40:00+00:00,2026-06-03T18:23:52.453650+00:00,Seattle Mariners,New York Mets,669923.0,642547.0,George Kirby,Freddy Peralta,3.3976,4.0518,-0.6542,0.2114,0.2269,-0.0155,0.06,0.0924,-0.0324,0.3257,0.3173,0.0084,103.15,100.14,3.01,ok,home=ok (season pitching stats available); away=ok (season pitching stats available),2026-06-17T20:44:30.414481+00:00
823131,2026-06-01,2026-06-02T01:40:00+00:00,2026-06-01T23:03:22.306671+00:00,Seattle Mariners,New York Mets,676106.0,681810.0,Emerson Hancock,Austin Warren,3.8029,3.9049,-0.102,0.2396,0.2414,-0.0018,0.0543,0.1034,-0.0491,0.3427,0.319,0.0237,105.21,101.15,4.06,ok,home=ok (season pitching stats available); away=ok (season pitching stats available),2026-06-17T20:44:30.414481+00:00
823132,2026-05-30,2026-05-31T02:10:00+00:00,2026-05-30T22:01:24.114016+00:00,Seattle Mariners,Arizona Diamondbacks,693433.0,669194.0,Bryan Woo,Ryne Nelson,3.2585,5.392,-2.1335,0.2401,0.1746,0.0655,0.0456,0.062,-0.0164,0.3473,0.3063,0.041,107.59,93.32,14.27,ok,home=ok (season pitching stats available); away=ok (season pitching stats available),2026-06-17T20:44:30.414481+00:00
823133,2026-05-31,2026-05-31T20:10:00+00:00,2026-05-31T20:07:12.119028+00:00,Seattle Mariners,Arizona Diamondbacks,682243.0,518876.0,Bryce Miller,Merrill Kelly,2.9571,5.9852,-3.0281,0.288,0.1359,0.1521,0.04,0.0906,-0.0506,0.374,0.2727,0.1013,113.73,85.39,28.34,ok,home=ok (season pitching stats available); away=ok (season pitching stats available),2026-06-17T20:44:30.414481+00:00
823211,2026-06-12,2026-06-13T02:15:00+00:00,2026-06-12T23:22:44.338782+00:00,San Francisco Giants,Chicago Cubs,694738.0,665871.0,Landen Roupp,Javier Assad,2.9655,3.987,-1.0215,0.262,0.16,0.102,0.1022,0.06,0.0422,0.3299,0.3,0.0299,106.13,96.24,9.89,ok,home=ok (season pitching stats available); away=ok (season pitching stats available),2026-06-17T20:44:30.414481+00:00
823212,2026-06-14,2026-06-14T19:10:00+00:00,2026-06-14T12:01:32.809155+00:00,San Francisco Giants,Chicago Cubs,657277.0,669020.0,Logan Webb,Ryan Rolison,2.9805,3.8778,-0.8973,0.211,0.2547,-0.0437,0.0617,0.1132,-0.0515,0.3246,0.3207,0.0039,104.22,101.78,2.44,ok,home=ok (season pitching stats available); away=ok (season pitching stats available),2026-06-17T20:44:30.414481+00:00
823213,2026-06-13,2026-06-14T02:05:00+00:00,2026-06-13T14:54:26.594670+00:00,San Francisco Giants,Chicago Cubs,686790.0,676962.0,Trevor McDonald,Ben Brown,3.8734,2.3581,1.5153,0.2216,0.251,-0.0294,0.0811,0.0782,0.0029,0.3202,0.3364,-0.0162,101.05,108.77,-7.72,ok,home=ok (season pitching stats available); away=ok (season pitching stats available),2026-06-17T20:44:30.414481+00:00
823214,2026-06-09,2026-06-10T01:45:00+00:00,2026-06-09T22:25:45.628325+00:00,San Francisco Giants,Washington Nationals,605288.0,674841.0,Adrian Houser,Andrew Alvarez,5.3273,3.1,2.2273,0.1584,0.2562,-0.0978,0.0825,0.0992,-0.0167,0.2879,0.3285,-0.0406,90.26,105.38,-15.12,ok,home=ok (season pitching stats available); away=ok (season pitching stats available),2026-06-17T20:44:30.414481+00:00
823215,2026-06-10,2026-06-10T19:45:00+00:00,2026-06-10T18:34:29.577011+00:00,San Francisco Giants,Washington Nationals,592662.0,656492.0,Robbie Ray,Foster Griffin,4.9577,4.5881,0.3696,0.2196,0.2305,-0.0109,0.1128,0.0663,0.0465,0.3034,0.3321,-0.0287,95.06,100.98,-5.92,ok,home=ok (season pitching stats available); away=ok (season pitching stats available),2026-06-17T20:44:30.414481+00:00
823218,2026-06-08,2026-06-09T01:45:00+00:00,2026-06-08T23:48:33.404711+00:00,San Francisco Giants,Washington Nationals,657277.0,663992.0,Logan Webb,Richard Lovelady,2.9805,5.0884,-2.1079,0.211,0.1752,0.0358,0.0617,0.146,-0.0843,0.3246,0.2646,0.06,104.22,87.57,16.65,ok,home=ok (season pitching stats available); away=ok (season pitching stats available),2026-06-17T20:44:30.414481+00:00
823287,2026-06-10,2026-06-10T20:10:00+00:00,2026-06-10T18:34:29.577011+00:00,San Diego Padres,Cincinnati Reds,650633.0,663903.0,Michael King,Brady Singer,4.3588,6.1455,-1.7867,0.2098,0.1711,0.0387,0.1006,0.0757,0.0249,0.3046,0.2977,0.0069,96.86,89.62,7.24,ok,home=ok (season pitching stats available); away=ok (season pitching stats available),2026-06-17T20:44:30.414481+00:00
823289,2026-06-08,2026-06-09T01:40:00+00:00,2026-06-08T23:48:33.404711+00:00,San Diego Padres,Cincinnati Reds,621111.0,671096.0,Walker Buehler,Andrew Abbott,3.4564,4.7946,-1.3382,0.2021,0.1691,0.033,0.0767,0.105,-0.0283,0.3127,0.2821,0.0306,100.7,91.13,9.57,ok,home=ok (season pitching stats available); away=ok (season pitching stats available),2026-06-17T20:44:30.414481+00:00
823290,2026-06-09,2026-06-10T01:40:00+00:00,2026-06-09T22:25:45.628325+00:00,San Diego Padres,Cincinnati Reds,608337.0,695505.0,Lucas Giolito,Chase Burns,5.9442,3.162,2.7822,0.1356,0.2978,-0.1622,0.178,0.0815,0.0965,0.2288,0.3581,-0.1293,78.49,110.77,-32.28,ok,home=ok (season pitching stats available); away=ok (season pitching stats available),2026-06-17T20:44:30.414481+00:00
823291,2026-06-07,2026-06-07T20:10:00+00:00,2026-06-07T10:56:39.401112+00:00,San Diego Padres,New York Mets,681190.0,623211.0,Randy Vásquez,Huascar Brazobán,4.4722,3.4545,1.0177,0.1853,0.2238,-0.0385,0.0703,0.1119,-0.0416,0.3075,0.3059,0.0016,96.49,100.06,-3.57,ok,home=ok (season pitching stats available); away=ok (season pitching stats available),2026-06-17T20:44:30.414481+00:00
823292,2026-06-06,2026-06-07T02:10:00+00:00,2026-06-06T13:40:39.003341+00:00,San Diego Padres,New York Mets,656288.0,690997.0,Griffin Canning,Nolan McLean,5.4095,3.496,1.9135,0.224,0.282,-0.058,0.1366,0.093,0.0436,0.2937,0.3445,-0.0508,92.24,107.27,-15.03,ok,home=ok (season pitching stats available); away=ok (season pitching stats available),2026-06-17T20:44:30.414481+00:00
823293,2026-06-05,2026-06-06T01:40:00+00:00,2026-06-05T23:08:37.410209+00:00,San Diego Padres,New York Mets,650633.0,681035.0,Michael King,Christian Scott,4.3588,3.8377,0.5211,0.2098,0.264,-0.0542,0.1006,0.1067,-0.0061,0.3046,0.3286,-0.024,96.86,103.35,-6.49,ok,home=ok (season pitching stats available); away=ok (season pitching stats available),2026-06-17T20:44:30.414481+00:00
823368,2026-06-14,2026-06-14T16:15:00+00:00,2026-06-14T12:01:32.809155+00:00,Pittsburgh Pirates,Miami Marlins,694973.0,676974.0,Paul Skenes,Max Meyer,2.6854,3.2765,-0.5911,0.3037,0.2691,0.0346,0.0491,0.0907,-0.0416,0.3773,0.3392,0.0381,115.39,106.82,8.57,ok,home=ok (season pitching stats available); away=ok (season pitching stats available),2026-06-17T20:44:30.414481+00:00
823369,2026-06-13,2026-06-13T20:05:00+00:00,2026-06-13T14:54:26.594670+00:00,Pittsburgh Pirates,Miami Marlins,696149.0,669199.0,Bubba Chandler,Lake Bachar,4.5265,3.6847,0.8418,0.2259,0.2885,-0.0626,0.1362,0.0833,0.0529,0.2949,0.3526,-0.0577,95.11,108.13,-13.02,ok,home=ok (season pitching stats available); away=ok (season pitching stats available),2026-06-17T20:44:30.414481+00:00
823370,2026-06-12,2026-06-12T22:40:00+00:00,2026-06-12T21:52:30.159126+00:00,Pittsburgh Pirates,Miami Marlins,677952.0,645261.0,Braxton Ashcraft,Sandy Alcantara,3.0882,3.9903,-0.9021,0.2616,0.1782,0.0834,0.0552,0.0556,-0.0004,0.3532,0.3113,0.0419,109.48,98.4,11.08,ok,home=ok (season pitching stats available); away=ok (season pitching stats available),2026-06-17T20:44:30.414481+00:00
823371,2026-06-11,2026-06-11T22:40:00+00:00,2026-06-11T21:25:37.149013+00:00,Pittsburgh Pirates,Los Angeles Dodgers,656605.0,680736.0,Mitch Keller,Justin Wrobleski,3.9745,3.5034,0.4711,0.1841,0.1582,0.0259,0.0878,0.0506,0.0372,0.2982,0.3038,-0.0056,96.46,98.26,-1.8,ok,home=ok (season pitching stats available); away=ok (season pitching stats available),2026-06-17T20:44:30.414481+00:00
823372,2026-06-10,2026-06-10T22:40:00+00:00,2026-06-10T21:27:34.957253+00:00,Pittsburgh Pirates,Los Angeles Dodgers,683003.0,660271.0,Jared Jones,Shohei Ohtani,5.0615,2.6734,2.3881,0.2308,0.2692,-0.0384,0.0769,0.0769,0.0,0.327,0.3462,-0.0192,98.74,109.75,-11.01,ok,home=ok (season pitching stats available); away=ok (season pitching stats available),2026-06-17T20:44:30.414481+00:00
823373,2026-05-31,2026-05-31T17:35:00+00:00,2026-05-31T16:07:50.641249+00:00,Pittsburgh Pirates,Minnesota Twins,677952.0,805673.0,Braxton Ashcraft,Zebby Matthews,3.0882,4.6923,-1.6041,0.2616,0.191,0.0706,0.0552,0.0506,0.0046,0.3532,0.3202,0.033,109.48,97.98,11.5,ok,home=ok (season pitching stats available); away=ok (season pitching stats available),2026-06-17T20:44:30.414481+00:00
823374,2026-06-09,2026-06-09T22:40:00+00:00,2026-06-09T22:25:45.628325+00:00,Pittsburgh Pirates,Los Angeles Dodgers,694973.0,641778.0,Paul Skenes,Eric Lauer,2.6854,6.4068,-3.7214,0.3037,0.16,0.1437,0.0491,0.084,-0.0349,0.3773,0.288,0.0893,115.39,87.06,28.33,ok,home=ok (season pitching stats available); away=ok (season pitching stats available),2026-06-17T20:44:30.414481+00:00
823375,2026-05-30,2026-05-30T20:05:00+00:00,2026-05-30T19:14:08.902169+00:00,Pittsburgh Pirates,Minnesota Twins,656605.0,641927.0,Mitch Keller,Bailey Ober,3.9745,4.96,-0.9855,0.1841,0.1637,0.0204,0.0878,0.0641,0.0237,0.2982,0.2998,-0.0016,96.46,93.36,3.1,ok,home=ok (season pitching stats available); away=ok (season pitching stats available),2026-06-17T20:44:30.414481+00:00
823450,2026-06-17,2026-06-17T17:05:00+00:00,2026-06-17T13:54:21.557616+00:00,Philadelphia Phillies,Miami Marlins,691725.0,645261.0,Andrew Painter,Sandy Alcantara,5.5154,3.9903,1.5251,0.1773,0.1782,-0.0009,0.0803,0.0556,0.0247,0.2985,0.3113,-0.0128,91.76,98.4,-6.64,ok,home=ok (season pitching stats available); away=ok (season pitching stats available),2026-06-17T20:44:30.414481+00:00
823451,2026-06-16,2026-06-16T22:40:00+00:00,2026-06-16T21:14:10.018628+00:00,Philadelphia Phillies,Miami Marlins,666200.0,663969.0,Jesús Luzardo,Tyler Phillips,3.3218,4.2274,-0.9056,0.2665,0.1974,0.0691,0.0742,0.1184,-0.0442,0.3462,0.2895,0.0567,107.75,94.59,13.16,ok,home=ok (season pitching stats available); away=ok (season pitching stats available),2026-06-17T20:44:30.414481+00:00
823452,2026-06-15,2026-06-15T22:40:00+00:00,2026-06-15T10:30:49.037896+00:00,Philadelphia Phillies,Miami Marlins,554430.0,687473.0,Zack Wheeler,Ryan Gusto,3.3872,4.6366,-1.2494,0.2627,0.1515,0.1112,0.0636,0.0758,-0.0122,0.3496,0.2878,0.0618,108.02,92.18,15.84,ok,home=ok (season pitching stats available); away=ok (season pitching stats available),2026-06-17T20:44:30.414481+00:00
823453,2026-06-07,2026-06-07T17:35:00+00:00,2026-06-07T10:56:39.401112+00:00,Philadelphia Phillies,Chicago White Sox,605400.0,656457.0,Aaron Nola,Tyler Gilbert,4.5009,11.8273,-7.3264,0.2298,0.1364,0.0934,0.0777,0.1818,-0.1041,0.3261,0.2273,0.0988,100.26,70.0,30.26,ok,home=ok (season pitching stats available); away=ok (season pitching stats available),2026-06-17T20:44:30.414481+00:00
823454,2026-06-06,2026-06-06T20:05:00+00:00,2026-06-06T13:40:39.003341+00:00,Philadelphia Phillies,Chicago White Sox,691725.0,685126.0,Andrew Painter,Brandon Eisert,5.5154,4.5681,0.9473,0.1773,0.2429,-0.0656,0.0803,0.0857,-0.0054,0.2985,0.3286,-0.0301,91.76,100.73,-8.97,ok,home=ok (season pitching stats available); away=ok (season pitching stats available),2026-06-17T20:44:30.414481+00:00
823455,2026-06-05,2026-06-05T22:40:00+00:00,2026-06-05T21:25:18.854859+00:00,Philadelphia Phillies,Chicago White Sox,666200.0,641743.0,Jesús Luzardo,Anthony Kay,3.3218,5.2256,-1.9038,0.2665,0.1761,0.0904,0.0742,0.0897,-0.0155,0.3462,0.2932,0.053,107.75,91.76,15.99,ok,home=ok (season pitching stats available); away=ok (season pitching stats available),2026-06-17T20:44:30.414481+00:00
823456,2026-06-03,2026-06-03T22:40:00+00:00,2026-06-03T21:48:35.136209+00:00,Philadelphia Phillies,San Diego Padres,650911.0,621111.0,Cristopher Sánchez,Walker Buehler,2.1505,3.4564,-1.3059,0.29,0.2021,0.0879,0.0475,0.0767,-0.0292,0.3712,0.3127,0.0585,115.75,100.7,15.05,ok,home=ok (season pitching stats available); away=ok (season pitching stats available),2026-06-17T20:44:30.414481+00:00
823457,2026-06-04,2026-06-04T17:05:00+00:00,2026-06-04T14:58:51.159192+00:00,Philadelphia Phillies,San Diego Padres,554430.0,608337.0,Zack Wheeler,Lucas Giolito,3.3872,5.9442,-2.557,0.2627,0.1356,0.1271,0.0636,0.178,-0.1144,0.3496,0.2288,0.1208,108.02,78.49,29.53,ok,home=ok (season pitching stats available); away=ok (season pitching stats available),2026-06-17T20:44:30.414481+00:00
823460,2026-06-02,2026-06-02T22:40:00+00:00,2026-06-02T21:54:22.349462+00:00,Philadelphia Phillies,San Diego Padres,605400.0,681190.0,Aaron Nola,Randy Vásquez,4.5009,4.4722,0.0287,0.2298,0.1853,0.0445,0.0777,0.0703,0.0074,0.3261,0.3075,0.0186,100.26,96.49,3.77,ok,home=ok (season pitching stats available); away=ok (season pitching stats available),2026-06-17T20:44:30.414481+00:00
823535,2026-06-16,2026-06-16T23:05:00+00:00,2026-06-16T21:14:10.018628+00:00,New York Yankees,Chicago White Sox,543037.0,663436.0,Gerrit Cole,Davis Martin,4.2071,2.9041,1.303,0.2143,0.2485,-0.0342,0.0714,0.0599,0.0115,0.3215,0.3443,-0.0228,100.1,108.35,-8.25,ok,home=ok (season pitching stats available); away=ok (season pitching stats available),2026-06-17T20:44:30.414481+00:00
823536,2026-06-17,2026-06-17T23:05:00+00:00,2026-06-17T20:26:01.614215+00:00,New York Yankees,Chicago White Sox,607074.0,641743.0,Carlos Rodón,Anthony Kay,3.6806,5.2256,-1.545,0.2636,0.1761,0.0875,0.1473,0.0897,0.0576,0.3082,0.2932,0.015,100.53,91.76,8.77,ok,home=ok (season pitching stats available); away=ok (season pitching stats available),2026-06-17T20:44:30.414481+00:00
823537,2026-06-07,2026-06-07T17:35:00+00:00,2026-06-07T10:56:39.401112+00:00,New York Yankees,Boston Red Sox,693645.0,624133.0,Cam Schlittler,Ranger Suarez,2.3135,2.8286,-0.5151,0.2775,0.2448,0.0327,0.052,0.0734,-0.0214,0.3628,0.3357,0.0271,113.65,107.12,6.53,ok,home=ok (season pitching stats available); away=ok (season pitching stats available),2026-06-17T20:44:30.414481+00:00
823538,2026-06-05,2026-06-05T23:05:00+00:00,2026-06-05T21:25:18.854859+00:00,New York Yankees,Boston Red Sox,677960.0,543243.0,Ryan Weathers,Sonny Gray,4.4318,3.6294,0.8024,0.2656,0.1992,0.0664,0.0689,0.0625,0.0064,0.3483,0.3184,0.0299,104.75,101.03,3.72,ok,home=ok (season pitching stats available); away=ok (season pitching stats available),2026-06-17T20:44:30.414481+00:00
823539,2026-06-06,2026-06-06T23:35:00+00:00,2026-06-06T13:40:39.003341+00:00,New York Yankees,Boston Red Sox,701542.0,624133.0,Will Warren,Ranger Suarez,3.3339,2.8286,0.5053,0.2436,0.2448,-0.0012,0.0769,0.0734,0.0035,0.3334,0.3357,-0.0023,105.21,107.12,-1.91,ok,home=ok (season pitching stats available); away=ok (season pitching stats available),2026-06-17T20:44:30.414481+00:00
823540,2026-06-03,2026-06-03T23:05:00+00:00,2026-06-03T21:48:35.136209+00:00,New York Yankees,Cleveland Guardians,543037.0,668909.0,Gerrit Cole,Gavin Williams,4.2071,3.8038,0.4033,0.2143,0.287,-0.0727,0.0714,0.0812,-0.0098,0.3215,0.3529,-0.0314,100.1,107.79,-7.69,ok,home=ok (season pitching stats available); away=ok (season pitching stats available),2026-06-17T20:44:30.414481+00:00
823541,2026-06-02,2026-06-02T23:05:00+00:00,2026-06-02T23:02:12.073800+00:00,New York Yankees,Cleveland Guardians,693645.0,676282.0,Cam Schlittler,Joey Cantillo,2.3135,4.7667,-2.4532,0.2775,0.2147,0.0628,0.052,0.1154,-0.0634,0.3628,0.2996,0.0632,113.65,94.94,18.71,ok,home=ok (season pitching stats available); away=ok (season pitching stats available),2026-06-17T20:44:30.414481+00:00
823542,2026-06-04,2026-06-04T17:35:00+00:00,2026-06-04T14:58:51.159192+00:00,New York Yankees,Cleveland Guardians,607074.0,677944.0,Carlos Rodón,Slade Cecconi,3.6806,4.3383,-0.6577,0.2636,0.1923,0.0713,0.1473,0.074,0.0733,0.3082,0.3091,-0.0009,100.53,97.3,3.23,ok,home=ok (season pitching stats available); away=ok (season pitching stats available),2026-06-17T20:44:30.414481+00:00
823615,2026-06-14,2026-06-14T17:40:00+00:00,2026-06-14T12:01:32.809155+00:00,New York Mets,Atlanta Braves,642547.0,693821.0,Freddy Peralta,Bryce Elder,4.0518,3.7541,0.2977,0.2269,0.1995,0.0274,0.0924,0.0738,0.0186,0.3173,0.3129,0.0044,100.14,99.78,0.36,ok,home=ok (season pitching stats available); away=ok (season pitching stats available),2026-06-17T20:44:30.414481+00:00
823616,2026-06-13,2026-06-13T20:10:00+00:00,2026-06-13T14:54:26.594670+00:00,New York Mets,Atlanta Braves,,527048.0,,Martín Pérez,,3.8258,0.0,,0.2082,0.0,,0.0857,0.0,,0.3113,0.0,,99.49,0.0,partial,home=missing_pitcher_id (Missing probable pitcher id for unknown); away=ok (season pitching stats available),2026-06-17T20:44:30.414481+00:00
823617,2026-06-12,2026-06-12T23:15:00+00:00,2026-06-12T21:52:30.159126+00:00,New York Mets,Atlanta Braves,690997.0,675911.0,Nolan McLean,Spencer Strider,3.496,5.3564,-1.8604,0.282,0.2788,0.0032,0.093,0.1212,-0.0282,0.3445,0.3288,0.0157,107.27,99.11,8.16,ok,home=ok (season pitching stats available); away=ok (season pitching stats available),2026-06-17T20:44:30.414481+00:00
823618,2026-06-10,2026-06-10T23:10:00+00:00,2026-06-10T21:27:34.957253+00:00,New York Mets,St. Louis Cardinals,681810.0,669467.0,Austin Warren,Andre Pallante,3.9049,4.1826,-0.2777,0.2414,0.1925,0.0489,0.1034,0.0776,0.0258,0.319,0.3075,0.0115,101.15,97.49,3.66,ok,home=ok (season pitching stats available); away=ok (season pitching stats available),2026-06-17T20:44:30.414481+00:00
823619,2026-06-11,2026-06-11T17:10:00+00:00,2026-06-11T14:03:52.675635+00:00,New York Mets,St. Louis Cardinals,681035.0,690928.0,Christian Scott,Hunter Dobbins,3.8377,4.3692,-0.5315,0.264,0.2603,0.0037,0.1067,0.0959,0.0108,0.3286,0.3322,-0.0036,103.35,102.25,1.1,ok,home=ok (season pitching stats available); away=ok (season pitching stats available),2026-06-17T20:44:30.414481+00:00
823620,2026-06-09,2026-06-09T23:10:00+00:00,2026-06-09T22:25:45.628325+00:00,New York Mets,St. Louis Cardinals,642547.0,669160.0,Freddy Peralta,Dustin May,4.0518,3.0143,1.0375,0.2269,0.228,-0.0011,0.0924,0.0638,0.0286,0.3173,0.3321,-0.0148,100.14,105.65,-5.51,ok,home=ok (season pitching stats available); away=ok (season pitching stats available),2026-06-17T20:44:30.414481+00:00
823621,2026-05-31,2026-05-31T17:40:00+00:00,2026-05-31T16:07:50.641249+00:00,New York Mets,Miami Marlins,690997.0,667463.0,Nolan McLean,John King,3.496,3.9065,-0.4105,0.282,0.2155,0.0665,0.093,0.069,0.024,0.3445,0.3232,0.0213,107.27,101.31,5.96,ok,home=ok (season pitching stats available); away=ok (season pitching stats available),2026-06-17T20:44:30.414481+00:00
823622,2026-05-30,2026-05-30T20:10:00+00:00,2026-05-30T19:14:08.902169+00:00,New York Mets,Miami Marlins,681035.0,663969.0,Christian Scott,Tyler Phillips,3.8377,4.2274,-0.3897,0.264,0.1974,0.0666,0.1067,0.1184,-0.0117,0.3286,0.2895,0.0391,103.35,94.59,8.76,ok,home=ok (season pitching stats available); away=ok (season pitching stats available),2026-06-17T20:44:30.414481+00:00
823693,2026-06-14,2026-06-14T18:10:00+00:00,2026-06-14T12:01:32.809155+00:00,Minnesota Twins,St. Louis Cardinals,671737.0,700241.0,Taj Bradley,Michael McGreevy,4.2023,4.3511,-0.1488,0.2572,0.1645,0.0927,0.0965,0.0613,0.0352,0.3303,0.3016,0.0287,102.39,95.49,6.9,ok,home=ok (season pitching stats available); away=ok (season pitching stats available),2026-06-17T20:44:30.414481+00:00
823694,2026-06-13,2026-06-13T18:10:00+00:00,2026-06-13T14:54:26.594670+00:00,Minnesota Twins,St. Louis Cardinals,687570.0,669461.0,Connor Prielipp,Matthew Liberatore,3.7443,4.9821,-1.2378,0.235,0.2117,0.0233,0.0922,0.0879,0.0043,0.3214,0.3119,0.0095,101.89,96.19,5.7,ok,home=ok (season pitching stats available); away=ok (season pitching stats available),2026-06-17T20:44:30.414481+00:00
823695,2026-06-12,2026-06-13T00:10:00+00:00,2026-06-12T23:22:44.338782+00:00,Minnesota Twins,St. Louis Cardinals,657746.0,681517.0,Joe Ryan,Kyle Leahy,2.8935,4.3714,-1.4779,0.2771,0.1873,0.0898,0.0482,0.0825,-0.0343,0.3644,0.3024,0.062,112.17,96.02,16.15,ok,home=ok (season pitching stats available); away=ok (season pitching stats available),2026-06-17T20:44:30.414481+00:00
823696,2026-06-07,2026-06-07T18:10:00+00:00,2026-06-07T10:56:39.401112+00:00,Minnesota Twins,Kansas City Royals,687570.0,702070.0,Connor Prielipp,Noah Cameron,3.7443,3.4857,0.2586,0.235,0.2169,0.0181,0.0922,0.0576,0.0346,0.3214,0.3296,-0.0082,101.89,103.62,-1.73,ok,home=ok (season pitching stats available); away=ok (season pitching stats available),2026-06-17T20:44:30.414481+00:00
823697,2026-06-06,2026-06-06T18:10:00+00:00,2026-06-06T13:40:39.003341+00:00,Minnesota Twins,Kansas City Royals,657746.0,679883.0,Joe Ryan,Luinder Avila,2.8935,4.5602,-1.6667,0.2771,0.2,0.0771,0.0482,0.1394,-0.0912,0.3644,0.2803,0.0841,112.17,92.17,20.0,ok,home=ok (season pitching stats available); away=ok (season pitching stats available),2026-06-17T20:44:30.414481+00:00
823698,2026-06-04,2026-06-04T23:40:00+00:00,2026-06-04T22:20:52.609536+00:00,Minnesota Twins,Kansas City Royals,702193.0,607625.0,Andrew Morris,Seth Lugo,2.7875,3.5664,-0.7789,0.2449,0.1976,0.0473,0.0748,0.0749,-0.0001,0.3351,0.3114,0.0237,107.14,100.07,7.07,ok,home=ok (season pitching stats available); away=ok (season pitching stats available),2026-06-17T20:44:30.414481+00:00
823699,2026-06-05,2026-06-06T00:15:00+00:00,2026-06-05T23:08:37.410209+00:00,Minnesota Twins,Kansas City Royals,805673.0,608379.0,Zebby Matthews,Michael Wacha,4.6923,3.9723,0.72,0.191,0.1885,0.0025,0.0506,0.0733,-0.0227,0.3202,0.3076,0.0126,97.98,98.07,-0.09,ok,home=ok (season pitching stats available); away=ok (season pitching stats available),2026-06-17T20:44:30.414481+00:00
823700,2026-06-02,2026-06-02T23:40:00+00:00,2026-06-02T23:02:12.073800+00:00,Minnesota Twins,Chicago White Sox,687570.0,663436.0,Connor Prielipp,Davis Martin,3.7443,2.9041,0.8402,0.235,0.2485,-0.0135,0.0922,0.0599,0.0323,0.3214,0.3443,-0.0229,101.89,108.35,-6.46,ok,home=ok (season pitching stats available); away=ok (season pitching stats available),2026-06-17T20:44:30.414481+00:00
823701,2026-06-03,2026-06-03T17:40:00+00:00,2026-06-03T14:02:07.840520+00:00,Minnesota Twins,Chicago White Sox,671737.0,607200.0,Taj Bradley,Erick Fedde,4.2023,5.8424,-1.6401,0.2572,0.1522,0.105,0.0965,0.09,0.0065,0.3303,0.2811,0.0492,102.39,87.49,14.9,ok,home=ok (season pitching stats available); away=ok (season pitching stats available),2026-06-17T20:44:30.414481+00:00
823702,2026-06-01,2026-06-01T23:40:00+00:00,2026-06-01T23:03:22.306671+00:00,Minnesota Twins,Chicago White Sox,657746.0,689818.0,Joe Ryan,David Sandlin,2.8935,6.475,-3.5815,0.2771,0.2414,0.0357,0.0482,0.1207,-0.0725,0.3644,0.3104,0.054,112.17,92.06,20.11,ok,home=ok (season pitching stats available); away=ok (season pitching stats available),2026-06-17T20:44:30.414481+00:00
823774,2026-06-17,2026-06-17T23:40:00+00:00,2026-06-17T20:26:01.614215+00:00,Milwaukee Brewers,Cleveland Guardians,687075.0,668909.0,Brandon Sproat,Gavin Williams,5.55,3.8038,1.7462,0.2184,0.287,-0.0686,0.1149,0.0812,0.0337,0.3018,0.3529,-0.0511,93.0,107.79,-14.79,ok,home=ok (season pitching stats available); away=ok (season pitching stats available),2026-06-17T20:44:30.414481+00:00
823775,2026-06-16,2026-06-16T23:40:00+00:00,2026-06-16T21:14:10.018628+00:00,Milwaukee Brewers,Cleveland Guardians,688107.0,677944.0,Robert Gasser,Slade Cecconi,6.1,4.3383,1.7617,0.2243,0.1923,0.032,0.1028,0.074,0.0288,0.3107,0.3091,0.0016,92.91,97.3,-4.39,ok,home=ok (season pitching stats available); away=ok (season pitching stats available),2026-06-17T20:44:30.414481+00:00
823776,2026-06-13,2026-06-13T23:10:00+00:00,2026-06-13T14:54:26.594670+00:00,Milwaukee Brewers,Philadelphia Phillies,675660.0,605400.0,Shane Drohan,Aaron Nola,2.725,4.5009,-1.7759,0.2486,0.2298,0.0188,0.0621,0.0777,-0.0156,0.3432,0.3261,0.0171,108.72,100.26,8.46,ok,home=ok (season pitching stats available); away=ok (season pitching stats available),2026-06-17T20:44:30.414481+00:00
823777,2026-06-14,2026-06-14T18:10:00+00:00,2026-06-14T12:01:32.809155+00:00,Milwaukee Brewers,Philadelphia Phillies,690986.0,650911.0,Kyle Harrison,Cristopher Sánchez,3.0543,2.1505,0.9038,0.2996,0.29,0.0096,0.0674,0.0475,0.0199,0.3661,0.3712,-0.0051,112.41,115.75,-3.34,ok,home=ok (season pitching stats available); away=ok (season pitching stats available),2026-06-17T20:44:30.414481+00:00
823778,2026-06-12,2026-06-12T23:40:00+00:00,2026-06-12T23:22:44.338782+00:00,Milwaukee Brewers,Philadelphia Phillies,694819.0,621383.0,Jacob Misiorowski,Tanner Banks,1.6862,3.6783,-1.9921,0.3982,0.2263,0.1719,0.0669,0.0949,-0.028,0.4,0.3157,0.0843,126.41,101.0,25.41,ok,home=ok (season pitching stats available); away=ok (season pitching stats available),2026-06-17T20:44:30.414481+00:00
823779,2026-06-04,2026-06-04T18:10:00+00:00,2026-06-04T17:48:36.964964+00:00,Milwaukee Brewers,San Francisco Giants,689441.0,605288.0,Coleman Crow,Adrian Houser,4.5464,5.3273,-0.7809,0.1176,0.1584,-0.0408,0.0706,0.0825,-0.0119,0.2735,0.2879,-0.0144,89.47,90.26,-0.79,ok,home=ok (season pitching stats available); away=ok (season pitching stats available),2026-06-17T20:44:30.414481+00:00
823780,2026-06-03,2026-06-03T23:40:00+00:00,2026-06-03T21:48:35.136209+00:00,Milwaukee Brewers,San Francisco Giants,688107.0,657277.0,Robert Gasser,Logan Webb,6.1,2.9805,3.1195,0.2243,0.211,0.0133,0.1028,0.0617,0.0411,0.3107,0.3246,-0.0139,92.91,104.22,-11.31,ok,home=ok (season pitching stats available); away=ok (season pitching stats available),2026-06-17T20:44:30.414481+00:00
823781,2026-06-01,2026-06-01T23:40:00+00:00,2026-06-01T23:03:22.306671+00:00,Milwaukee Brewers,San Francisco Giants,675660.0,694738.0,Shane Drohan,Landen Roupp,2.725,2.9655,-0.2405,0.2486,0.262,-0.0134,0.0621,0.1022,-0.0401,0.3432,0.3299,0.0133,108.72,106.13,2.59,ok,home=ok (season pitching stats available); away=ok (season pitching stats available),2026-06-17T20:44:30.414481+00:00
823782,2026-06-02,2026-06-02T23:40:00+00:00,2026-06-02T23:02:12.073800+00:00,Milwaukee Brewers,San Francisco Giants,690986.0,686790.0,Kyle Harrison,Trevor McDonald,3.0543,3.8734,-0.8191,0.2996,0.2216,0.078,0.0674,0.0811,-0.0137,0.3661,0.3202,0.0459,112.41,101.05,11.36,ok,home=ok (season pitching stats available); away=ok (season pitching stats available),2026-06-17T20:44:30.414481+00:00
823855,2026-06-11,2026-06-11T17:10:00+00:00,2026-06-11T14:03:52.675635+00:00,Miami Marlins,Arizona Diamondbacks,663969.0,518876.0,Tyler Phillips,Merrill Kelly,4.2274,5.9852,-1.7578,0.1974,0.1359,0.0615,0.1184,0.0906,0.0278,0.2895,0.2727,0.0168,94.59,85.39,9.2,ok,home=ok (season pitching stats available); away=ok (season pitching stats available),2026-06-17T20:44:30.414481+00:00
823856,2026-06-10,2026-06-10T22:40:00+00:00,2026-06-10T21:27:34.957253+00:00,Miami Marlins,Arizona Diamondbacks,687473.0,669194.0,Ryan Gusto,Ryne Nelson,4.6366,5.392,-0.7554,0.1515,0.1746,-0.0231,0.0758,0.062,0.0138,0.2878,0.3063,-0.0185,92.18,93.32,-1.14,ok,home=ok (season pitching stats available); away=ok (season pitching stats available),2026-06-17T20:44:30.414481+00:00
823857,2026-06-07,2026-06-07T17:40:00+00:00,2026-06-07T10:56:39.401112+00:00,Miami Marlins,Tampa Bay Rays,645261.0,643377.0,Sandy Alcantara,Griffin Jax,3.9903,4.5318,-0.5415,0.1782,0.2228,-0.0446,0.0556,0.0978,-0.0422,0.3113,0.3125,-0.0012,98.4,97.86,0.54,ok,home=ok (season pitching stats available); away=ok (season pitching stats available),2026-06-17T20:44:30.414481+00:00
823858,2026-06-09,2026-06-09T22:40:00+00:00,2026-06-09T22:25:45.628325+00:00,Miami Marlins,Arizona Diamondbacks,676974.0,668678.0,Max Meyer,Zac Gallen,3.2765,5.0427,-1.7662,0.2691,0.1484,0.1207,0.0907,0.0682,0.0225,0.3392,0.2901,0.0491,106.82,91.26,15.56,ok,home=ok (season pitching stats available); away=ok (season pitching stats available),2026-06-17T20:44:30.414481+00:00
823859,2026-06-06,2026-06-06T20:10:00+00:00,2026-06-06T13:40:39.003341+00:00,Miami Marlins,Tampa Bay Rays,669199.0,663556.0,Lake Bachar,Shane McClanahan,3.6847,2.9227,0.762,0.2885,0.2404,0.0481,0.0833,0.0941,-0.0108,0.3526,0.3231,0.0295,108.13,104.74,3.39,ok,home=ok (season pitching stats available); away=ok (season pitching stats available),2026-06-17T20:44:30.414481+00:00
823860,2026-06-05,2026-06-05T23:10:00+00:00,2026-06-05T23:08:37.410209+00:00,Miami Marlins,Tampa Bay Rays,687473.0,656876.0,Ryan Gusto,Drew Rasmussen,4.6366,3.025,1.6116,0.1515,0.2727,-0.1212,0.0758,0.0422,0.0336,0.2878,0.3652,-0.0774,92.18,111.82,-19.64,ok,home=ok (season pitching stats available); away=ok (season pitching stats available),2026-06-17T20:44:30.414481+00:00
823938,2026-06-15,2026-06-16T02:10:00+00:00,2026-06-15T10:30:49.037896+00:00,Los Angeles Dodgers,Tampa Bay Rays,641778.0,607259.0,Eric Lauer,Nick Martinez,6.4068,3.5699,2.8369,0.16,0.1471,0.0129,0.084,0.0412,0.0428,0.288,0.3029,-0.0149,87.06,97.7,-10.64,ok,home=ok (season pitching stats available); away=ok (season pitching stats available),2026-06-17T20:44:30.414481+00:00
823939,2026-06-16,2026-06-17T02:10:00+00:00,2026-06-16T23:41:50.007397+00:00,Los Angeles Dodgers,Tampa Bay Rays,680736.0,656876.0,Justin Wrobleski,Drew Rasmussen,3.5034,3.025,0.4784,0.1582,0.2727,-0.1145,0.0506,0.0422,0.0084,0.3038,0.3652,-0.0614,98.26,111.82,-13.56,ok,home=ok (season pitching stats available); away=ok (season pitching stats available),2026-06-17T20:44:30.414481+00:00
823940,2026-06-17,2026-06-17T19:10:00+00:00,2026-06-17T17:14:15.859563+00:00,Los Angeles Dodgers,Tampa Bay Rays,660271.0,663556.0,Shohei Ohtani,Shane McClanahan,2.6734,2.9227,-0.2493,0.2692,0.2404,0.0288,0.0769,0.0941,-0.0172,0.3462,0.3231,0.0231,109.75,104.74,5.01,ok,home=ok (season pitching stats available); away=ok (season pitching stats available),2026-06-17T20:44:30.414481+00:00
823941,2026-06-07,2026-06-07T20:10:00+00:00,2026-06-07T10:56:39.401112+00:00,Los Angeles Dodgers,Los Angeles Angels,686218.0,667755.0,Emmet Sheehan,José Soriano,4.2658,3.8816,0.3842,0.2677,0.2556,0.0121,0.0632,0.1167,-0.0535,0.3523,0.3195,0.0328,105.92,101.58,4.34,ok,home=ok (season pitching stats available); away=ok (season pitching stats available),2026-06-17T20:44:30.414481+00:00
823942,2026-06-06,2026-06-07T02:10:00+00:00,2026-06-06T13:40:39.003341+00:00,Los Angeles Dodgers,Los Angeles Angels,808967.0,686799.0,Yoshinobu Yamamoto,Jack Kochanowicz,3.3802,4.975,-1.5948,0.2477,0.1588,0.0889,0.0464,0.1216,-0.0752,0.3507,0.2686,0.0821,107.92,88.23,19.69,ok,home=ok (season pitching stats available); away=ok (season pitching stats available),2026-06-17T20:44:30.414481+00:00
823943,2026-06-05,2026-06-06T02:10:00+00:00,2026-06-05T23:08:37.410209+00:00,Los Angeles Dodgers,Los Angeles Angels,808963.0,672282.0,Roki Sasaki,Reid Detmers,4.6882,2.8159,1.8723,0.237,0.2817,-0.0447,0.0889,0.0676,0.0213,0.3241,0.357,-0.0329,99.52,111.31,-11.79,ok,home=ok (season pitching stats available); away=ok (season pitching stats available),2026-06-17T20:44:30.414481+00:00
823944,2026-05-31,2026-05-31T20:10:00+00:00,2026-05-31T20:07:12.119028+00:00,Los Angeles Dodgers,Philadelphia Phillies,808967.0,691725.0,Yoshinobu Yamamoto,Andrew Painter,3.3802,5.5154,-2.1352,0.2477,0.1773,0.0704,0.0464,0.0803,-0.0339,0.3507,0.2985,0.0522,107.92,91.76,16.16,ok,home=ok (season pitching stats available); away=ok (season pitching stats available),2026-06-17T20:44:30.414481+00:00
823945,2026-05-30,2026-05-31T02:10:00+00:00,2026-05-30T22:01:24.114016+00:00,Los Angeles Dodgers,Philadelphia Phillies,808963.0,666200.0,Roki Sasaki,Jesús Luzardo,4.6882,3.3218,1.3664,0.237,0.2665,-0.0295,0.0889,0.0742,0.0147,0.3241,0.3462,-0.0221,99.52,107.75,-8.23,ok,home=ok (season pitching stats available); away=ok (season pitching stats available),2026-06-17T20:44:30.414481+00:00
824019,2026-06-13,2026-06-14T02:07:00+00:00,2026-06-13T14:54:26.594670+00:00,Los Angeles Angels,Tampa Bay Rays,667755.0,643377.0,José Soriano,Griffin Jax,3.8816,4.5318,-0.6502,0.2556,0.2228,0.0328,0.1167,0.0978,0.0189,0.3195,0.3125,0.007,101.58,97.86,3.72,ok,home=ok (season pitching stats available); away=ok (season pitching stats available),2026-06-17T20:44:30.414481+00:00
824020,2026-06-12,2026-06-13T01:38:00+00:00,2026-06-12T23:22:44.338782+00:00,Los Angeles Angels,Tampa Bay Rays,691951.0,663556.0,Sam Aldegheri,Shane McClanahan,4.9,2.9227,1.9773,0.1429,0.2404,-0.0975,0.1209,0.0941,0.0268,0.261,0.3231,-0.0621,86.92,104.74,-17.82,ok,home=ok (season pitching stats available); away=ok (season pitching stats available),2026-06-17T20:44:30.414481+00:00
824021,2026-06-14,2026-06-14T20:07:00+00:00,2026-06-14T12:01:32.809155+00:00,Los Angeles Angels,Tampa Bay Rays,680570.0,668984.0,Grayson Rodriguez,Casey Legumina,5.126,3.5149,1.6111,0.1951,0.1756,0.0195,0.122,0.0534,0.0686,0.2865,0.3111,-0.0246,91.37,99.74,-8.37,ok,home=ok (season pitching stats available); away=ok (season pitching stats available),2026-06-17T20:44:30.414481+00:00
824022,2026-06-10,2026-06-11T01:38:00+00:00,2026-06-10T21:27:34.957253+00:00,Los Angeles Angels,Houston Astros,672282.0,663567.0,Reid Detmers,Peter Lambert,2.8159,3.9125,-1.0966,0.2817,0.2214,0.0603,0.0676,0.0954,-0.0278,0.357,0.313,0.044,111.31,99.77,11.54,ok,home=ok (season pitching stats available); away=ok (season pitching stats available),2026-06-17T20:44:30.414481+00:00
824023,2026-06-09,2026-06-10T01:38:00+00:00,2026-06-09T22:25:45.628325+00:00,Los Angeles Angels,Houston Astros,700712.0,678906.0,Walbert Ureña,Kai-Wei Teng,4.1588,4.8853,-0.7265,0.2132,0.2468,-0.0336,0.1287,0.1106,0.0181,0.2923,0.3181,-0.0258,95.55,98.18,-2.63,ok,home=ok (season pitching stats available); away=ok (season pitching stats available),2026-06-17T20:44:30.414481+00:00
824024,2026-06-03,2026-06-04T01:38:00+00:00,2026-06-03T23:43:03.467080+00:00,Los Angeles Angels,Colorado Rockies,700712.0,547179.0,Walbert Ureña,Michael Lorenzen,4.1588,4.8406,-0.6818,0.2132,0.1754,0.0378,0.1287,0.0731,0.0556,0.2923,0.3012,-0.0089,95.55,94.17,1.38,ok,home=ok (season pitching stats available); away=ok (season pitching stats available),2026-06-17T20:44:30.414481+00:00
824025,2026-06-08,2026-06-09T01:38:00+00:00,2026-06-08T23:48:33.404711+00:00,Los Angeles Angels,Houston Astros,680570.0,681293.0,Grayson Rodriguez,Spencer Arrighetti,5.126,3.8143,1.3117,0.1951,0.223,-0.0279,0.122,0.119,0.003,0.2865,0.302,-0.0155,91.37,98.34,-6.97,ok,home=ok (season pitching stats available); away=ok (season pitching stats available),2026-06-17T20:44:30.414481+00:00
824026,2026-06-02,2026-06-03T01:38:00+00:00,2026-06-02T23:02:12.073800+00:00,Los Angeles Angels,Colorado Rockies,680570.0,608372.0,Grayson Rodriguez,Tomoyuki Sugano,5.126,5.2682,-0.1422,0.1951,0.131,0.0641,0.122,0.0703,0.0517,0.2865,0.2803,0.0062,91.37,88.67,2.7,ok,home=ok (season pitching stats available); away=ok (season pitching stats available),2026-06-17T20:44:30.414481+00:00
824027,2026-06-01,2026-06-02T01:38:00+00:00,2026-06-01T23:03:22.306671+00:00,Los Angeles Angels,Colorado Rockies,667755.0,607536.0,José Soriano,Kyle Freeland,3.8816,5.6057,-1.7241,0.2556,0.1756,0.08,0.1167,0.0573,0.0594,0.3195,0.3092,0.0103,101.58,93.16,8.42,ok,home=ok (season pitching stats available); away=ok (season pitching stats available),2026-06-17T20:44:30.414481+00:00
824099,2026-06-14,2026-06-14T18:10:00+00:00,2026-06-14T12:01:32.809155+00:00,Kansas City Royals,Houston Astros,663568.0,681293.0,Stephen Kolek,Spencer Arrighetti,3.696,3.8143,-0.1183,0.1717,0.223,-0.0513,0.0505,0.119,-0.0685,0.3106,0.302,0.0086,99.04,98.34,0.7,ok,home=ok (season pitching stats available); away=ok (season pitching stats available),2026-06-17T20:44:30.414481+00:00
824100,2026-06-13,2026-06-13T23:10:00+00:00,2026-06-13T14:54:26.594670+00:00,Kansas City Royals,Houston Astros,702070.0,681347.0,Noah Cameron,Mike Burrows,3.4857,5.6915,-2.2058,0.2169,0.1857,0.0312,0.0576,0.0857,-0.0281,0.3296,0.3,0.0296,103.62,91.64,11.98,ok,home=ok (season pitching stats available); away=ok (season pitching stats available),2026-06-17T20:44:30.414481+00:00
824101,2026-06-11,2026-06-11T18:10:00+00:00,2026-06-11T14:03:52.675635+00:00,Kansas City Royals,Texas Rangers,608379.0,677958.0,Michael Wacha,Kumar Rocker,3.9723,4.3754,-0.4031,0.1885,0.1854,0.0031,0.0733,0.0993,-0.026,0.3076,0.2931,0.0145,98.07,94.47,3.6,ok,home=ok (season pitching stats available); away=ok (season pitching stats available),2026-06-17T20:44:30.414481+00:00
824102,2026-06-12,2026-06-13T00:10:00+00:00,2026-06-12T23:22:44.338782+00:00,Kansas City Royals,Houston Astros,679883.0,837227.0,Luinder Avila,Tatsuya Imai,4.5602,5.2429,-0.6827,0.2,0.2357,-0.0357,0.1394,0.1529,-0.0135,0.2803,0.2914,-0.0111,92.17,92.61,-0.44,ok,home=ok (season pitching stats available); away=ok (season pitching stats available),2026-06-17T20:44:30.414481+00:00
824103,2026-06-10,2026-06-10T23:40:00+00:00,2026-06-10T21:27:34.957253+00:00,Kansas City Royals,Texas Rangers,607625.0,669022.0,Seth Lugo,MacKenzie Gore,3.5664,3.6513,-0.0849,0.1976,0.256,-0.0584,0.0749,0.1042,-0.0293,0.3114,0.3259,-0.0145,100.07,103.31,-3.24,ok,home=ok (season pitching stats available); away=ok (season pitching stats available),2026-06-17T20:44:30.414481+00:00
824105,2026-06-09,2026-06-09T23:40:00+00:00,2026-06-09T22:25:45.628325+00:00,Kansas City Royals,Texas Rangers,663568.0,543135.0,Stephen Kolek,Nathan Eovaldi,3.696,4.6573,-0.9613,0.1717,0.2287,-0.057,0.0505,0.0579,-0.0074,0.3106,0.3354,-0.0248,99.04,101.27,-2.23,ok,home=ok (season pitching stats available); away=ok (season pitching stats available),2026-06-17T20:44:30.414481+00:00
824178,2026-06-17,2026-06-17T18:10:00+00:00,2026-06-17T17:14:15.859563+00:00,Houston Astros,Detroit Tigers,663567.0,663554.0,Peter Lambert,Casey Mize,3.9125,2.6605,1.252,0.2214,0.2524,-0.031,0.0954,0.0631,0.0323,0.313,0.3447,-0.0317,99.77,109.21,-9.44,ok,home=ok (season pitching stats available); away=ok (season pitching stats available),2026-06-17T20:44:30.414481+00:00
824181,2026-06-15,2026-06-16T00:10:00+00:00,2026-06-15T10:30:49.037896+00:00,Houston Astros,Detroit Tigers,678906.0,675512.0,Kai-Wei Teng,Troy Melton,4.8853,5.3597,-0.4744,0.2468,0.1373,0.1095,0.1106,0.0588,0.0518,0.3181,0.2893,0.0288,98.18,89.95,8.23,ok,home=ok (season pitching stats available); away=ok (season pitching stats available),2026-06-17T20:44:30.414481+00:00
824182,2026-06-16,2026-06-17T00:10:00+00:00,2026-06-16T23:41:50.007397+00:00,Houston Astros,Detroit Tigers,686613.0,664285.0,Hunter Brown,Framber Valdez,1.8143,4.3311,-2.5168,0.375,0.1826,0.1924,0.1406,0.0872,0.0534,0.3672,0.2977,0.0695,117.81,95.29,22.52,ok,home=ok (season pitching stats available); away=ok (season pitching stats available),2026-06-17T20:44:30.414481+00:00
824183,2026-06-07,2026-06-07T18:10:00+00:00,2026-06-07T10:56:39.401112+00:00,Houston Astros,Athletics,681347.0,695611.0,Mike Burrows,Gage Jump,5.6915,2.5,3.1915,0.1857,0.2021,-0.0164,0.0857,0.0638,0.0219,0.3,0.3191,-0.0191,91.64,104.61,-12.97,ok,home=ok (season pitching stats available); away=ok (season pitching stats available),2026-06-17T20:44:30.414481+00:00
824184,2026-06-06,2026-06-06T20:10:00+00:00,2026-06-06T13:40:39.003341+00:00,Houston Astros,Athletics,837227.0,695034.0,Tatsuya Imai,Kade Morris,5.2429,13.1,-7.8571,0.2357,0.1818,0.0539,0.1529,0.1364,0.0165,0.2914,0.2727,0.0187,92.61,70.0,22.61,ok,home=ok (season pitching stats available); away=ok (season pitching stats available),2026-06-17T20:44:30.414481+00:00
824185,2026-06-04,2026-06-05T00:10:00+00:00,2026-06-04T22:20:52.609536+00:00,Houston Astros,Pittsburgh Pirates,678906.0,683003.0,Kai-Wei Teng,Jared Jones,4.8853,5.0615,-0.1762,0.2468,0.2308,0.016,0.1106,0.0769,0.0337,0.3181,0.327,-0.0089,98.18,98.74,-0.56,ok,home=ok (season pitching stats available); away=ok (season pitching stats available),2026-06-17T20:44:30.414481+00:00
824186,2026-06-05,2026-06-06T00:10:00+00:00,2026-06-05T23:08:37.410209+00:00,Houston Astros,Athletics,663567.0,678022.0,Peter Lambert,Jack Perkins,3.9125,3.7585,0.154,0.2214,0.2634,-0.042,0.0954,0.0753,0.0201,0.313,0.3441,-0.0311,99.77,106.04,-6.27,ok,home=ok (season pitching stats available); away=ok (season pitching stats available),2026-06-17T20:44:30.414481+00:00
824187,2026-05-31,2026-05-31T18:10:00+00:00,2026-05-31T18:01:13.612831+00:00,Houston Astros,Milwaukee Brewers,837227.0,694819.0,Tatsuya Imai,Jacob Misiorowski,5.2429,1.6862,3.5567,0.2357,0.3982,-0.1625,0.1529,0.0669,0.086,0.2914,0.4,-0.1086,92.61,126.41,-33.8,ok,home=ok (season pitching stats available); away=ok (season pitching stats available),2026-06-17T20:44:30.414481+00:00
824188,2026-06-03,2026-06-04T00:10:00+00:00,2026-06-03T23:43:03.467080+00:00,Houston Astros,Pittsburgh Pirates,681293.0,694973.0,Spencer Arrighetti,Paul Skenes,3.8143,2.6854,1.1289,0.223,0.3037,-0.0807,0.119,0.0491,0.0699,0.302,0.3773,-0.0753,98.34,115.39,-17.05,ok,home=ok (season pitching stats available); away=ok (season pitching stats available),2026-06-17T20:44:30.414481+00:00
824189,2026-06-02,2026-06-03T00:10:00+00:00,2026-06-02T23:02:12.073800+00:00,Houston Astros,Pittsburgh Pirates,681347.0,696149.0,Mike Burrows,Bubba Chandler,5.6915,4.5265,1.165,0.1857,0.2259,-0.0402,0.0857,0.1362,-0.0505,0.3,0.2949,0.0051,91.64,95.11,-3.47,ok,home=ok (season pitching stats available); away=ok (season pitching stats available),2026-06-17T20:44:30.414481+00:00
824190,2026-05-30,2026-05-30T20:10:00+00:00,2026-05-30T19:14:08.902169+00:00,Houston Astros,Milwaukee Brewers,663567.0,687075.0,Peter Lambert,Brandon Sproat,3.9125,5.55,-1.6375,0.2214,0.2184,0.003,0.0954,0.1149,-0.0195,0.313,0.3018,0.0112,99.77,93.0,6.77,ok,home=ok (season pitching stats available); away=ok (season pitching stats available),2026-06-17T20:44:30.414481+00:00
824265,2026-06-11,2026-06-11T17:10:00+00:00,2026-06-11T14:03:52.675635+00:00,Detroit Tigers,Minnesota Twins,672456.0,805673.0,Keider Montero,Zebby Matthews,3.9281,4.6923,-0.7642,0.1695,0.191,-0.0215,0.0576,0.0506,0.007,0.3059,0.3202,-0.0143,97.56,97.98,-0.42,ok,home=ok (season pitching stats available); away=ok (season pitching stats available),2026-06-17T20:44:30.414481+00:00
824266,2026-06-10,2026-06-10T22:40:00+00:00,2026-06-10T21:27:34.957253+00:00,Detroit Tigers,Minnesota Twins,664285.0,702474.0,Framber Valdez,Mike Paredes,4.3311,5.1,-0.7689,0.1826,0.1587,0.0239,0.0872,0.0952,-0.008,0.2977,0.2818,0.0159,95.29,89.95,5.34,ok,home=ok (season pitching stats available); away=ok (season pitching stats available),2026-06-17T20:44:30.414481+00:00
824267,2026-06-09,2026-06-09T22:40:00+00:00,2026-06-09T22:25:45.628325+00:00,Detroit Tigers,Minnesota Twins,675512.0,671737.0,Troy Melton,Taj Bradley,5.3597,4.2023,1.1574,0.1373,0.2572,-0.1199,0.0588,0.0965,-0.0377,0.2893,0.3303,-0.041,89.95,102.39,-12.44,ok,home=ok (season pitching stats available); away=ok (season pitching stats available),2026-06-17T20:44:30.414481+00:00
824268,2026-06-07,2026-06-07T17:40:00+00:00,2026-06-07T10:56:39.401112+00:00,Detroit Tigers,Seattle Mariners,656427.0,622491.0,Jack Flaherty,Luis Castillo,4.0898,4.255,-0.1652,0.2549,0.2181,0.0368,0.1111,0.0839,0.0272,0.3219,0.3171,0.0048,101.33,99.33,2.0,ok,home=ok (season pitching stats available); away=ok (season pitching stats available),2026-06-17T20:44:30.414481+00:00
824269,2026-06-06,2026-06-06T17:10:00+00:00,2026-06-06T13:40:39.003341+00:00,Detroit Tigers,Seattle Mariners,672456.0,682243.0,Keider Montero,Bryce Miller,3.9281,2.9571,0.971,0.1695,0.288,-0.1185,0.0576,0.04,0.0176,0.3059,0.374,-0.0681,97.56,113.73,-16.17,ok,home=ok (season pitching stats available); away=ok (season pitching stats available),2026-06-17T20:44:30.414481+00:00
824271,2026-06-05,2026-06-05T22:40:00+00:00,2026-06-05T21:25:18.854859+00:00,Detroit Tigers,Seattle Mariners,664285.0,693433.0,Framber Valdez,Bryan Woo,4.3311,3.2585,1.0726,0.1826,0.2401,-0.0575,0.0872,0.0456,0.0416,0.2977,0.3473,-0.0496,95.29,107.59,-12.3,ok,home=ok (season pitching stats available); away=ok (season pitching stats available),2026-06-17T20:44:30.414481+00:00
824346,2026-06-11,2026-06-11T19:10:00+00:00,2026-06-11T18:19:42.320837+00:00,Colorado Rockies,Chicago Cubs,663372.0,665795.0,Ryan Feltner,Edward Cabrera,4.9537,5.1495,-0.1958,0.1908,0.2125,-0.0217,0.0925,0.0871,0.0054,0.2992,0.3127,-0.0135,93.82,95.83,-2.01,ok,home=ok (season pitching stats available); away=ok (season pitching stats available),2026-06-17T20:44:30.414481+00:00
824347,2026-06-09,2026-06-10T00:40:00+00:00,2026-06-09T22:25:45.628325+00:00,Colorado Rockies,Chicago Cubs,608372.0,607067.0,Tomoyuki Sugano,Colin Rea,5.2682,5.0324,0.2358,0.131,0.1707,-0.0397,0.0703,0.0854,-0.0151,0.2803,0.2926,-0.0123,88.67,92.14,-3.47,ok,home=ok (season pitching stats available); away=ok (season pitching stats available),2026-06-17T20:44:30.414481+00:00
824348,2026-06-10,2026-06-11T00:40:00+00:00,2026-06-10T21:27:34.957253+00:00,Colorado Rockies,Chicago Cubs,547179.0,684007.0,Michael Lorenzen,Shota Imanaga,4.8406,4.5769,0.2637,0.1754,0.2407,-0.0653,0.0731,0.063,0.0101,0.3012,0.3388,-0.0376,94.17,102.3,-8.13,ok,home=ok (season pitching stats available); away=ok (season pitching stats available),2026-06-17T20:44:30.414481+00:00
824349,2026-06-07,2026-06-07T19:10:00+00:00,2026-06-07T10:56:39.401112+00:00,Colorado Rockies,Milwaukee Brewers,607536.0,675660.0,Kyle Freeland,Shane Drohan,5.6057,2.725,2.8807,0.1756,0.2486,-0.073,0.0573,0.0621,-0.0048,0.3092,0.3432,-0.034,93.16,108.72,-15.56,ok,home=ok (season pitching stats available); away=ok (season pitching stats available),2026-06-17T20:44:30.414481+00:00
824350,2026-06-05,2026-06-06T00:40:00+00:00,2026-06-05T23:08:37.410209+00:00,Colorado Rockies,Milwaukee Brewers,663372.0,687075.0,Ryan Feltner,Brandon Sproat,4.9537,5.55,-0.5963,0.1908,0.2184,-0.0276,0.0925,0.1149,-0.0224,0.2992,0.3018,-0.0026,93.82,93.0,0.82,ok,home=ok (season pitching stats available); away=ok (season pitching stats available),2026-06-17T20:44:30.414481+00:00
824351,2026-06-06,2026-06-07T01:10:00+00:00,2026-06-06T13:40:39.003341+00:00,Colorado Rockies,Milwaukee Brewers,,694819.0,,Jacob Misiorowski,,1.6862,0.0,,0.3982,0.0,,0.0669,0.0,,0.4,0.0,,126.41,0.0,partial,home=missing_pitcher_id (Missing probable pitcher id for unknown); away=ok (season pitching stats available),2026-06-17T20:44:30.414481+00:00
824352,2026-05-30,2026-05-31T01:10:00+00:00,2026-05-30T22:01:24.114016+00:00,Colorado Rockies,San Francisco Giants,663372.0,605288.0,Ryan Feltner,Adrian Houser,4.9537,5.3273,-0.3736,0.1908,0.1584,0.0324,0.0925,0.0825,0.01,0.2992,0.2879,0.0113,93.82,90.26,3.56,ok,home=ok (season pitching stats available); away=ok (season pitching stats available),2026-06-17T20:44:30.414481+00:00
824354,2026-05-31,2026-05-31T19:10:00+00:00,2026-05-31T18:01:13.612831+00:00,Colorado Rockies,San Francisco Giants,685299.0,592662.0,Tanner Gordon,Robbie Ray,4.0906,4.9577,-0.8671,0.2215,0.2196,0.0019,0.0506,0.1128,-0.0622,0.3355,0.3034,0.0321,102.83,95.06,7.77,ok,home=ok (season pitching stats available); away=ok (season pitching stats available),2026-06-17T20:44:30.414481+00:00
824424,2026-06-14,2026-06-14T17:40:00+00:00,2026-06-14T12:01:32.809155+00:00,Cleveland Guardians,Detroit Tigers,668909.0,663554.0,Gavin Williams,Casey Mize,3.8038,2.6605,1.1433,0.287,0.2524,0.0346,0.0812,0.0631,0.0181,0.3529,0.3447,0.0082,107.79,109.21,-1.42,ok,home=ok (season pitching stats available); away=ok (season pitching stats available),2026-06-17T20:44:30.414481+00:00
824425,2026-06-12,2026-06-12T23:10:00+00:00,2026-06-12T21:52:30.159126+00:00,Cleveland Guardians,Detroit Tigers,676440.0,656427.0,Tanner Bibee,Jack Flaherty,4.6952,4.0898,0.6054,0.2076,0.2549,-0.0473,0.076,0.1111,-0.0351,0.3158,0.3219,-0.0061,97.59,101.33,-3.74,ok,home=ok (season pitching stats available); away=ok (season pitching stats available),2026-06-17T20:44:30.414481+00:00
824426,2026-06-13,2026-06-13T20:10:00+00:00,2026-06-13T14:54:26.594670+00:00,Cleveland Guardians,Detroit Tigers,676282.0,669373.0,Joey Cantillo,Tarik Skubal,4.7667,2.4333,2.3334,0.2147,0.262,-0.0473,0.1154,0.0374,0.078,0.2996,0.3623,-0.0627,94.94,112.91,-17.97,ok,home=ok (season pitching stats available); away=ok (season pitching stats available),2026-06-17T20:44:30.414481+00:00
824427,2026-06-08,2026-06-08T22:40:00+00:00,2026-06-08T22:28:08.345647+00:00,Cleveland Guardians,New York Yankees,668909.0,701542.0,Gavin Williams,Will Warren,3.8038,3.3339,0.4699,0.287,0.2436,0.0434,0.0812,0.0769,0.0043,0.3529,0.3334,0.0195,107.79,105.21,2.58,ok,home=ok (season pitching stats available); away=ok (season pitching stats available),2026-06-17T20:44:30.414481+00:00
824428,2026-06-10,2026-06-10T17:10:00+00:00,2026-06-10T15:47:25.074074+00:00,Cleveland Guardians,New York Yankees,800048.0,607074.0,Parker Messick,Carlos Rodón,3.3231,3.6806,-0.3575,0.2562,0.2636,-0.0074,0.0781,0.1473,-0.0692,0.339,0.3082,0.0308,106.4,100.53,5.87,ok,home=ok (season pitching stats available); away=ok (season pitching stats available),2026-06-17T20:44:30.414481+00:00
824429,2026-06-09,2026-06-09T22:40:00+00:00,2026-06-09T22:25:45.628325+00:00,Cleveland Guardians,New York Yankees,677944.0,543037.0,Slade Cecconi,Gerrit Cole,4.3383,4.2071,0.1312,0.1923,0.2143,-0.022,0.074,0.0714,0.0026,0.3091,0.3215,-0.0124,97.3,100.1,-2.8,ok,home=ok (season pitching stats available); away=ok (season pitching stats available),2026-06-17T20:44:30.414481+00:00
824430,2026-05-31,2026-05-31T17:40:00+00:00,2026-05-31T16:07:50.641249+00:00,Cleveland Guardians,Boston Red Sox,676440.0,624133.0,Tanner Bibee,Ranger Suarez,4.6952,2.8286,1.8666,0.2076,0.2448,-0.0372,0.076,0.0734,0.0026,0.3158,0.3357,-0.0199,97.59,107.12,-9.53,ok,home=ok (season pitching stats available); away=ok (season pitching stats available),2026-06-17T20:44:30.414481+00:00
824431,2026-05-30,2026-05-30T20:10:00+00:00,2026-05-30T19:14:08.902169+00:00,Cleveland Guardians,Boston Red Sox,800048.0,543243.0,Parker Messick,Sonny Gray,3.3231,3.6294,-0.3063,0.2562,0.1992,0.057,0.0781,0.0625,0.0156,0.339,0.3184,0.0206,106.4,101.03,5.37,ok,home=ok (season pitching stats available); away=ok (season pitching stats available),2026-06-17T20:44:30.414481+00:00
824503,2026-06-17,2026-06-17T16:40:00+00:00,2026-06-17T13:54:21.557616+00:00,Cincinnati Reds,New York Mets,666157.0,690997.0,Nick Lodolo,Nolan McLean,5.7953,3.496,2.2993,0.1633,0.282,-0.1187,0.0867,0.093,-0.0063,0.2883,0.3445,-0.0562,89.01,107.27,-18.26,ok,home=ok (season pitching stats available); away=ok (season pitching stats available),2026-06-17T20:44:30.414481+00:00
824504,2026-06-16,2026-06-16T23:10:00+00:00,2026-06-16T21:14:10.018628+00:00,Cincinnati Reds,New York Mets,663903.0,673540.0,Brady Singer,Kodai Senga,6.1455,6.8083,-0.6628,0.1711,0.2456,-0.0745,0.0757,0.1491,-0.0734,0.2977,0.2983,-0.0006,89.62,89.21,0.41,ok,home=ok (season pitching stats available); away=ok (season pitching stats available),2026-06-17T20:44:30.414481+00:00
824505,2026-06-15,2026-06-15T23:10:00+00:00,2026-06-15T10:30:49.037896+00:00,Cincinnati Reds,New York Mets,695505.0,668964.0,Chase Burns,Tobias Myers,3.162,5.0327,-1.8707,0.2978,0.1862,0.1116,0.0815,0.069,0.0125,0.3581,0.3086,0.0495,110.77,95.0,15.77,ok,home=ok (season pitching stats available); away=ok (season pitching stats available),2026-06-17T20:44:30.414481+00:00
824506,2026-06-14,2026-06-14T17:40:00+00:00,2026-06-14T12:01:32.809155+00:00,Cincinnati Reds,Arizona Diamondbacks,671096.0,668678.0,Andrew Abbott,Zac Gallen,4.7946,5.0427,-0.2481,0.1691,0.1484,0.0207,0.105,0.0682,0.0368,0.2821,0.2901,-0.008,91.13,91.26,-0.13,ok,home=ok (season pitching stats available); away=ok (season pitching stats available),2026-06-17T20:44:30.414481+00:00
824507,2026-06-12,2026-06-12T23:15:00+00:00,2026-06-12T21:52:30.159126+00:00,Cincinnati Reds,Arizona Diamondbacks,666157.0,593958.0,Nick Lodolo,Eduardo Rodriguez,5.7953,4.1909,1.6044,0.1633,0.1787,-0.0154,0.0867,0.0951,-0.0084,0.2883,0.2918,-0.0035,89.01,94.69,-5.68,ok,home=ok (season pitching stats available); away=ok (season pitching stats available),2026-06-17T20:44:30.414481+00:00
824508,2026-06-13,2026-06-13T20:10:00+00:00,2026-06-13T14:54:26.594670+00:00,Cincinnati Reds,Arizona Diamondbacks,695076.0,647336.0,Rhett Lowder,Michael Soroka,4.0787,2.9272,1.1515,0.1787,0.2401,-0.0614,0.1208,0.0517,0.0691,0.2789,0.3442,-0.0653,92.97,108.09,-15.12,ok,home=ok (season pitching stats available); away=ok (season pitching stats available),2026-06-17T20:44:30.414481+00:00
824509,2026-06-03,2026-06-03T23:10:00+00:00,2026-06-03T21:48:35.136209+00:00,Cincinnati Reds,Kansas City Royals,695505.0,663568.0,Chase Burns,Stephen Kolek,3.162,3.696,-0.534,0.2978,0.1717,0.1261,0.0815,0.0505,0.031,0.3581,0.3106,0.0475,110.77,99.04,11.73,ok,home=ok (season pitching stats available); away=ok (season pitching stats available),2026-06-17T20:44:30.414481+00:00
824510,2026-06-01,2026-06-01T23:10:00+00:00,2026-06-01T23:03:22.306671+00:00,Cincinnati Reds,Kansas City Royals,680689.0,679883.0,Lyon Richardson,Luinder Avila,20.5,4.5602,15.9398,0.3,0.2,0.1,0.2,0.1394,0.0606,0.3,0.2803,0.0197,70.0,92.17,-22.17,ok,home=ok (season pitching stats available); away=ok (season pitching stats available),2026-06-17T20:44:30.414481+00:00
824511,2026-06-02,2026-06-02T23:10:00+00:00,2026-06-02T23:02:12.073800+00:00,Cincinnati Reds,Kansas City Royals,671096.0,702070.0,Andrew Abbott,Noah Cameron,4.7946,3.4857,1.3089,0.1691,0.2169,-0.0478,0.105,0.0576,0.0474,0.2821,0.3296,-0.0475,91.13,103.62,-12.49,ok,home=ok (season pitching stats available); away=ok (season pitching stats available),2026-06-17T20:44:30.414481+00:00
824512,2026-05-31,2026-05-31T17:40:00+00:00,2026-05-31T16:07:50.641249+00:00,Cincinnati Reds,Atlanta Braves,666157.0,675911.0,Nick Lodolo,Spencer Strider,5.7953,5.3564,0.4389,0.1633,0.2788,-0.1155,0.0867,0.1212,-0.0345,0.2883,0.3288,-0.0405,89.01,99.11,-10.1,ok,home=ok (season pitching stats available); away=ok (season pitching stats available),2026-06-17T20:44:30.414481+00:00
824513,2026-05-30,2026-05-30T23:15:00+00:00,2026-05-30T22:01:24.114016+00:00,Cincinnati Reds,Atlanta Braves,663903.0,527048.0,Brady Singer,Martín Pérez,6.1455,3.8258,2.3197,0.1711,0.2082,-0.0371,0.0757,0.0857,-0.01,0.2977,0.3113,-0.0136,89.62,99.49,-9.87,ok,home=ok (season pitching stats available); away=ok (season pitching stats available),2026-06-17T20:44:30.414481+00:00
824586,2026-06-14,2026-06-14T18:10:00+00:00,2026-06-14T12:01:32.809155+00:00,Chicago White Sox,Los Angeles Dodgers,607200.0,686218.0,Erick Fedde,Emmet Sheehan,5.8424,4.2658,1.5766,0.1522,0.2677,-0.1155,0.09,0.0632,0.0268,0.2811,0.3523,-0.0712,87.49,105.92,-18.43,ok,home=ok (season pitching stats available); away=ok (season pitching stats available),2026-06-17T20:44:30.414481+00:00
824587,2026-06-13,2026-06-13T20:10:00+00:00,2026-06-13T14:54:26.594670+00:00,Chicago White Sox,Los Angeles Dodgers,680732.0,808967.0,Sean Burke,Yoshinobu Yamamoto,4.0502,3.3802,0.67,0.2332,0.2477,-0.0145,0.0895,0.0464,0.0431,0.3218,0.3507,-0.0289,101.01,107.92,-6.91,ok,home=ok (season pitching stats available); away=ok (season pitching stats available),2026-06-17T20:44:30.414481+00:00
824588,2026-06-12,2026-06-12T23:40:00+00:00,2026-06-12T23:22:44.338782+00:00,Chicago White Sox,Los Angeles Dodgers,641743.0,808963.0,Anthony Kay,Roki Sasaki,5.2256,4.6882,0.5374,0.1761,0.237,-0.0609,0.0897,0.0889,0.0008,0.2932,0.3241,-0.0309,91.76,99.52,-7.76,ok,home=ok (season pitching stats available); away=ok (season pitching stats available),2026-06-17T20:44:30.414481+00:00
824589,2026-06-11,2026-06-11T23:40:00+00:00,2026-06-11T23:27:57.470624+00:00,Chicago White Sox,Atlanta Braves,641743.0,527048.0,Anthony Kay,Martín Pérez,5.2256,3.8258,1.3998,0.1761,0.2082,-0.0321,0.0897,0.0857,0.004,0.2932,0.3113,-0.0181,91.76,99.49,-7.73,ok,home=ok (season pitching stats available); away=ok (season pitching stats available),2026-06-17T20:44:30.414481+00:00
824590,2026-06-10,2026-06-10T23:40:00+00:00,2026-06-10T21:27:34.957253+00:00,Chicago White Sox,Atlanta Braves,663436.0,519242.0,Davis Martin,Chris Sale,2.9041,2.8191,0.085,0.2485,0.2884,-0.0399,0.0599,0.0627,-0.0028,0.3443,0.3629,-0.0186,108.35,112.37,-4.02,ok,home=ok (season pitching stats available); away=ok (season pitching stats available),2026-06-17T20:44:30.414481+00:00
824591,2026-06-09,2026-06-09T23:40:00+00:00,2026-06-09T22:25:45.628325+00:00,Chicago White Sox,Atlanta Braves,685126.0,656550.0,Brandon Eisert,Grant Holmes,4.5681,5.2699,-0.7018,0.2429,0.2033,0.0396,0.0857,0.1067,-0.021,0.3286,0.2983,0.0303,100.73,92.98,7.75,ok,home=ok (season pitching stats available); away=ok (season pitching stats available),2026-06-17T20:44:30.414481+00:00
824592,2026-05-31,2026-05-31T18:10:00+00:00,2026-05-31T18:01:13.612831+00:00,Chicago White Sox,Detroit Tigers,680732.0,672456.0,Sean Burke,Keider Montero,4.0502,3.9281,0.1221,0.2332,0.1695,0.0637,0.0895,0.0576,0.0319,0.3218,0.3059,0.0159,101.01,97.56,3.45,ok,home=ok (season pitching stats available); away=ok (season pitching stats available),2026-06-17T20:44:30.414481+00:00
824593,2026-05-30,2026-05-30T18:10:00+00:00,2026-05-30T17:21:45.615146+00:00,Chicago White Sox,Detroit Tigers,641743.0,664285.0,Anthony Kay,Framber Valdez,5.2256,4.3311,0.8945,0.1761,0.1826,-0.0065,0.0897,0.0872,0.0025,0.2932,0.2977,-0.0045,91.76,95.29,-3.53,ok,home=ok (season pitching stats available); away=ok (season pitching stats available),2026-06-17T20:44:30.414481+00:00
824666,2026-06-15,2026-06-16T00:05:00+00:00,2026-06-15T10:30:49.037896+00:00,Chicago Cubs,Colorado Rockies,684007.0,547179.0,Shota Imanaga,Michael Lorenzen,4.5769,4.8406,-0.2637,0.2407,0.1754,0.0653,0.063,0.0731,-0.0101,0.3388,0.3012,0.0376,102.3,94.17,8.13,ok,home=ok (season pitching stats available); away=ok (season pitching stats available),2026-06-17T20:44:30.414481+00:00
824667,2026-06-16,2026-06-17T00:05:00+00:00,2026-06-16T23:41:50.007397+00:00,Chicago Cubs,Colorado Rockies,665795.0,663372.0,Edward Cabrera,Ryan Feltner,5.1495,4.9537,0.1958,0.2125,0.1908,0.0217,0.0871,0.0925,-0.0054,0.3127,0.2992,0.0135,95.83,93.82,2.01,ok,home=ok (season pitching stats available); away=ok (season pitching stats available),2026-06-17T20:44:30.414481+00:00
824668,2026-06-17,2026-06-18T00:05:00+00:00,2026-06-17T20:26:01.614215+00:00,Chicago Cubs,Colorado Rockies,665871.0,807743.0,Javier Assad,Sean Sullivan,3.987,2.7667,1.2203,0.16,0.1667,-0.0067,0.06,0.0,0.06,0.3,0.3333,-0.0333,96.24,105.37,-9.13,ok,home=ok (season pitching stats available); away=ok (season pitching stats available),2026-06-17T20:44:30.414481+00:00
824669,2026-06-06,2026-06-06T18:20:00+00:00,2026-06-06T13:40:39.003341+00:00,Chicago Cubs,San Francisco Giants,676962.0,694738.0,Ben Brown,Landen Roupp,2.3581,2.9655,-0.6074,0.251,0.262,-0.011,0.0782,0.1022,-0.024,0.3364,0.3299,0.0065,108.77,106.13,2.64,ok,home=ok (season pitching stats available); away=ok (season pitching stats available),2026-06-17T20:44:30.414481+00:00
824670,2026-06-07,2026-06-08T00:30:00+00:00,2026-06-07T10:56:39.401112+00:00,Chicago Cubs,San Francisco Giants,592791.0,686790.0,Jameson Taillon,Trevor McDonald,6.3069,3.8734,2.4335,0.2056,0.2216,-0.016,0.0801,0.0811,-0.001,0.3127,0.3202,-0.0075,92.23,101.05,-8.82,ok,home=ok (season pitching stats available); away=ok (season pitching stats available),2026-06-17T20:44:30.414481+00:00
824671,2026-06-03,2026-06-04T00:05:00+00:00,2026-06-03T23:43:03.467080+00:00,Chicago Cubs,Athletics,607067.0,605488.0,Colin Rea,Jeffrey Springs,5.0324,5.4544,-0.422,0.1707,0.2,-0.0293,0.0854,0.0676,0.0178,0.2926,0.3162,-0.0236,92.14,95.23,-3.09,ok,home=ok (season pitching stats available); away=ok (season pitching stats available),2026-06-17T20:44:30.414481+00:00
824672,2026-06-04,2026-06-05T00:05:00+00:00,2026-06-04T22:20:52.609536+00:00,Chicago Cubs,Athletics,684007.0,669372.0,Shota Imanaga,J.T. Ginn,4.5769,4.0828,0.4941,0.2407,0.2152,0.0255,0.063,0.1013,-0.0383,0.3388,0.307,0.0318,102.3,98.17,4.13,ok,home=ok (season pitching stats available); away=ok (season pitching stats available),2026-06-17T20:44:30.414481+00:00
824673,2026-06-05,2026-06-05T18:20:00+00:00,2026-06-05T17:54:01.846132+00:00,Chicago Cubs,San Francisco Giants,665795.0,592662.0,Edward Cabrera,Robbie Ray,5.1495,4.9577,0.1918,0.2125,0.2196,-0.0071,0.0871,0.1128,-0.0257,0.3127,0.3034,0.0093,95.83,95.06,0.77,ok,home=ok (season pitching stats available); away=ok (season pitching stats available),2026-06-17T20:44:30.414481+00:00
824675,2026-06-02,2026-06-03T00:05:00+00:00,2026-06-02T23:02:12.073800+00:00,Chicago Cubs,Athletics,592791.0,695611.0,Jameson Taillon,Gage Jump,6.3069,2.5,3.8069,0.2056,0.2021,0.0035,0.0801,0.0638,0.0163,0.3127,0.3191,-0.0064,92.23,104.61,-12.38,ok,home=ok (season pitching stats available); away=ok (season pitching stats available),2026-06-17T20:44:30.414481+00:00
824746,2026-06-17,2026-06-17T22:45:00+00:00,2026-06-17T20:26:01.614215+00:00,Boston Red Sox,Toronto Blue Jays,687562.0,680755.0,Jake Bennett,Braydon Fisher,3.8826,3.7964,0.0862,0.1231,0.2685,-0.1454,0.0769,0.1074,-0.0305,0.2731,0.3306,-0.0575,91.51,103.87,-12.36,ok,home=ok (season pitching stats available); away=ok (season pitching stats available),2026-06-17T20:44:30.414481+00:00
824749,2026-06-13,2026-06-13T20:10:00+00:00,2026-06-13T14:54:26.594670+00:00,Boston Red Sox,Texas Rangers,624133.0,594798.0,Ranger Suarez,Jacob deGrom,2.8286,3.5696,-0.741,0.2448,0.2918,-0.047,0.0734,0.0492,0.0242,0.3357,0.3713,-0.0356,107.12,111.54,-4.42,ok,home=ok (season pitching stats available); away=ok (season pitching stats available),2026-06-17T20:44:30.414481+00:00
824750,2026-06-16,2026-06-16T22:45:00+00:00,2026-06-16T21:14:10.018628+00:00,Boston Red Sox,Toronto Blue Jays,801139.0,656302.0,Payton Tolle,Dylan Cease,3.0829,2.374,0.7089,0.2542,0.363,-0.1088,0.0678,0.1023,-0.0345,0.3432,0.3803,-0.0371,107.75,117.99,-10.24,ok,home=ok (season pitching stats available); away=ok (season pitching stats available),2026-06-17T20:44:30.414481+00:00
824751,2026-06-14,2026-06-14T23:20:00+00:00,2026-06-14T12:01:32.809155+00:00,Boston Red Sox,Texas Rangers,813349.0,543135.0,Connelly Early,Nathan Eovaldi,4.9899,4.6573,0.3326,0.2202,0.2287,-0.0085,0.0887,0.0579,0.0308,0.3157,0.3354,-0.0197,96.95,101.27,-4.32,ok,home=ok (season pitching stats available); away=ok (season pitching stats available),2026-06-17T20:44:30.414481+00:00
824752,2026-06-12,2026-06-12T23:10:00+00:00,2026-06-12T21:52:30.159126+00:00,Boston Red Sox,Texas Rangers,543243.0,683004.0,Sonny Gray,Jack Leiter,3.6294,4.5342,-0.9048,0.1992,0.2358,-0.0366,0.0625,0.0985,-0.036,0.3184,0.3186,-0.0002,101.03,99.1,1.93,ok,home=ok (season pitching stats available); away=ok (season pitching stats available),2026-06-17T20:44:30.414481+00:00
824753,2026-06-04,2026-06-04T17:35:00+00:00,2026-06-04T14:58:51.159192+00:00,Boston Red Sox,Baltimore Orioles,678394.0,669432.0,Brayan Bello,Trevor Rogers,5.018,4.4636,0.5544,0.156,0.1655,-0.0095,0.0851,0.0759,0.0092,0.2854,0.2948,-0.0094,90.74,94.09,-3.35,ok,home=ok (season pitching stats available); away=ok (season pitching stats available),2026-06-17T20:44:30.414481+00:00
824754,2026-06-02,2026-06-02T22:45:00+00:00,2026-06-02T21:54:22.349462+00:00,Boston Red Sox,Baltimore Orioles,813349.0,669358.0,Connelly Early,Shane Baz,4.9899,4.0146,0.9753,0.2202,0.1887,0.0315,0.0887,0.0901,-0.0014,0.3157,0.2993,0.0164,96.95,96.62,0.33,ok,home=ok (season pitching stats available); away=ok (season pitching stats available),2026-06-17T20:44:30.414481+00:00
824755,2026-06-03,2026-06-03T22:45:00+00:00,2026-06-03T21:48:35.136209+00:00,Boston Red Sox,Baltimore Orioles,801139.0,605135.0,Payton Tolle,Chris Bassitt,3.0829,4.7686,-1.6857,0.2542,0.1418,0.1124,0.0678,0.0843,-0.0165,0.3432,0.2787,0.0645,107.75,90.13,17.62,ok,home=ok (season pitching stats available); away=ok (season pitching stats available),2026-06-17T20:44:30.414481+00:00
824823,2026-06-14,2026-06-14T17:35:00+00:00,2026-06-14T12:01:32.809155+00:00,Baltimore Orioles,San Diego Padres,669432.0,621111.0,Trevor Rogers,Walker Buehler,4.4636,3.4564,1.0072,0.1655,0.2021,-0.0366,0.0759,0.0767,-0.0008,0.2948,0.3127,-0.0179,94.09,100.7,-6.61,ok,home=ok (season pitching stats available); away=ok (season pitching stats available),2026-06-17T20:44:30.414481+00:00
824826,2026-06-12,2026-06-12T23:05:00+00:00,2026-06-12T21:52:30.159126+00:00,Baltimore Orioles,San Diego Padres,669358.0,656288.0,Shane Baz,Griffin Canning,4.0146,5.4095,-1.3949,0.1887,0.224,-0.0353,0.0901,0.1366,-0.0465,0.2993,0.2937,0.0056,96.62,92.24,4.38,ok,home=ok (season pitching stats available); away=ok (season pitching stats available),2026-06-17T20:44:30.414481+00:00
824827,2026-06-11,2026-06-11T23:05:00+00:00,2026-06-11T21:25:37.149013+00:00,Baltimore Orioles,Seattle Mariners,680694.0,693433.0,Kyle Bradish,Bryan Woo,4.6955,3.2585,1.437,0.226,0.2401,-0.0141,0.1207,0.0456,0.0751,0.3026,0.3473,-0.0447,95.86,107.59,-11.73,ok,home=ok (season pitching stats available); away=ok (season pitching stats available),2026-06-17T20:44:30.414481+00:00
824828,2026-06-13,2026-06-13T20:05:00+00:00,2026-06-13T14:54:26.594670+00:00,Baltimore Orioles,San Diego Padres,694346.0,681190.0,Trey Gibson,Randy Vásquez,6.3812,4.4722,1.909,0.125,0.1853,-0.0603,0.1354,0.0703,0.0651,0.2448,0.3075,-0.0627,79.52,96.49,-16.97,ok,home=ok (season pitching stats available); away=ok (season pitching stats available),2026-06-17T20:44:30.414481+00:00
824829,2026-06-08,2026-06-08T22:35:00+00:00,2026-06-08T22:28:08.345647+00:00,Baltimore Orioles,Seattle Mariners,694346.0,676106.0,Trey Gibson,Emerson Hancock,6.3812,3.8029,2.5783,0.125,0.2396,-0.1146,0.1354,0.0543,0.0811,0.2448,0.3427,-0.0979,79.52,105.21,-25.69,ok,home=ok (season pitching stats available); away=ok (season pitching stats available),2026-06-17T20:44:30.414481+00:00
824830,2026-06-09,2026-06-09T22:35:00+00:00,2026-06-09T22:25:45.628325+00:00,Baltimore Orioles,Seattle Mariners,669432.0,669302.0,Trevor Rogers,Logan Gilbert,4.4636,3.7923,0.6713,0.1655,0.2659,-0.1004,0.0759,0.0578,0.0181,0.2948,0.3541,-0.0593,94.09,107.59,-13.5,ok,home=ok (season pitching stats available); away=ok (season pitching stats available),2026-06-17T20:44:30.414481+00:00
824831,2026-06-10,2026-06-10T22:35:00+00:00,2026-06-10T21:27:34.957253+00:00,Baltimore Orioles,Seattle Mariners,687064.0,669923.0,Brandon Young,George Kirby,4.0947,3.3976,0.6971,0.166,0.2114,-0.0454,0.0868,0.06,0.0268,0.2896,0.3257,-0.0361,94.37,103.15,-8.78,ok,home=ok (season pitching stats available); away=ok (season pitching stats available),2026-06-17T20:44:30.414481+00:00
824832,2026-05-31,2026-05-31T16:15:00+00:00,2026-05-31T16:07:50.641249+00:00,Baltimore Orioles,Toronto Blue Jays,680694.0,693686.0,Kyle Bradish,Spencer Miles,4.6955,3.2778,1.4177,0.226,0.2376,-0.0116,0.1207,0.0773,0.0434,0.3026,0.3301,-0.0275,95.86,104.74,-8.88,ok,home=ok (season pitching stats available); away=ok (season pitching stats available),2026-06-17T20:44:30.414481+00:00
824833,2026-05-30,2026-05-30T20:05:00+00:00,2026-05-30T19:14:08.902169+00:00,Baltimore Orioles,Toronto Blue Jays,687064.0,702056.0,Brandon Young,Trey Yesavage,4.0947,3.5825,0.5122,0.166,0.2374,-0.0714,0.0868,0.1263,-0.0395,0.2896,0.3055,-0.0159,94.37,99.89,-5.52,ok,home=ok (season pitching stats available); away=ok (season pitching stats available),2026-06-17T20:44:30.414481+00:00
824912,2026-06-17,2026-06-17T18:00:00+00:00,2026-06-17T17:14:15.859563+00:00,Atlanta Braves,San Francisco Giants,656550.0,605288.0,Grant Holmes,Adrian Houser,5.2699,5.3273,-0.0574,0.2033,0.1584,0.0449,0.1067,0.0825,0.0242,0.2983,0.2879,0.0104,92.98,90.26,2.72,ok,home=ok (season pitching stats available); away=ok (season pitching stats available),2026-06-17T20:44:30.414481+00:00
824913,2026-06-17,2026-06-17T23:15:00+00:00,2026-06-17T20:26:01.614215+00:00,Atlanta Braves,San Francisco Giants,702275.0,687931.0,JR Ritchie,Carson Whisenhunt,5.1543,,0.0,0.197,,0.0,0.1364,,0.0,0.2803,,0.0,90.33,,0.0,partial,"home=ok (season pitching stats available); away=api_error (Pitching stats unavailable for pitcher_id=687931, season=2026: no_pitching_splits)",2026-06-17T20:44:30.414481+00:00
824914,2026-06-05,2026-06-05T23:15:00+00:00,2026-06-05T23:08:37.410209+00:00,Atlanta Braves,Pittsburgh Pirates,527048.0,656605.0,Martín Pérez,Mitch Keller,3.8258,3.9745,-0.1487,0.2082,0.1841,0.0241,0.0857,0.0878,-0.0021,0.3113,0.2982,0.0131,99.49,96.46,3.03,ok,home=ok (season pitching stats available); away=ok (season pitching stats available),2026-06-17T20:44:30.414481+00:00
824915,2026-06-06,2026-06-06T20:10:00+00:00,2026-06-06T13:40:39.003341+00:00,Atlanta Braves,Pittsburgh Pirates,675911.0,677952.0,Spencer Strider,Braxton Ashcraft,5.3564,3.0882,2.2682,0.2788,0.2616,0.0172,0.1212,0.0552,0.066,0.3288,0.3532,-0.0244,99.11,109.48,-10.37,ok,home=ok (season pitching stats available); away=ok (season pitching stats available),2026-06-17T20:44:30.414481+00:00
824916,2026-06-07,2026-06-07T17:35:00+00:00,2026-06-07T10:56:39.401112+00:00,Atlanta Braves,Pittsburgh Pirates,693821.0,696149.0,Bryce Elder,Bubba Chandler,3.7541,4.5265,-0.7724,0.1995,0.2259,-0.0264,0.0738,0.1362,-0.0624,0.3129,0.2949,0.018,99.78,95.11,4.67,ok,home=ok (season pitching stats available); away=ok (season pitching stats available),2026-06-17T20:44:30.414481+00:00
824917,2026-06-03,2026-06-03T23:15:00+00:00,2026-06-03T21:48:35.136209+00:00,Atlanta Braves,Toronto Blue Jays,656550.0,571578.0,Grant Holmes,Patrick Corbin,5.2699,4.4115,0.8584,0.2033,0.1593,0.044,0.1067,0.0741,0.0326,0.2983,0.2926,0.0057,92.98,93.77,-0.79,ok,home=ok (season pitching stats available); away=ok (season pitching stats available),2026-06-17T20:44:30.414481+00:00
824918,2026-06-02,2026-06-02T23:15:00+00:00,2026-06-02T23:02:12.073800+00:00,Atlanta Braves,Toronto Blue Jays,693821.0,592332.0,Bryce Elder,Kevin Gausman,3.7541,3.2034,0.5507,0.1995,0.2464,-0.0469,0.0738,0.0458,0.028,0.3129,0.3503,-0.0374,99.78,108.37,-8.59,ok,home=ok (season pitching stats available); away=ok (season pitching stats available),2026-06-17T20:44:30.414481+00:00
824919,2026-06-04,2026-06-04T23:15:00+00:00,2026-06-04T22:20:52.609536+00:00,Atlanta Braves,Toronto Blue Jays,519242.0,689254.0,Chris Sale,Mason Fluharty,2.8191,3.1353,-0.3162,0.2884,0.3008,-0.0124,0.0627,0.0894,-0.0267,0.3629,0.3557,0.0072,112.37,110.52,1.85,ok,home=ok (season pitching stats available); away=ok (season pitching stats available),2026-06-17T20:44:30.414481+00:00
824991,2026-06-16,2026-06-17T01:40:00+00:00,2026-06-16T23:41:50.007397+00:00,Athletics,Pittsburgh Pirates,678022.0,656605.0,Jack Perkins,Mitch Keller,3.7585,3.9745,-0.216,0.2634,0.1841,0.0793,0.0753,0.0878,-0.0125,0.3441,0.2982,0.0459,106.04,96.46,9.58,ok,home=ok (season pitching stats available); away=ok (season pitching stats available),2026-06-17T20:44:30.414481+00:00
824992,2026-06-17,2026-06-18T01:40:00+00:00,2026-06-17T20:26:01.614215+00:00,Athletics,Pittsburgh Pirates,650644.0,677952.0,Aaron Civale,Braxton Ashcraft,5.4713,3.0882,2.3831,0.1585,0.2616,-0.1031,0.0691,0.0552,0.0139,0.2947,0.3532,-0.0585,90.91,109.48,-18.57,ok,home=ok (season pitching stats available); away=ok (season pitching stats available),2026-06-17T20:44:30.414481+00:00
824993,2026-06-15,2026-06-16T01:40:00+00:00,2026-06-15T10:30:49.037896+00:00,Athletics,Pittsburgh Pirates,669372.0,683003.0,J.T. Ginn,Jared Jones,4.0828,5.0615,-0.9787,0.2152,0.2308,-0.0156,0.1013,0.0769,0.0244,0.307,0.327,-0.02,98.17,98.74,-0.57,ok,home=ok (season pitching stats available); away=ok (season pitching stats available),2026-06-17T20:44:30.414481+00:00
824994,2026-06-14,2026-06-14T19:05:00+00:00,2026-06-14T12:01:32.809155+00:00,Athletics,Colorado Rockies,605488.0,608372.0,Jeffrey Springs,Tomoyuki Sugano,5.4544,5.2682,0.1862,0.2,0.131,0.069,0.0676,0.0703,-0.0027,0.3162,0.2803,0.0359,95.23,88.67,6.56,ok,home=ok (season pitching stats available); away=ok (season pitching stats available),2026-06-17T20:44:30.414481+00:00
824995,2026-06-13,2026-06-14T02:05:00+00:00,2026-06-13T14:54:26.594670+00:00,Athletics,Colorado Rockies,683155.0,607536.0,Joey Estes,Kyle Freeland,4.9462,5.6057,-0.6595,0.2222,0.1756,0.0466,0.0556,0.0573,-0.0017,0.3333,0.3092,0.0241,99.93,93.16,6.77,ok,home=ok (season pitching stats available); away=ok (season pitching stats available),2026-06-17T20:44:30.414481+00:00
824996,2026-06-10,2026-06-11T01:05:00+00:00,2026-06-10T21:27:34.957253+00:00,Athletics,Milwaukee Brewers,678022.0,687075.0,Jack Perkins,Brandon Sproat,3.7585,5.55,-1.7915,0.2634,0.2184,0.045,0.0753,0.1149,-0.0396,0.3441,0.3018,0.0423,106.04,93.0,13.04,ok,home=ok (season pitching stats available); away=ok (season pitching stats available),2026-06-17T20:44:30.414481+00:00
824997,2026-06-12,2026-06-13T02:05:00+00:00,2026-06-12T23:22:44.338782+00:00,Athletics,Colorado Rockies,695611.0,807743.0,Gage Jump,Sean Sullivan,2.5,2.7667,-0.2667,0.2021,0.1667,0.0354,0.0638,0.0,0.0638,0.3191,0.3333,-0.0142,104.61,105.37,-0.76,ok,home=ok (season pitching stats available); away=ok (season pitching stats available),2026-06-17T20:44:30.414481+00:00
824998,2026-06-08,2026-06-09T02:05:00+00:00,2026-06-08T23:48:33.404711+00:00,Athletics,Milwaukee Brewers,605488.0,690986.0,Jeffrey Springs,Kyle Harrison,5.4544,3.0543,2.4001,0.2,0.2996,-0.0996,0.0676,0.0674,0.0002,0.3162,0.3661,-0.0499,95.23,112.41,-17.18,ok,home=ok (season pitching stats available); away=ok (season pitching stats available),2026-06-17T20:44:30.414481+00:00
824999,2026-06-09,2026-06-10T02:05:00+00:00,2026-06-09T22:25:45.628325+00:00,Athletics,Milwaukee Brewers,669372.0,688107.0,J.T. Ginn,Robert Gasser,4.0828,6.1,-2.0172,0.2152,0.2243,-0.0091,0.1013,0.1028,-0.0015,0.307,0.3107,-0.0037,98.17,92.91,5.26,ok,home=ok (season pitching stats available); away=ok (season pitching stats available),2026-06-17T20:44:30.414481+00:00
825000,2026-05-30,2026-05-31T02:05:00+00:00,2026-05-30T22:01:24.114016+00:00,Athletics,New York Yankees,669372.0,677960.0,J.T. Ginn,Ryan Weathers,4.0828,4.4318,-0.349,0.2152,0.2656,-0.0504,0.1013,0.0689,0.0324,0.307,0.3483,-0.0413,98.17,104.75,-6.58,ok,home=ok (season pitching stats available); away=ok (season pitching stats available),2026-06-17T20:44:30.414481+00:00
825001,2026-05-31,2026-05-31T20:05:00+00:00,2026-05-31T18:01:13.612831+00:00,Athletics,New York Yankees,682052.0,701542.0,Jacob Lopez,Will Warren,6.3763,3.3339,3.0424,0.1564,0.2436,-0.0872,0.1358,0.0769,0.0589,0.2603,0.3334,-0.0731,82.65,105.21,-22.56,ok,home=ok (season pitching stats available); away=ok (season pitching stats available),2026-06-17T20:44:30.414481+00:00
825070,2026-06-16,2026-06-17T01:40:00+00:00,2026-06-16T23:41:50.007397+00:00,Arizona Diamondbacks,Los Angeles Angels,518876.0,672282.0,Merrill Kelly,Reid Detmers,5.9852,2.8159,3.1693,0.1359,0.2817,-0.1458,0.0906,0.0676,0.023,0.2727,0.357,-0.0843,85.39,111.31,-25.92,ok,home=ok (season pitching stats available); away=ok (season pitching stats available),2026-06-17T20:44:30.414481+00:00
825071,2026-06-15,2026-06-16T01:40:00+00:00,2026-06-15T10:30:49.037896+00:00,Arizona Diamondbacks,Los Angeles Angels,669194.0,700712.0,Ryne Nelson,Walbert Ureña,5.392,4.1588,1.2332,0.1746,0.2132,-0.0386,0.062,0.1287,-0.0667,0.3063,0.2923,0.014,93.32,95.55,-2.23,ok,home=ok (season pitching stats available); away=ok (season pitching stats available),2026-06-17T20:44:30.414481+00:00
825072,2026-06-17,2026-06-17T19:40:00+00:00,2026-06-17T17:14:15.859563+00:00,Arizona Diamondbacks,Los Angeles Angels,593958.0,691951.0,Eduardo Rodriguez,Sam Aldegheri,4.1909,4.9,-0.7091,0.1787,0.1429,0.0358,0.0951,0.1209,-0.0258,0.2918,0.261,0.0308,94.69,86.92,7.77,ok,home=ok (season pitching stats available); away=ok (season pitching stats available),2026-06-17T20:44:30.414481+00:00
825073,2026-06-05,2026-06-06T01:40:00+00:00,2026-06-05T23:08:37.410209+00:00,Arizona Diamondbacks,Washington Nationals,518876.0,656492.0,Merrill Kelly,Foster Griffin,5.9852,4.5881,1.3971,0.1359,0.2305,-0.0946,0.0906,0.0663,0.0243,0.2727,0.3321,-0.0594,85.39,100.98,-15.59,ok,home=ok (season pitching stats available); away=ok (season pitching stats available),2026-06-17T20:44:30.414481+00:00
825074,2026-06-07,2026-06-07T19:15:00+00:00,2026-06-07T10:56:39.401112+00:00,Arizona Diamondbacks,Washington Nationals,647336.0,676917.0,Michael Soroka,Cade Cavalli,2.9272,3.4214,-0.4942,0.2401,0.2432,-0.0031,0.0517,0.0751,-0.0234,0.3442,0.3341,0.0101,108.09,105.05,3.04,ok,home=ok (season pitching stats available); away=ok (season pitching stats available),2026-06-17T20:44:30.414481+00:00
825075,2026-06-06,2026-06-06T20:10:00+00:00,2026-06-06T13:40:39.003341+00:00,Arizona Diamondbacks,Washington Nationals,593958.0,641793.0,Eduardo Rodriguez,Zack Littell,4.1909,6.6634,-2.4725,0.1787,0.1314,0.0473,0.0951,0.0737,0.0214,0.2918,0.2788,0.013,94.69,84.25,10.44,ok,home=ok (season pitching stats available); away=ok (season pitching stats available),2026-06-17T20:44:30.414481+00:00
825076,2026-06-04,2026-06-05T01:40:00+00:00,2026-06-04T22:20:52.609536+00:00,Arizona Diamondbacks,Los Angeles Dodgers,669194.0,680736.0,Ryne Nelson,Justin Wrobleski,5.392,3.5034,1.8886,0.1746,0.1582,0.0164,0.062,0.0506,0.0114,0.3063,0.3038,0.0025,93.32,98.26,-4.94,ok,home=ok (season pitching stats available); away=ok (season pitching stats available),2026-06-17T20:44:30.414481+00:00
825077,2026-06-03,2026-06-04T01:40:00+00:00,2026-06-03T23:43:03.467080+00:00,Arizona Diamondbacks,Los Angeles Dodgers,668678.0,660271.0,Zac Gallen,Shohei Ohtani,5.0427,2.6734,2.3693,0.1484,0.2692,-0.1208,0.0682,0.0769,-0.0087,0.2901,0.3462,-0.0561,91.26,109.75,-18.49,ok,home=ok (season pitching stats available); away=ok (season pitching stats available),2026-06-17T20:44:30.414481+00:00
825078,2026-06-01,2026-06-02T01:40:00+00:00,2026-06-01T23:03:22.306671+00:00,Arizona Diamondbacks,Los Angeles Dodgers,593958.0,686218.0,Eduardo Rodriguez,Emmet Sheehan,4.1909,4.2658,-0.0749,0.1787,0.2677,-0.089,0.0951,0.0632,0.0319,0.2918,0.3523,-0.0605,94.69,105.92,-11.23,ok,home=ok (season pitching stats available); away=ok (season pitching stats available),2026-06-17T20:44:30.414481+00:00
825079,2026-06-02,2026-06-03T01:40:00+00:00,2026-06-02T23:02:12.073800+00:00,Arizona Diamondbacks,Los Angeles Dodgers,647336.0,641778.0,Michael Soroka,Eric Lauer,2.9272,6.4068,-3.4796,0.2401,0.16,0.0801,0.0517,0.084,-0.0323,0.3442,0.288,0.0562,108.09,87.06,21.03,ok,home=ok (season pitching stats available); away=ok (season pitching stats available),2026-06-17T20:44:30.414481+00:00
