snapshot_id,pipeline_version,snapshot_policy,betting_mode,snapshot_created_at,snapshot_valid,snapshot_invalid_reason,game_id,game_date,start_time,game_status,home_team,away_team,rating_source,model_source,premarket_model_home_prob,displayed_home_win_pct,predicted_home_win_pct,manual_no_odds_pred,home_moneyline_odds,away_moneyline_odds,market_no_vig_home_prob,model_edge_home,spread_line,total_line,odds_quality_status,suspicious_odds_reason,odds_source,bookmaker_quotes_json,market_adjustment_applied,recommendation_status,moneyline_recommendation,spread_recommendation,total_recommendation,home_kelly_fraction,away_kelly_fraction,over_prob,home_cover_prob,away_cover_prob,nrfi_prob,nrfi_recommendation,settled_at,home_win,home_score,away_score,closing_home_odds,closing_away_odds,closing_spread_line,closing_total_line,clv_home_moneyline,elo_diff,sp_era_diff,sp_fip_diff,sp_stuff_plus_diff,sp_csw_diff,bullpen_ip_diff,rest_diff,dynamic_park_factor,platoon_ops_diff,statcast_launch_speed_diff,statcast_barrel_diff,statcast_hard_hit_diff,statcast_woba_diff,timezone_diff,is_day_game,back2back_diff,catcher_era_diff,cs_diff,wind_effect,temp_effect,precip_effect,injury_diff,dynamic_pythag_diff,log5_prob,lag30_winrate_diff,lag30_runs_diff,pitch_movement_diff,k_pct_diff,bb_pct_diff,avg_bat_speed_diff,pitcher_rating_diff,odds_change,zone_size,k_rate,bullpen_availability_diff,elo_momentum_7d,elo_momentum_30d,barrel_pa_diff,hardhit_pa_diff,swing_miss_diff,csw_diff,barrel_bb_pct_diff,sprint_speed_diff,pitch_type_matchup_score,top3_woba_diff,winrate_diff,bt_strength_diff
baseline_v2_clean:823295,baseline_v2_clean,first_seen_pregame,paper_trading,2026-05-27T19:34:03.285423Z,true,,823295,2026-05-27,2026-05-27T20:10:00Z,Preview,Padres,Phillies,elo,manual,0.3601,0.3673,0.3673,0.3651,2.22,1.69,0.4322,-0.0721,1.5,7.0,OK,,"BetMGM, DraftKings, FanDuel","[{""bookmaker"":""FanDuel"",""bookmaker_key"":""fanduel"",""last_update"":""2026-05-27T19:33:44Z"",""home_moneyline_odds"":2.22,""away_moneyline_odds"":1.69,""home_spread_line"":1.5,""home_spread_odds"":1.67,""total_line"":7.0,""over_odds"":1.91,""under_odds"":1.91},{""bookmaker"":""DraftKings"",""bookmaker_key"":""draftkings"",""last_update"":""2026-05-27T19:33:03Z"",""home_moneyline_odds"":2.23,""away_moneyline_odds"":1.68,""home_spread_line"":1.5,""home_spread_odds"":1.73,""total_line"":7.0,""over_odds"":1.93,""under_odds"":1.89},{""bookmaker"":""BetMGM"",""bookmaker_key"":""betmgm"",""last_update"":""2026-05-27T19:32:44Z"",""home_moneyline_odds"":2.18,""away_moneyline_odds"":1.69,""home_spread_line"":1.5,""home_spread_odds"":1.65,""total_line"":7.0,""over_odds"":1.95,""under_odds"":1.87}]",true,PAPER_BET,Phillies ML,Phillies spread,UNDER,0.0,0.0251,0.3724,0.4394,0.5606,,NO DATA,2026-05-27T23:17:22.965683Z,0,0,3,,,,,,-28.4335,3.43,0.0,0.0,0.0,0.0,0.0,0.87,0.0,0.0,0.0,0.0,0.0,-3.0,1.0,0.0,0.0,0.0,0.0,0.0,0.0,0.0,0.0,0.0,0.0,0.0,0.0,0.0,0.0,0.0,0.0,0.0,0.0,0.0,0.0,0.0,0.0,0.0,0.0,0.0,0.0,0.0,0.0,0.0,0.0,0.065,-3.3e-05
baseline_v2_clean:824836,baseline_v2_clean,first_seen_pregame,paper_trading,2026-05-27T19:34:03.285423Z,true,,824836,2026-05-27,2026-05-27T22:35:00Z,Preview,Orioles,Rays,elo,manual,0.5231,0.52,0.52,0.5281,1.95,1.89,0.4922,0.0309,1.5,9.0,OK,,"BetMGM, DraftKings, FanDuel","[{""bookmaker"":""DraftKings"",""bookmaker_key"":""draftkings"",""last_update"":""2026-05-27T19:33:03Z"",""home_moneyline_odds"":1.93,""away_moneyline_odds"":1.89,""home_spread_line"":1.5,""home_spread_odds"":1.57,""total_line"":9.0,""over_odds"":1.93,""under_odds"":1.9},{""bookmaker"":""BetMGM"",""bookmaker_key"":""betmgm"",""last_update"":""2026-05-27T19:32:44Z"",""home_moneyline_odds"":1.95,""away_moneyline_odds"":1.87,""home_spread_line"":1.5,""home_spread_odds"":1.57,""total_line"":9.0,""over_odds"":1.91,""under_odds"":1.91},{""bookmaker"":""FanDuel"",""bookmaker_key"":""fanduel"",""last_update"":""2026-05-27T19:33:44Z"",""home_moneyline_odds"":1.96,""away_moneyline_odds"":1.89,""home_spread_line"":1.5,""home_spread_odds"":1.56,""total_line"":9.0,""over_odds"":1.91,""under_odds"":1.91}]",true,PAPER_BET,NO BET,NO BET,NO BET,0.0037,0.0,0.5252,0.4678,0.5322,,NO DATA,2026-05-28T03:29:53.628218Z,1,11,2,,,,,,79.4139,1.7,0.0,0.0,0.0,0.0,0.0,1.08,0.0,0.0,0.0,0.0,0.0,0.0,0.0,0.0,0.0,0.0,0.0,0.0,0.0,0.0,0.0,0.0,0.0,0.0,0.0,0.0,0.0,0.0,0.0,0.0,0.0,0.0,0.0,0.0,0.0,0.0,0.0,0.0,0.0,0.0,0.0,0.0,0.0,-0.1993,-6.280495
baseline_v2_clean:824270,baseline_v2_clean,first_seen_pregame,paper_trading,2026-05-27T19:34:03.285423Z,true,,824270,2026-05-27,2026-05-27T22:40:00Z,Preview,Tigers,Angels,elo,manual,0.5967,0.5876,0.5876,0.6017,1.89,1.93,0.5052,0.0915,1.5,7.5,OK,,"BetMGM, DraftKings, FanDuel","[{""bookmaker"":""FanDuel"",""bookmaker_key"":""fanduel"",""last_update"":""2026-05-27T19:33:44Z"",""home_moneyline_odds"":1.89,""away_moneyline_odds"":1.96,""home_spread_line"":1.5,""home_spread_odds"":1.52,""total_line"":7.5,""over_odds"":1.89,""under_odds"":1.93},{""bookmaker"":""DraftKings"",""bookmaker_key"":""draftkings"",""last_update"":""2026-05-27T19:33:03Z"",""home_moneyline_odds"":1.89,""away_moneyline_odds"":1.93,""home_spread_line"":1.5,""home_spread_odds"":1.54,""total_line"":7.5,""over_odds"":1.93,""under_odds"":1.9},{""bookmaker"":""BetMGM"",""bookmaker_key"":""betmgm"",""last_update"":""2026-05-27T19:32:44Z"",""home_moneyline_odds"":1.91,""away_moneyline_odds"":1.91,""home_spread_line"":1.5,""home_spread_odds"":1.53,""total_line"":7.5,""over_odds"":1.91,""under_odds"":1.91}]",true,PAPER_BET,Tigers ML,Tigers spread,UNDER,0.031,0.0,0.1832,0.715,0.285,,NO DATA,2026-05-28T03:29:53.628218Z,1,4,0,,,,,,96.3374,0.03,0.0,0.0,0.0,0.0,0.0,0.96,0.0,0.0,0.0,0.0,0.0,3.0,0.0,0.0,0.0,0.0,0.0,0.0,0.0,0.0,0.0,0.0,0.0,0.0,0.0,0.0,0.0,0.0,0.0,0.0,0.0,0.0,0.0,0.0,0.0,0.0,0.0,0.0,0.0,0.0,0.0,0.0,0.0,0.0,12.56054
baseline_v2_clean:823376,baseline_v2_clean,first_seen_pregame,paper_trading,2026-05-27T19:34:03.285423Z,true,,823376,2026-05-27,2026-05-27T22:40:00Z,Preview,Pirates,Cubs,elo,manual,0.4952,0.499,0.499,0.5002,1.79,2.04,0.5326,-0.0374,-1.5,8.5,OK,,"BetMGM, DraftKings, FanDuel","[{""bookmaker"":""FanDuel"",""bookmaker_key"":""fanduel"",""last_update"":""2026-05-27T19:33:44Z"",""home_moneyline_odds"":1.82,""away_moneyline_odds"":2.04,""home_spread_line"":-1.5,""home_spread_odds"":2.64,""total_line"":8.5,""over_odds"":1.81,""under_odds"":2.02},{""bookmaker"":""DraftKings"",""bookmaker_key"":""draftkings"",""last_update"":""2026-05-27T19:33:03Z"",""home_moneyline_odds"":1.79,""away_moneyline_odds"":2.04,""home_spread_line"":1.5,""home_spread_odds"":1.53,""total_line"":9.0,""over_odds"":1.99,""under_odds"":1.83},{""bookmaker"":""BetMGM"",""bookmaker_key"":""betmgm"",""last_update"":""2026-05-27T19:32:44Z"",""home_moneyline_odds"":1.77,""away_moneyline_odds"":2.05,""home_spread_line"":-1.5,""home_spread_odds"":2.55,""total_line"":8.5,""over_odds"":1.83,""under_odds"":2.0}]",true,PAPER_BET,NO BET,Cubs spread,OVER,0.0,0.0053,0.6626,0.3962,0.6038,,NO DATA,2026-05-28T03:29:53.628218Z,0,4,10,,,,,,11.6316,-0.6,0.0,0.0,0.0,0.0,0.0,1.01,0.0,0.0,0.0,0.0,0.0,1.0,0.0,0.0,0.0,0.0,0.0,0.0,0.0,0.0,0.0,0.0,0.0,0.0,0.0,0.0,0.0,0.0,0.0,0.0,0.0,0.0,0.0,0.0,0.0,0.0,0.0,0.0,0.0,0.0,0.0,0.0,0.0,0.0,12.559637
baseline_v2_clean:824756,baseline_v2_clean,first_seen_pregame,paper_trading,2026-05-27T19:34:03.285423Z,true,,824756,2026-05-27,2026-05-27T22:45:00Z,Preview,Red Sox,Braves,elo,manual,0.4802,0.4839,0.4839,0.4852,1.85,1.98,0.517,-0.0367,1.5,8.0,OK,,"BetMGM, DraftKings, FanDuel","[{""bookmaker"":""FanDuel"",""bookmaker_key"":""fanduel"",""last_update"":""2026-05-27T19:33:44Z"",""home_moneyline_odds"":1.86,""away_moneyline_odds"":1.98,""home_spread_line"":1.5,""home_spread_odds"":1.52,""total_line"":8.0,""over_odds"":1.83,""under_odds"":1.98},{""bookmaker"":""DraftKings"",""bookmaker_key"":""draftkings"",""last_update"":""2026-05-27T19:33:03Z"",""home_moneyline_odds"":1.85,""away_moneyline_odds"":1.97,""home_spread_line"":1.5,""home_spread_odds"":1.52,""total_line"":8.0,""over_odds"":1.84,""under_odds"":1.99},{""bookmaker"":""BetMGM"",""bookmaker_key"":""betmgm"",""last_update"":""2026-05-27T19:32:44Z"",""home_moneyline_odds"":1.85,""away_moneyline_odds"":1.98,""home_spread_line"":1.5,""home_spread_odds"":1.53,""total_line"":8.0,""over_odds"":1.85,""under_odds"":1.98}]",true,PAPER_BET,NO BET,NO BET,UNDER,0.0,0.0056,0.2062,0.5328,0.4672,,NO DATA,2026-05-28T03:29:53.628218Z,1,8,0,,,,,,42.1146,1.36,0.0,0.0,0.0,0.0,0.0,1.12,0.0,0.0,0.0,0.0,0.0,0.0,0.0,0.0,0.0,0.0,0.0,0.0,0.0,0.0,0.0,0.0,0.0,0.0,0.0,0.0,0.0,0.0,0.0,0.0,0.0,0.0,0.0,0.0,0.0,0.0,0.0,0.0,0.0,0.0,0.0,0.0,0.0,-0.2576,-0.000204
baseline_v2_clean:823626,baseline_v2_clean,first_seen_pregame,paper_trading,2026-05-27T19:34:03.285423Z,true,,823626,2026-05-27,2026-05-27T23:10:00Z,Preview,Mets,Reds,elo,manual,0.4457,0.4529,0.4529,0.4507,1.84,1.98,0.5183,-0.0727,1.5,8.0,OK,,"BetMGM, DraftKings, FanDuel","[{""bookmaker"":""FanDuel"",""bookmaker_key"":""fanduel"",""last_update"":""2026-05-27T19:33:44Z"",""home_moneyline_odds"":1.83,""away_moneyline_odds"":2.02,""home_spread_line"":1.5,""home_spread_odds"":1.49,""total_line"":8.5,""over_odds"":2.0,""under_odds"":1.82},{""bookmaker"":""DraftKings"",""bookmaker_key"":""draftkings"",""last_update"":""2026-05-27T19:33:03Z"",""home_moneyline_odds"":1.84,""away_moneyline_odds"":1.98,""home_spread_line"":1.5,""home_spread_odds"":1.54,""total_line"":8.0,""over_odds"":1.84,""under_odds"":1.98},{""bookmaker"":""BetMGM"",""bookmaker_key"":""betmgm"",""last_update"":""2026-05-27T19:32:44Z"",""home_moneyline_odds"":1.85,""away_moneyline_odds"":1.98,""home_spread_line"":1.5,""home_spread_odds"":1.5,""total_line"":8.0,""over_odds"":1.85,""under_odds"":1.98}]",true,PAPER_BET,NO BET,Mets spread,UNDER,0.0,0.0212,0.2096,0.8444,0.1556,,NO DATA,2026-05-28T03:29:53.628218Z,1,4,2,,,,,,-53.2295,-2.24,0.0,0.0,0.0,0.0,0.0,0.95,0.0,0.0,0.0,0.0,0.0,0.0,0.0,0.0,0.0,0.0,0.0,0.0,0.0,0.0,0.0,0.0,0.0,0.0,0.0,0.0,0.0,0.0,0.0,0.0,0.0,0.0,0.0,0.0,0.0,0.0,0.0,0.0,0.0,0.0,0.0,0.0,0.0,-0.137,12.549415
baseline_v2_clean:824596,baseline_v2_clean,first_seen_pregame,paper_trading,2026-05-27T19:34:03.285423Z,true,,824596,2026-05-27,2026-05-27T23:40:00Z,Preview,White Sox,Twins,elo,manual,0.547,0.5423,0.5423,0.552,1.91,1.91,0.5,0.047,1.5,7.5,OK,,"BetMGM, DraftKings, FanDuel","[{""bookmaker"":""FanDuel"",""bookmaker_key"":""fanduel"",""last_update"":""2026-05-27T19:33:44Z"",""home_moneyline_odds"":1.93,""away_moneyline_odds"":1.93,""home_spread_line"":1.5,""home_spread_odds"":1.54,""total_line"":7.5,""over_odds"":1.87,""under_odds"":1.95},{""bookmaker"":""DraftKings"",""bookmaker_key"":""draftkings"",""last_update"":""2026-05-27T19:33:03Z"",""home_moneyline_odds"":1.91,""away_moneyline_odds"":1.91,""home_spread_line"":1.5,""home_spread_odds"":1.56,""total_line"":7.5,""over_odds"":1.87,""under_odds"":1.96},{""bookmaker"":""BetMGM"",""bookmaker_key"":""betmgm"",""last_update"":""2026-05-27T19:32:44Z"",""home_moneyline_odds"":1.91,""away_moneyline_odds"":1.91,""home_spread_line"":1.5,""home_spread_odds"":1.53,""total_line"":7.5,""over_odds"":1.85,""under_odds"":1.98}]",true,PAPER_BET,NO BET,White Sox spread,UNDER,0.0098,0.0,0.3466,0.8408,0.1592,,NO DATA,2026-05-28T03:29:53.628218Z,1,15,2,,,,,,18.6161,-1.99,0.0,0.0,0.0,0.0,0.0,1.0,0.0,0.0,0.0,0.0,0.0,0.0,0.0,0.0,0.0,0.0,0.0,0.0,0.0,0.0,0.0,0.0,0.0,0.0,0.0,0.0,0.0,0.0,0.0,0.0,0.0,0.0,0.0,0.0,0.0,0.0,0.0,0.0,0.0,0.0,0.0,0.0,0.0,0.0091,-0.000988
baseline_v2_clean:824104,baseline_v2_clean,first_seen_pregame,paper_trading,2026-05-27T19:34:03.285423Z,true,,824104,2026-05-27,2026-05-27T23:40:00Z,Preview,Royals,Yankees,elo,manual,0.2654,0.2798,0.2798,0.2704,2.34,1.62,0.4091,-0.1437,1.5,9.0,OK,,"BetMGM, DraftKings, FanDuel","[{""bookmaker"":""FanDuel"",""bookmaker_key"":""fanduel"",""last_update"":""2026-05-27T19:33:44Z"",""home_moneyline_odds"":2.32,""away_moneyline_odds"":1.64,""home_spread_line"":1.5,""home_spread_odds"":1.77,""total_line"":9.0,""over_odds"":2.0,""under_odds"":1.82},{""bookmaker"":""DraftKings"",""bookmaker_key"":""draftkings"",""last_update"":""2026-05-27T19:33:03Z"",""home_moneyline_odds"":2.34,""away_moneyline_odds"":1.62,""home_spread_line"":1.5,""home_spread_odds"":1.84,""total_line"":8.5,""over_odds"":1.82,""under_odds"":2.01},{""bookmaker"":""BetMGM"",""bookmaker_key"":""betmgm"",""last_update"":""2026-05-27T19:32:44Z"",""home_moneyline_odds"":2.35,""away_moneyline_odds"":1.62,""home_spread_line"":1.5,""home_spread_odds"":1.87,""total_line"":9.0,""over_odds"":2.0,""under_odds"":1.83}]",true,PAPER_BET,Yankees ML,Royals spread,NO BET,0.0,0.0672,0.4792,0.678,0.322,,NO DATA,2026-05-28T03:29:53.628218Z,0,0,7,,,,,,-98.6845,4.72,0.0,0.0,0.0,0.0,0.0,1.03,0.0,0.0,0.0,0.0,0.0,-1.0,0.0,0.0,0.0,0.0,0.0,0.0,0.0,0.0,0.0,0.0,0.0,0.0,0.0,0.0,0.0,0.0,0.0,0.0,0.0,0.0,0.0,0.0,0.0,0.0,0.0,0.0,0.0,0.0,0.0,0.0,0.0,-0.2,-6.279952
baseline_v2_clean:822897,baseline_v2_clean,first_seen_pregame,paper_trading,2026-05-27T19:34:03.285423Z,true,,822897,2026-05-28,2026-05-28T00:05:00Z,Preview,Rangers,Astros,elo,manual,0.4912,0.4987,0.4987,0.4962,1.69,2.2,0.5656,-0.0743,-1.5,7.0,OK,,"BetMGM, DraftKings, FanDuel","[{""bookmaker"":""FanDuel"",""bookmaker_key"":""fanduel"",""last_update"":""2026-05-27T19:33:44Z"",""home_moneyline_odds"":1.68,""away_moneyline_odds"":2.24,""home_spread_line"":-1.5,""home_spread_odds"":2.5,""total_line"":7.5,""over_odds"":2.08,""under_odds"":1.76},{""bookmaker"":""DraftKings"",""bookmaker_key"":""draftkings"",""last_update"":""2026-05-27T19:33:03Z"",""home_moneyline_odds"":1.69,""away_moneyline_odds"":2.19,""home_spread_line"":-1.5,""home_spread_odds"":2.52,""total_line"":7.0,""over_odds"":1.84,""under_odds"":1.98},{""bookmaker"":""BetMGM"",""bookmaker_key"":""betmgm"",""last_update"":""2026-05-27T19:32:44Z"",""home_moneyline_odds"":1.69,""away_moneyline_odds"":2.2,""home_spread_line"":-1.5,""home_spread_odds"":2.55,""total_line"":7.0,""over_odds"":1.83,""under_odds"":2.0}]",true,PAPER_BET,NO BET,Rangers spread,OVER,0.0,0.0214,0.7912,0.574,0.426,,NO DATA,2026-05-28T03:29:53.628218Z,0,3,4,,,,,,-18.2115,-1.89,0.0,0.0,0.0,0.0,0.0,1.05,0.0,0.0,0.0,0.0,0.0,0.0,0.0,0.0,0.0,0.0,0.0,0.0,0.0,0.0,0.0,0.0,0.0,0.0,0.0,0.0,0.0,0.0,0.0,0.0,0.0,0.0,0.0,0.0,0.0,0.0,0.0,0.0,0.0,0.0,0.0,0.0,0.0,0.0344,0.000112
baseline_v2_clean:823947,baseline_v2_clean,first_seen_pregame,paper_trading,2026-05-27T19:34:03.285423Z,true,,823947,2026-05-28,2026-05-28T02:10:00Z,Preview,Dodgers,Rockies,elo,manual,0.927,0.9116,0.9116,0.932,1.24,4.24,0.7737,0.1532,-1.5,8.0,OK,,"BetMGM, DraftKings, FanDuel","[{""bookmaker"":""FanDuel"",""bookmaker_key"":""fanduel"",""last_update"":""2026-05-27T19:33:44Z"",""home_moneyline_odds"":1.24,""away_moneyline_odds"":4.3,""home_spread_line"":-1.5,""home_spread_odds"":1.6,""total_line"":8.0,""over_odds"":1.96,""under_odds"":1.85},{""bookmaker"":""DraftKings"",""bookmaker_key"":""draftkings"",""last_update"":""2026-05-27T19:33:03Z"",""home_moneyline_odds"":1.24,""away_moneyline_odds"":4.24,""home_spread_line"":-1.5,""home_spread_odds"":1.58,""total_line"":8.0,""over_odds"":1.95,""under_odds"":1.88},{""bookmaker"":""BetMGM"",""bookmaker_key"":""betmgm"",""last_update"":""2026-05-27T19:32:44Z"",""home_moneyline_odds"":1.25,""away_moneyline_odds"":4.1,""home_spread_line"":-2.5,""home_spread_odds"":1.91,""total_line"":8.0,""over_odds"":1.95,""under_odds"":1.87}]",true,PAPER_BET,Dodgers ML,NO BET,UNDER,0.1359,0.0,0.229,0.5236,0.4764,,NO DATA,2026-05-28T06:14:33.926697Z,1,4,1,,,,,,357.2496,-3.13,0.0,0.0,0.0,0.0,0.0,1.0,0.0,0.0,0.0,0.0,0.0,-1.0,0.0,0.0,0.0,0.0,0.0,0.0,0.0,0.0,0.0,0.0,0.0,0.0,0.0,0.0,0.0,0.0,0.0,0.0,0.0,0.0,0.0,0.0,0.0,0.0,0.0,0.0,0.0,0.0,0.0,0.0,0.0,0.2792,0.000496
baseline_v2_clean:824272,baseline_v2_clean,first_seen_pregame,paper_trading,2026-05-28T03:30:19.783468Z,true,,824272,2026-05-28,2026-05-28T17:10:00Z,Preview,Tigers,Angels,elo,manual,0.6893,0.6748,0.6748,0.6943,1.76,2.1,0.544,0.1453,-1.5,9.0,OK,,"BetMGM, DraftKings, FanDuel","[{""bookmaker"":""FanDuel"",""bookmaker_key"":""fanduel"",""last_update"":""2026-05-28T03:29:51Z"",""home_moneyline_odds"":1.77,""away_moneyline_odds"":2.1,""home_spread_line"":-1.5,""home_spread_odds"":2.58,""total_line"":9.0,""over_odds"":1.94,""under_odds"":1.88},{""bookmaker"":""DraftKings"",""bookmaker_key"":""draftkings"",""last_update"":""2026-05-28T03:29:50Z"",""home_moneyline_odds"":1.76,""away_moneyline_odds"":2.1,""home_spread_line"":-1.5,""home_spread_odds"":2.52,""total_line"":9.0,""over_odds"":1.97,""under_odds"":1.85},{""bookmaker"":""BetMGM"",""bookmaker_key"":""betmgm"",""last_update"":""2026-05-28T03:29:33Z"",""home_moneyline_odds"":1.74,""away_moneyline_odds"":2.1,""home_spread_line"":-1.5,""home_spread_odds"":2.5,""total_line"":9.0,""over_odds"":1.98,""under_odds"":1.85}]",true,PAPER_BET,Tigers ML,NO BET,OVER,0.0617,0.0,0.8144,0.4864,0.5136,,NO DATA,2026-05-28T21:11:15.012643Z,0,1,7,,,,,,119.6851,-4.67,0.0,0.0,0.0,0.0,0.0,0.96,0.0,0.0,0.0,0.0,0.0,3.0,1.0,0.0,0.0,0.0,0.0,0.0,0.0,0.0,0.0,0.0,0.0,0.0,0.0,0.0,0.0,0.0,0.0,0.0,0.0,0.0,0.0,0.0,0.0,0.0,0.0,0.0,0.0,0.0,0.0,0.0,0.0,0.0179,12.560345
baseline_v2_clean:824595,baseline_v2_clean,first_seen_pregame,paper_trading,2026-05-28T03:30:19.783468Z,true,,824595,2026-05-28,2026-05-28T18:10:00Z,Preview,White Sox,Twins,elo,manual,0.5074,0.5092,0.5092,0.5124,1.8250000000000002,2.02,0.5254,-0.018,0.0,7.5,OK,,"DraftKings, FanDuel","[{""bookmaker"":""FanDuel"",""bookmaker_key"":""fanduel"",""last_update"":""2026-05-28T03:29:51Z"",""home_moneyline_odds"":1.81,""away_moneyline_odds"":2.06,""home_spread_line"":-1.5,""home_spread_odds"":2.68,""total_line"":7.5,""over_odds"":1.83,""under_odds"":1.98},{""bookmaker"":""DraftKings"",""bookmaker_key"":""draftkings"",""last_update"":""2026-05-28T03:29:50Z"",""home_moneyline_odds"":1.84,""away_moneyline_odds"":1.98,""home_spread_line"":1.5,""home_spread_odds"":1.51,""total_line"":7.5,""over_odds"":1.87,""under_odds"":1.96}]",true,PAPER_BET,NO BET,NO BET,UNDER,0.0,0.0,0.1846,0.4296,0.4216,,NO DATA,2026-05-28T21:11:15.012643Z,1,6,2,,,,,,48.9032,0.78,0.0,0.0,0.0,0.0,0.0,1.0,0.0,0.0,0.0,0.0,0.0,0.0,1.0,0.0,0.0,0.0,0.0,0.0,0.0,0.0,0.0,0.0,0.0,0.0,0.0,0.0,0.0,0.0,0.0,0.0,0.0,0.0,0.0,0.0,0.0,0.0,0.0,0.0,0.0,0.0,0.0,0.0,0.0,0.0269,0.000237
baseline_v2_clean:824757,baseline_v2_clean,first_seen_pregame,paper_trading,2026-05-28T03:30:19.783468Z,true,,824757,2026-05-28,2026-05-28T20:10:00Z,Preview,Red Sox,Braves,elo,manual,0.5444,0.5336,0.5336,0.5494,2.19,1.7,0.437,0.1074,1.5,7.5,OK,,"BetMGM, DraftKings, FanDuel","[{""bookmaker"":""FanDuel"",""bookmaker_key"":""fanduel"",""last_update"":""2026-05-28T03:29:51Z"",""home_moneyline_odds"":2.18,""away_moneyline_odds"":1.72,""home_spread_line"":1.5,""home_spread_odds"":1.66,""total_line"":7.5,""over_odds"":2.0,""under_odds"":1.82},{""bookmaker"":""DraftKings"",""bookmaker_key"":""draftkings"",""last_update"":""2026-05-28T03:29:50Z"",""home_moneyline_odds"":2.19,""away_moneyline_odds"":1.7,""home_spread_line"":1.5,""home_spread_odds"":1.67,""total_line"":7.0,""over_odds"":1.81,""under_odds"":2.03},{""bookmaker"":""BetMGM"",""bookmaker_key"":""betmgm"",""last_update"":""2026-05-28T03:29:33Z"",""home_moneyline_odds"":2.2,""away_moneyline_odds"":1.69,""home_spread_line"":1.5,""home_spread_odds"":1.65,""total_line"":7.5,""over_odds"":2.05,""under_odds"":1.77}]",true,PAPER_BET,NO BET,Red Sox spread,UNDER,0.0354,0.0,0.2072,0.6824,0.3176,,NO DATA,2026-05-28T23:15:42.420111Z,0,2,10,,,,,,70.2546,0.56,0.0,0.0,0.0,0.0,0.0,1.12,0.0,0.0,0.0,0.0,0.0,0.0,1.0,0.0,0.0,0.0,0.0,0.0,0.0,0.0,0.0,0.0,0.0,0.0,0.0,0.0,0.0,0.0,0.0,0.0,0.0,0.0,0.0,0.0,0.0,0.0,0.0,0.0,0.0,0.0,0.0,0.0,0.0,-0.2348,-0.000377
baseline_v2_clean:824834,baseline_v2_clean,first_seen_pregame,paper_trading,2026-05-28T03:30:19.783468Z,true,,824834,2026-05-28,2026-05-28T22:35:00Z,Preview,Orioles,Blue Jays,elo,manual,0.3828,0.3992,0.3992,0.3878,1.74,2.1,0.5469,-0.1641,-1.5,8.5,OK,,"BetMGM, DraftKings, FanDuel","[{""bookmaker"":""FanDuel"",""bookmaker_key"":""fanduel"",""last_update"":""2026-05-28T03:29:51Z"",""home_moneyline_odds"":1.79,""away_moneyline_odds"":2.08,""home_spread_line"":-1.5,""home_spread_odds"":2.58,""total_line"":8.5,""over_odds"":1.87,""under_odds"":1.95},{""bookmaker"":""DraftKings"",""bookmaker_key"":""draftkings"",""last_update"":""2026-05-28T03:29:50Z"",""home_moneyline_odds"":1.74,""away_moneyline_odds"":2.13,""home_spread_line"":-1.5,""home_spread_odds"":2.54,""total_line"":8.5,""over_odds"":1.85,""under_odds"":1.97},{""bookmaker"":""BetMGM"",""bookmaker_key"":""betmgm"",""last_update"":""2026-05-28T03:29:33Z"",""home_moneyline_odds"":1.74,""away_moneyline_odds"":2.1,""home_spread_line"":-1.5,""home_spread_odds"":2.55,""total_line"":8.5,""over_odds"":1.87,""under_odds"":1.95}]",true,PAPER_BET,Blue Jays ML,Blue Jays spread,OVER,0.0,0.0595,0.684,0.1618,0.8382,,NO DATA,2026-05-29T02:14:04.318275Z,0,1,2,,,,,,-19.7867,1.65,0.0,0.0,0.0,0.0,0.0,1.08,0.0,0.0,0.0,0.0,0.0,0.0,0.0,1.0,0.0,0.0,0.0,0.0,0.0,0.0,0.0,0.0,0.0,0.0,0.0,0.0,0.0,0.0,0.0,0.0,0.0,0.0,0.0,0.0,0.0,0.0,0.0,0.0,0.0,0.0,0.0,0.0,0.0,-0.0179,3e-05
baseline_v2_clean:823378,baseline_v2_clean,first_seen_pregame,paper_trading,2026-05-28T03:30:19.783468Z,true,,823378,2026-05-28,2026-05-28T22:40:00Z,Preview,Pirates,Cubs,elo,manual,0.4849,0.4973,0.4973,0.4899,1.57,2.45,0.6095,-0.1246,-1.5,7.5,OK,,"BetMGM, DraftKings, FanDuel","[{""bookmaker"":""FanDuel"",""bookmaker_key"":""fanduel"",""last_update"":""2026-05-28T03:29:51Z"",""home_moneyline_odds"":1.57,""away_moneyline_odds"":2.46,""home_spread_line"":-1.5,""home_spread_odds"":2.22,""total_line"":7.5,""over_odds"":1.89,""under_odds"":1.93},{""bookmaker"":""DraftKings"",""bookmaker_key"":""draftkings"",""last_update"":""2026-05-28T03:29:50Z"",""home_moneyline_odds"":1.57,""away_moneyline_odds"":2.44,""home_spread_line"":-1.5,""home_spread_odds"":2.3,""total_line"":7.5,""over_odds"":1.93,""under_odds"":1.88},{""bookmaker"":""BetMGM"",""bookmaker_key"":""betmgm"",""last_update"":""2026-05-28T03:29:33Z"",""home_moneyline_odds"":1.56,""away_moneyline_odds"":2.45,""home_spread_line"":-1.5,""home_spread_odds"":2.25,""total_line"":7.5,""over_odds"":1.95,""under_odds"":1.87}]",true,PAPER_BET,NO BET,Pirates spread,OVER,0.0,0.0399,0.5514,0.569,0.431,,NO DATA,2026-05-29T02:14:04.318275Z,0,2,7,,,,,,-21.4393,-1.83,0.0,0.0,0.0,0.0,0.0,1.01,0.0,0.0,0.0,0.0,0.0,1.0,0.0,0.0,0.0,0.0,0.0,0.0,0.0,0.0,0.0,0.0,0.0,0.0,0.0,0.0,0.0,0.0,0.0,0.0,0.0,0.0,0.0,0.0,0.0,0.0,0.0,0.0,0.0,0.0,0.0,0.0,0.0,-0.0179,12.558687
baseline_v2_clean:822896,baseline_v2_clean,first_seen_pregame,paper_trading,2026-05-28T03:30:19.783468Z,true,,822896,2026-05-29,2026-05-29T00:05:00Z,Preview,Rangers,Astros,elo,manual,0.3321,0.3569,0.3569,0.3371,1.65,2.28,0.5802,-0.248,-1.5,7.5,OK,,"BetMGM, DraftKings, FanDuel","[{""bookmaker"":""FanDuel"",""bookmaker_key"":""fanduel"",""last_update"":""2026-05-28T03:29:51Z"",""home_moneyline_odds"":1.66,""away_moneyline_odds"":2.28,""home_spread_line"":-1.5,""home_spread_odds"":2.46,""total_line"":7.5,""over_odds"":1.88,""under_odds"":1.94},{""bookmaker"":""DraftKings"",""bookmaker_key"":""draftkings"",""last_update"":""2026-05-28T03:29:50Z"",""home_moneyline_odds"":1.64,""away_moneyline_odds"":2.3,""home_spread_line"":-1.5,""home_spread_odds"":2.41,""total_line"":7.5,""over_odds"":1.89,""under_odds"":1.93},{""bookmaker"":""BetMGM"",""bookmaker_key"":""betmgm"",""last_update"":""2026-05-28T03:29:33Z"",""home_moneyline_odds"":1.65,""away_moneyline_odds"":2.25,""home_spread_line"":-1.5,""home_spread_odds"":2.4,""total_line"":7.5,""over_odds"":1.87,""under_odds"":1.95}]",true,PAPER_BET,Astros ML,Astros spread,UNDER,0.0,0.0911,0.3172,0.1606,0.8394,,NO DATA,2026-05-29T03:30:13.078086Z,0,1,5,,,,,,-48.5357,2.33,0.0,0.0,0.0,0.0,0.0,1.05,0.0,0.0,0.0,0.0,0.0,0.0,0.0,0.0,0.0,0.0,0.0,0.0,0.0,0.0,0.0,0.0,0.0,0.0,0.0,0.0,0.0,0.0,0.0,0.0,0.0,0.0,0.0,0.0,0.0,0.0,0.0,0.0,0.0,0.0,0.0,0.0,0.0,0.0159,-0.000187
baseline_v2_clean:824515,baseline_v2_clean,first_seen_pregame,paper_trading,2026-05-29T00:46:39.447607Z,true,,824515,2026-05-29,2026-05-29T22:40:00Z,Preview,Reds,Braves,elo,manual,0.4361,0.4359,0.4359,0.4411,2.2,1.69,0.4344,0.0016,1.5,9.5,OK,,"BetMGM, DraftKings, FanDuel","[{""bookmaker"":""FanDuel"",""bookmaker_key"":""fanduel"",""last_update"":""2026-05-29T00:45:45Z"",""home_moneyline_odds"":2.24,""away_moneyline_odds"":1.68,""home_spread_line"":1.5,""home_spread_odds"":1.73,""total_line"":9.5,""over_odds"":1.95,""under_odds"":1.87},{""bookmaker"":""DraftKings"",""bookmaker_key"":""draftkings"",""last_update"":""2026-05-29T00:46:06Z"",""home_moneyline_odds"":2.19,""away_moneyline_odds"":1.7,""home_spread_line"":1.5,""home_spread_odds"":1.74,""total_line"":9.5,""over_odds"":1.95,""under_odds"":1.88},{""bookmaker"":""BetMGM"",""bookmaker_key"":""betmgm"",""last_update"":""2026-05-29T00:46:03Z"",""home_moneyline_odds"":2.2,""away_moneyline_odds"":1.69,""home_spread_line"":1.5,""home_spread_odds"":1.74,""total_line"":9.5,""over_odds"":1.95,""under_odds"":1.87}]",true,TRACKING_ONLY,NO BET,Braves spread,OVER,0.0,0.0,0.6782,0.3482,0.6518,,NO DATA,2026-05-30T01:36:32.689352Z,0,3,8,,,,,,24.7512,3.08,0.0,0.0,0.0,0.0,0.0,1.1,0.0,0.0,0.0,0.0,0.0,0.0,0.0,-1.0,0.0,0.0,0.0,0.0,0.0,0.0,0.0,0.0,0.0,0.0,0.0,0.0,0.0,0.0,0.0,0.0,0.0,0.0,0.0,0.0,0.0,0.0,0.0,0.0,0.0,0.0,0.0,0.0,0.0,-0.1394,0.00805
baseline_v2_clean:822732,baseline_v2_clean,first_seen_pregame,paper_trading,2026-05-29T00:46:39.447607Z,true,,822732,2026-05-29,2026-05-29T22:45:00Z,Preview,Nationals,Padres,elo,manual,0.2792,0.3007,0.3007,0.2842,1.93,1.89,0.4948,-0.2156,1.5,9.0,OK,,"BetMGM, DraftKings, FanDuel","[{""bookmaker"":""FanDuel"",""bookmaker_key"":""fanduel"",""last_update"":""2026-05-29T00:45:45Z"",""home_moneyline_odds"":1.98,""away_moneyline_odds"":1.86,""home_spread_line"":1.5,""home_spread_odds"":1.56,""total_line"":9.0,""over_odds"":1.95,""under_odds"":1.87},{""bookmaker"":""DraftKings"",""bookmaker_key"":""draftkings"",""last_update"":""2026-05-29T00:46:06Z"",""home_moneyline_odds"":1.93,""away_moneyline_odds"":1.89,""home_spread_line"":1.5,""home_spread_odds"":1.57,""total_line"":9.0,""over_odds"":1.95,""under_odds"":1.88},{""bookmaker"":""BetMGM"",""bookmaker_key"":""betmgm"",""last_update"":""2026-05-29T00:46:03Z"",""home_moneyline_odds"":1.91,""away_moneyline_odds"":1.91,""home_spread_line"":1.5,""home_spread_odds"":1.59,""total_line"":9.0,""over_odds"":1.95,""under_odds"":1.87}]",true,PAPER_BET,Padres ML,Padres spread,UNDER,0.0,0.025,0.3104,0.3582,0.6418,,NO DATA,2026-05-30T02:56:40.316239Z,0,5,7,,,,,,-88.0164,2.6,0.0,0.0,0.0,0.0,0.0,1.0,0.0,0.0,0.0,0.0,0.0,3.0,0.0,0.0,0.0,0.0,0.0,0.0,0.0,0.0,0.0,0.0,0.0,0.0,0.0,0.0,0.0,0.0,0.0,0.0,0.0,0.0,0.0,0.0,0.0,0.0,0.0,0.0,0.0,0.0,0.0,0.0,0.0,-0.0549,12.559685
baseline_v2_clean:823377,baseline_v2_clean,first_seen_pregame,paper_trading,2026-05-29T00:46:39.447607Z,true,,823377,2026-05-29,2026-05-29T22:45:00Z,Preview,Pirates,Twins,elo,manual,0.552,0.553,0.553,0.557,1.7,2.18,0.5619,-0.0099,-1.5,8.0,OK,,"BetMGM, DraftKings, FanDuel","[{""bookmaker"":""FanDuel"",""bookmaker_key"":""fanduel"",""last_update"":""2026-05-29T00:45:45Z"",""home_moneyline_odds"":1.75,""away_moneyline_odds"":2.14,""home_spread_line"":-1.5,""home_spread_odds"":2.6,""total_line"":8.5,""over_odds"":2.04,""under_odds"":1.78},{""bookmaker"":""DraftKings"",""bookmaker_key"":""draftkings"",""last_update"":""2026-05-29T00:46:06Z"",""home_moneyline_odds"":1.7,""away_moneyline_odds"":2.19,""home_spread_line"":-1.5,""home_spread_odds"":2.49,""total_line"":8.0,""over_odds"":1.91,""under_odds"":1.91},{""bookmaker"":""BetMGM"",""bookmaker_key"":""betmgm"",""last_update"":""2026-05-29T00:46:03Z"",""home_moneyline_odds"":1.69,""away_moneyline_odds"":2.18,""home_spread_line"":null,""home_spread_odds"":null,""total_line"":8.0,""over_odds"":1.91,""under_odds"":1.91}]",true,TRACKING_ONLY,NO BET,Twins spread,UNDER,0.0,0.0,0.3368,0.1528,0.8472,,NO DATA,2026-05-30T02:56:40.316239Z,1,6,5,,,,,,100.8782,1.73,0.0,0.0,0.0,0.0,0.0,1.01,0.0,0.0,0.0,0.0,0.0,1.0,0.0,-1.0,0.0,0.0,0.0,0.0,0.0,0.0,0.0,0.0,0.0,0.0,0.0,0.0,0.0,0.0,0.0,0.0,0.0,0.0,0.0,0.0,0.0,0.0,0.0,0.0,0.0,0.0,0.0,0.0,0.0,0.0442,-0.00066
baseline_v2_clean:824835,baseline_v2_clean,first_seen_pregame,paper_trading,2026-05-29T00:46:39.447607Z,true,,824835,2026-05-29,2026-05-29T23:05:00Z,Preview,Orioles,Blue Jays,elo,manual,0.4148,0.4148,0.4148,0.4198,3.02,1.36,0.31050228310502287,0.10429771689497713,1.5,4.5,SUSPICIOUS,total outside 5.0-14.5,"BetMGM, DraftKings, FanDuel","[{""bookmaker"":""FanDuel"",""bookmaker_key"":""fanduel"",""last_update"":""2026-05-29T00:45:45Z"",""home_moneyline_odds"":3.35,""away_moneyline_odds"":1.31,""home_spread_line"":1.5,""home_spread_odds"":1.77,""total_line"":4.5,""over_odds"":1.58,""under_odds"":2.28},{""bookmaker"":""DraftKings"",""bookmaker_key"":""draftkings"",""last_update"":""2026-05-29T00:46:06Z"",""home_moneyline_odds"":3.02,""away_moneyline_odds"":1.36,""home_spread_line"":1.5,""home_spread_odds"":1.72,""total_line"":4.5,""over_odds"":1.63,""under_odds"":2.21},{""bookmaker"":""BetMGM"",""bookmaker_key"":""betmgm"",""last_update"":""2026-05-29T00:46:03Z"",""home_moneyline_odds"":2.8,""away_moneyline_odds"":1.44,""home_spread_line"":1.5,""home_spread_odds"":1.71,""total_line"":4.5,""over_odds"":1.57,""under_odds"":2.35}]",false,TRACKING_ONLY,NO BET,NO BET,NO BET,0.0,0.0,,,,,NO DATA,2026-05-30T02:56:40.316239Z,0,5,6,,,,,,-32.192,0.0,0.0,0.0,0.0,0.0,0.0,1.08,0.0,0.0,0.0,0.0,0.0,0.0,0.0,0.0,0.0,0.0,0.0,0.0,0.0,0.0,0.0,0.0,0.0,0.0,0.0,0.0,0.0,0.0,0.0,0.0,0.0,0.0,0.0,0.0,0.0,0.0,0.0,0.0,0.0,0.0,0.0,0.0,0.0,-0.0179,3e-05
baseline_v2_clean:824433,baseline_v2_clean,first_seen_pregame,paper_trading,2026-05-29T00:46:39.447607Z,true,,824433,2026-05-29,2026-05-29T23:10:00Z,Preview,Guardians,Red Sox,elo,manual,0.5088,0.5096,0.5096,0.5138,1.85,1.98,0.517,-0.0082,1.5,8.0,OK,,"BetMGM, DraftKings, FanDuel","[{""bookmaker"":""FanDuel"",""bookmaker_key"":""fanduel"",""last_update"":""2026-05-29T00:45:45Z"",""home_moneyline_odds"":1.83,""away_moneyline_odds"":2.02,""home_spread_line"":1.5,""home_spread_odds"":1.48,""total_line"":8.0,""over_odds"":1.95,""under_odds"":1.87},{""bookmaker"":""DraftKings"",""bookmaker_key"":""draftkings"",""last_update"":""2026-05-29T00:46:06Z"",""home_moneyline_odds"":1.85,""away_moneyline_odds"":1.98,""home_spread_line"":1.5,""home_spread_odds"":1.52,""total_line"":8.0,""over_odds"":1.95,""under_odds"":1.87},{""bookmaker"":""BetMGM"",""bookmaker_key"":""betmgm"",""last_update"":""2026-05-29T00:46:03Z"",""home_moneyline_odds"":1.85,""away_moneyline_odds"":1.98,""home_spread_line"":1.5,""home_spread_odds"":1.53,""total_line"":8.0,""over_odds"":1.98,""under_odds"":1.85}]",true,TRACKING_ONLY,NO BET,Red Sox spread,UNDER,0.0,0.0,0.4068,0.3108,0.6892,,NO DATA,2026-05-30T01:36:32.689352Z,1,4,3,,,,,,75.6476,4.14,0.0,0.0,0.0,0.0,0.0,1.06,0.0,0.0,0.0,0.0,0.0,0.0,0.0,-1.0,0.0,0.0,0.0,0.0,0.0,0.0,0.0,0.0,0.0,0.0,0.0,0.0,0.0,0.0,0.0,0.0,0.0,0.0,0.0,0.0,0.0,0.0,0.0,0.0,0.0,0.0,0.0,0.0,0.0,0.1508,12.560525
baseline_v2_clean:822978,baseline_v2_clean,first_seen_pregame,paper_trading,2026-05-29T00:46:39.447607Z,true,,822978,2026-05-29,2026-05-29T23:10:00Z,Preview,Rays,Angels,elo,manual,0.6323,0.6307,0.6307,0.6373,1.55,2.49,0.6163,0.016,-1.5,8.0,OK,,"BetMGM, DraftKings, FanDuel","[{""bookmaker"":""FanDuel"",""bookmaker_key"":""fanduel"",""last_update"":""2026-05-29T00:45:45Z"",""home_moneyline_odds"":1.57,""away_moneyline_odds"":2.46,""home_spread_line"":-1.5,""home_spread_odds"":2.26,""total_line"":8.0,""over_odds"":1.96,""under_odds"":1.85},{""bookmaker"":""DraftKings"",""bookmaker_key"":""draftkings"",""last_update"":""2026-05-29T00:46:06Z"",""home_moneyline_odds"":1.55,""away_moneyline_odds"":2.49,""home_spread_line"":-1.5,""home_spread_odds"":2.23,""total_line"":8.0,""over_odds"":1.91,""under_odds"":1.91},{""bookmaker"":""BetMGM"",""bookmaker_key"":""betmgm"",""last_update"":""2026-05-29T00:46:03Z"",""home_moneyline_odds"":1.54,""away_moneyline_odds"":2.5,""home_spread_line"":-1.5,""home_spread_odds"":2.18,""total_line"":8.0,""over_odds"":1.91,""under_odds"":1.91}]",true,TRACKING_ONLY,NO BET,Angels spread,UNDER,0.0,0.0,0.1332,0.2812,0.7188,,NO DATA,2026-05-30T02:56:40.316239Z,1,8,5,,,,,,98.2221,-1.07,0.0,0.0,0.0,0.0,0.0,0.91,0.0,0.0,0.0,0.0,0.0,3.0,0.0,-1.0,0.0,0.0,0.0,0.0,0.0,0.0,0.0,0.0,0.0,0.0,0.0,0.0,0.0,0.0,0.0,0.0,0.0,0.0,0.0,0.0,0.0,0.0,0.0,0.0,0.0,0.0,0.0,0.0,0.0,0.2555,6.280128
baseline_v2_clean:823623,baseline_v2_clean,first_seen_pregame,paper_trading,2026-05-29T00:46:39.447607Z,true,,823623,2026-05-29,2026-05-29T23:10:00Z,Preview,Mets,Marlins,elo,manual,0.3477,0.3663,0.3663,0.3527,1.79,2.05,0.5339,-0.1862,-1.5,7.0,OK,,"BetMGM, DraftKings, FanDuel","[{""bookmaker"":""FanDuel"",""bookmaker_key"":""fanduel"",""last_update"":""2026-05-29T00:45:45Z"",""home_moneyline_odds"":1.79,""away_moneyline_odds"":2.08,""home_spread_line"":-1.5,""home_spread_odds"":2.72,""total_line"":7.5,""over_odds"":2.0,""under_odds"":1.82},{""bookmaker"":""DraftKings"",""bookmaker_key"":""draftkings"",""last_update"":""2026-05-29T00:46:06Z"",""home_moneyline_odds"":1.79,""away_moneyline_odds"":2.04,""home_spread_line"":-1.5,""home_spread_odds"":2.7,""total_line"":7.0,""over_odds"":1.83,""under_odds"":2.0},{""bookmaker"":""BetMGM"",""bookmaker_key"":""betmgm"",""last_update"":""2026-05-29T00:46:03Z"",""home_moneyline_odds"":1.8,""away_moneyline_odds"":2.05,""home_spread_line"":-1.5,""home_spread_odds"":2.7,""total_line"":7.0,""over_odds"":1.8,""under_odds"":2.05}]",true,PAPER_BET,Marlins ML,Marlins spread,UNDER,0.0,0.025,0.2604,0.2134,0.7866,,NO DATA,2026-05-30T02:56:40.316239Z,1,9,7,,,,,,-59.0538,1.0,0.0,0.0,0.0,0.0,0.0,0.95,0.0,0.0,0.0,0.0,0.0,0.0,0.0,0.0,0.0,0.0,0.0,0.0,0.0,0.0,0.0,0.0,0.0,0.0,0.0,0.0,0.0,0.0,0.0,0.0,0.0,0.0,0.0,0.0,0.0,0.0,0.0,0.0,0.0,0.0,0.0,0.0,0.0,-0.0454,12.559542
baseline_v2_clean:823055,baseline_v2_clean,first_seen_pregame,paper_trading,2026-05-29T00:46:39.447607Z,true,,823055,2026-05-29,2026-05-29T23:15:00Z,Preview,Cardinals,Cubs,elo,manual,0.3919,0.397,0.397,0.3969,2.15,1.71,0.443,-0.0511,1.5,8.0,OK,,"BetMGM, DraftKings, FanDuel","[{""bookmaker"":""FanDuel"",""bookmaker_key"":""fanduel"",""last_update"":""2026-05-29T00:45:45Z"",""home_moneyline_odds"":2.2,""away_moneyline_odds"":1.7,""home_spread_line"":1.5,""home_spread_odds"":1.7,""total_line"":8.5,""over_odds"":2.0,""under_odds"":1.82},{""bookmaker"":""DraftKings"",""bookmaker_key"":""draftkings"",""last_update"":""2026-05-29T00:46:06Z"",""home_moneyline_odds"":2.14,""away_moneyline_odds"":1.73,""home_spread_line"":1.5,""home_spread_odds"":1.69,""total_line"":8.0,""over_odds"":1.89,""under_odds"":1.93},{""bookmaker"":""BetMGM"",""bookmaker_key"":""betmgm"",""last_update"":""2026-05-29T00:46:03Z"",""home_moneyline_odds"":2.15,""away_moneyline_odds"":1.71,""home_spread_line"":1.5,""home_spread_odds"":1.69,""total_line"":8.0,""over_odds"":1.91,""under_odds"":1.91}]",true,PAPER_BET,Cubs ML,Cardinals spread,NO BET,0.0,0.014,0.4514,0.6598,0.3402,,NO DATA,2026-05-30T02:56:40.316239Z,1,6,5,,,,,,-40.0145,0.4,0.0,0.0,0.0,0.0,0.0,0.97,0.0,0.0,0.0,0.0,0.0,0.0,0.0,0.0,0.0,0.0,0.0,0.0,0.0,0.0,0.0,0.0,0.0,0.0,0.0,0.0,0.0,0.0,0.0,0.0,0.0,0.0,0.0,0.0,0.0,0.0,0.0,0.0,0.0,0.0,0.0,0.0,0.0,0.0013,12.55067
baseline_v2_clean:824594,baseline_v2_clean,first_seen_pregame,paper_trading,2026-05-29T00:46:39.447607Z,true,,824594,2026-05-29,2026-05-29T23:40:00Z,Preview,White Sox,Tigers,elo,manual,0.4097,0.4162,0.4162,0.4147,2.02,1.82,0.474,-0.0642,1.5,8.5,OK,,"BetMGM, DraftKings, FanDuel","[{""bookmaker"":""FanDuel"",""bookmaker_key"":""fanduel"",""last_update"":""2026-05-29T00:45:45Z"",""home_moneyline_odds"":2.06,""away_moneyline_odds"":1.81,""home_spread_line"":1.5,""home_spread_odds"":1.62,""total_line"":8.5,""over_odds"":1.95,""under_odds"":1.87},{""bookmaker"":""DraftKings"",""bookmaker_key"":""draftkings"",""last_update"":""2026-05-29T00:46:06Z"",""home_moneyline_odds"":2.02,""away_moneyline_odds"":1.82,""home_spread_line"":1.5,""home_spread_odds"":1.61,""total_line"":8.5,""over_odds"":1.98,""under_odds"":1.85},{""bookmaker"":""BetMGM"",""bookmaker_key"":""betmgm"",""last_update"":""2026-05-29T00:46:03Z"",""home_moneyline_odds"":2.0,""away_moneyline_odds"":1.83,""home_spread_line"":1.5,""home_spread_odds"":1.61,""total_line"":8.5,""over_odds"":1.98,""under_odds"":1.85}]",true,PAPER_BET,Tigers ML,Tigers spread,UNDER,0.0,0.0226,0.412,0.3006,0.6994,,NO DATA,2026-05-30T02:56:40.316239Z,1,4,3,,,,,,6.427,3.88,0.0,0.0,0.0,0.0,0.0,1.0,0.0,0.0,0.0,0.0,0.0,-1.0,0.0,0.0,0.0,0.0,0.0,0.0,0.0,0.0,0.0,0.0,0.0,0.0,0.0,0.0,0.0,0.0,0.0,0.0,0.0,0.0,0.0,0.0,0.0,0.0,0.0,0.0,0.0,0.0,0.0,0.0,0.0,0.1319,0.000115
baseline_v2_clean:822894,baseline_v2_clean,first_seen_pregame,paper_trading,2026-05-29T00:46:39.447607Z,true,,822894,2026-05-30,2026-05-30T00:05:00Z,Preview,Rangers,Royals,elo,manual,0.3477,0.3666,0.3666,0.3527,1.77,2.05,0.5366,-0.189,-1.5,8.0,OK,,"BetMGM, DraftKings, FanDuel","[{""bookmaker"":""FanDuel"",""bookmaker_key"":""fanduel"",""last_update"":""2026-05-29T00:45:45Z"",""home_moneyline_odds"":1.77,""away_moneyline_odds"":2.1,""home_spread_line"":-1.5,""home_spread_odds"":2.64,""total_line"":8.0,""over_odds"":1.95,""under_odds"":1.87},{""bookmaker"":""DraftKings"",""bookmaker_key"":""draftkings"",""last_update"":""2026-05-29T00:46:06Z"",""home_moneyline_odds"":1.79,""away_moneyline_odds"":2.04,""home_spread_line"":-1.5,""home_spread_odds"":2.63,""total_line"":8.0,""over_odds"":1.98,""under_odds"":1.84},{""bookmaker"":""BetMGM"",""bookmaker_key"":""betmgm"",""last_update"":""2026-05-29T00:46:03Z"",""home_moneyline_odds"":1.77,""away_moneyline_odds"":2.05,""home_spread_line"":-1.5,""home_spread_odds"":2.65,""total_line"":7.5,""over_odds"":1.85,""under_odds"":1.98}]",true,PAPER_BET,Royals ML,Royals spread,UNDER,0.0,0.025,0.3574,0.1608,0.8392,,NO DATA,2026-05-30T02:56:40.316239Z,1,9,1,,,,,,-44.873,1.65,0.0,0.0,0.0,0.0,0.0,1.05,0.0,0.0,0.0,0.0,0.0,0.0,0.0,0.0,0.0,0.0,0.0,0.0,0.0,0.0,0.0,0.0,0.0,0.0,0.0,0.0,0.0,0.0,0.0,0.0,0.0,0.0,0.0,0.0,0.0,0.0,0.0,0.0,0.0,0.0,0.0,0.0,0.0,0.0617,12.559674
baseline_v2_clean:824191,baseline_v2_clean,first_seen_pregame,paper_trading,2026-05-29T00:46:39.447607Z,true,,824191,2026-05-30,2026-05-30T00:10:00Z,Preview,Astros,Brewers,elo,manual,0.489,0.4886,0.4886,0.494,1.98,1.86,0.4844,0.0047,1.5,8.0,OK,,FanDuel,"[{""bookmaker"":""FanDuel"",""bookmaker_key"":""fanduel"",""last_update"":""2026-05-29T00:45:45Z"",""home_moneyline_odds"":1.98,""away_moneyline_odds"":1.86,""home_spread_line"":1.5,""home_spread_odds"":1.55,""total_line"":8.0,""over_odds"":1.82,""under_odds"":2.0}]",true,TRACKING_ONLY,NO BET,Astros spread,UNDER,0.0,0.0,0.141,0.7304,0.2696,,NO DATA,,,,,,,,,,11.0888,-0.42,0.0,0.0,0.0,0.0,0.0,1.0,0.0,0.0,0.0,0.0,0.0,0.0,0.0,0.0,0.0,0.0,0.0,0.0,0.0,0.0,0.0,0.0,0.0,0.0,0.0,0.0,0.0,0.0,0.0,0.0,0.0,0.0,0.0,0.0,0.0,0.0,0.0,0.0,0.0,0.0,0.0,0.0,0.0,-0.184,12.56084
baseline_v2_clean:824353,baseline_v2_clean,first_seen_pregame,paper_trading,2026-05-29T00:46:39.447607Z,true,,824353,2026-05-30,2026-05-30T00:40:00Z,Preview,Rockies,Giants,elo,manual,0.1636,0.1873,0.1873,0.1686,2.4,1.6,0.4,-0.2364,1.5,10.5,OK,,"BetMGM, DraftKings, FanDuel","[{""bookmaker"":""FanDuel"",""bookmaker_key"":""fanduel"",""last_update"":""2026-05-29T00:45:45Z"",""home_moneyline_odds"":2.4,""away_moneyline_odds"":1.6,""home_spread_line"":1.5,""home_spread_odds"":1.88,""total_line"":10.5,""over_odds"":1.91,""under_odds"":1.91},{""bookmaker"":""DraftKings"",""bookmaker_key"":""draftkings"",""last_update"":""2026-05-29T00:46:06Z"",""home_moneyline_odds"":2.41,""away_moneyline_odds"":1.58,""home_spread_line"":1.5,""home_spread_odds"":1.91,""total_line"":10.5,""over_odds"":1.85,""under_odds"":1.98},{""bookmaker"":""BetMGM"",""bookmaker_key"":""betmgm"",""last_update"":""2026-05-29T00:46:03Z"",""home_moneyline_odds"":2.35,""away_moneyline_odds"":1.61,""home_spread_line"":1.5,""home_spread_odds"":1.91,""total_line"":10.5,""over_odds"":1.87,""under_odds"":1.95}]",true,PAPER_BET,Giants ML,Rockies spread,OVER,0.0,0.025,0.7842,0.615,0.385,,NO DATA,,,,,,,,,,-187.2539,2.15,0.0,0.0,0.0,0.0,0.0,1.38,0.0,0.0,0.0,0.0,0.0,1.0,0.0,0.0,0.0,0.0,0.0,0.0,0.0,0.0,0.0,0.0,0.0,0.0,0.0,0.0,0.0,0.0,0.0,0.0,0.0,0.0,0.0,0.0,0.0,0.0,0.0,0.0,0.0,0.0,0.0,0.0,0.0,-0.042,12.560636
baseline_v2_clean:825002,baseline_v2_clean,first_seen_pregame,paper_trading,2026-05-29T00:46:39.447607Z,true,,825002,2026-05-30,2026-05-30T01:40:00Z,Preview,Athletics,Yankees,elo,manual,0.302,0.3146,0.3146,0.307,2.23,1.67,0.4282,-0.1263,1.5,10.0,OK,,"BetMGM, DraftKings, FanDuel","[{""bookmaker"":""FanDuel"",""bookmaker_key"":""fanduel"",""last_update"":""2026-05-29T00:45:45Z"",""home_moneyline_odds"":2.22,""away_moneyline_odds"":1.69,""home_spread_line"":1.5,""home_spread_odds"":1.75,""total_line"":10.0,""over_odds"":1.95,""under_odds"":1.87},{""bookmaker"":""DraftKings"",""bookmaker_key"":""draftkings"",""last_update"":""2026-05-29T00:46:06Z"",""home_moneyline_odds"":2.23,""away_moneyline_odds"":1.67,""home_spread_line"":1.5,""home_spread_odds"":1.79,""total_line"":10.0,""over_odds"":1.93,""under_odds"":1.89},{""bookmaker"":""BetMGM"",""bookmaker_key"":""betmgm"",""last_update"":""2026-05-29T00:46:03Z"",""home_moneyline_odds"":2.25,""away_moneyline_odds"":1.67,""home_spread_line"":1.5,""home_spread_odds"":1.77,""total_line"":10.0,""over_odds"":1.95,""under_odds"":1.87}]",true,PAPER_BET,Yankees ML,Athletics spread,UNDER,0.0,0.025,0.2434,0.6908,0.3092,,NO DATA,,,,,,,,,,-115.5217,0.08,0.0,0.0,0.0,0.0,0.0,1.0,0.0,0.0,0.0,0.0,0.0,-3.0,0.0,0.0,0.0,0.0,0.0,0.0,0.0,0.0,-0.492,0.0,-0.0714,0.0,0.0,0.201717,0.085837,0.0,0.0,0.0,0.0,0.0,0.0,0.0,0.0,0.0,0.0,0.0,0.0,0.0,0.0,0.0,0.0,-0.125,6.280329
baseline_v2_clean:823135,baseline_v2_clean,first_seen_pregame,paper_trading,2026-05-29T00:46:39.447607Z,true,,823135,2026-05-30,2026-05-30T02:10:00Z,Preview,Mariners,D-backs,elo,manual,0.6331,0.6271,0.6271,0.6381,1.67,2.25,0.574,0.0591,-1.5,7.0,OK,,"BetMGM, DraftKings, FanDuel","[{""bookmaker"":""FanDuel"",""bookmaker_key"":""fanduel"",""last_update"":""2026-05-29T00:45:45Z"",""home_moneyline_odds"":1.63,""away_moneyline_odds"":2.34,""home_spread_line"":-1.5,""home_spread_odds"":2.36,""total_line"":7.5,""over_odds"":2.04,""under_odds"":1.78},{""bookmaker"":""DraftKings"",""bookmaker_key"":""draftkings"",""last_update"":""2026-05-29T00:46:06Z"",""home_moneyline_odds"":1.67,""away_moneyline_odds"":2.23,""home_spread_line"":-1.5,""home_spread_odds"":2.44,""total_line"":7.0,""over_odds"":1.83,""under_odds"":2.0},{""bookmaker"":""BetMGM"",""bookmaker_key"":""betmgm"",""last_update"":""2026-05-29T00:46:03Z"",""home_moneyline_odds"":1.67,""away_moneyline_odds"":2.25,""home_spread_line"":-1.5,""home_spread_odds"":2.45,""total_line"":7.0,""over_odds"":1.85,""under_odds"":1.98}]",true,PAPER_BET,Mariners ML,NO BET,NO BET,0.0213,0.0,0.5116,0.4838,0.5162,,NO DATA,,,,,,,,,,94.6195,-1.26,0.0,0.0,0.0,0.0,0.0,0.93,0.0,0.0,0.0,0.0,0.0,-1.0,0.0,0.0,0.0,0.0,0.0,0.0,0.0,0.0,0.0,0.0,0.0,0.0,0.0,0.0,0.0,0.0,0.0,0.0,0.0,0.0,0.0,0.0,0.0,0.0,0.0,0.0,0.0,0.0,0.0,0.0,0.0,-0.0724,12.560415
baseline_v2_clean:823946,baseline_v2_clean,first_seen_pregame,paper_trading,2026-05-29T00:46:39.447607Z,true,,823946,2026-05-30,2026-05-30T02:15:00Z,Preview,Dodgers,Phillies,elo,manual,0.5187,0.5188,0.5188,0.5237,1.85,2.0,0.5195,-0.0008,1.5,8.0,OK,,"BetMGM, DraftKings, FanDuel","[{""bookmaker"":""FanDuel"",""bookmaker_key"":""fanduel"",""last_update"":""2026-05-29T00:45:45Z"",""home_moneyline_odds"":1.85,""away_moneyline_odds"":2.0,""home_spread_line"":1.5,""home_spread_odds"":1.49,""total_line"":8.5,""over_odds"":2.0,""under_odds"":1.82},{""bookmaker"":""DraftKings"",""bookmaker_key"":""draftkings"",""last_update"":""2026-05-29T00:46:06Z"",""home_moneyline_odds"":1.83,""away_moneyline_odds"":2.0,""home_spread_line"":1.5,""home_spread_odds"":1.52,""total_line"":8.0,""over_odds"":1.85,""under_odds"":1.98},{""bookmaker"":""BetMGM"",""bookmaker_key"":""betmgm"",""last_update"":""2026-05-29T00:46:03Z"",""home_moneyline_odds"":1.87,""away_moneyline_odds"":1.95,""home_spread_line"":1.5,""home_spread_odds"":1.5,""total_line"":8.0,""over_odds"":1.87,""under_odds"":1.95}]",true,TRACKING_ONLY,NO BET,Dodgers spread,UNDER,0.0,0.0,0.1602,0.6176,0.3824,,NO DATA,,,,,,,,,,69.9386,1.4,0.0,0.0,0.0,0.0,0.0,1.0,0.0,0.0,0.0,0.0,0.0,-3.0,0.0,0.0,0.0,0.0,0.0,0.0,0.0,0.0,0.0,0.0,0.0,0.0,0.0,0.0,0.0,0.0,0.0,0.0,0.0,0.0,0.0,0.0,0.0,0.0,0.0,0.0,0.0,0.0,0.0,0.0,0.0,0.125,12.559826
baseline_v2_clean:824593,baseline_v2_clean,first_seen_pregame,paper_trading,2026-05-30T01:36:53.684100Z,true,,824593,2026-05-30,2026-05-30T18:10:00Z,Preview,White Sox,Tigers,elo,manual,0.4793,0.4793,0.4793,0.4843,3.15,1.34,0.2984409799554566,0.1808590200445434,1.5,4.5,SUSPICIOUS,total outside 5.0-14.5,"BetMGM, DraftKings, FanDuel","[{""bookmaker"":""FanDuel"",""bookmaker_key"":""fanduel"",""last_update"":""2026-05-30T01:36:10Z"",""home_moneyline_odds"":3.15,""away_moneyline_odds"":1.34,""home_spread_line"":1.5,""home_spread_odds"":1.18,""total_line"":4.5,""over_odds"":1.96,""under_odds"":1.78},{""bookmaker"":""DraftKings"",""bookmaker_key"":""draftkings"",""last_update"":""2026-05-30T01:36:09Z"",""home_moneyline_odds"":3.37,""away_moneyline_odds"":1.3,""home_spread_line"":1.5,""home_spread_odds"":1.2,""total_line"":3.5,""over_odds"":1.77,""under_odds"":2.0},{""bookmaker"":""BetMGM"",""bookmaker_key"":""betmgm"",""last_update"":""2026-05-30T01:36:10Z"",""home_moneyline_odds"":2.95,""away_moneyline_odds"":1.4,""home_spread_line"":1.5,""home_spread_odds"":1.16,""total_line"":4.5,""over_odds"":1.91,""under_odds"":1.87}]",false,TRACKING_ONLY,NO BET,NO BET,NO BET,0.0,0.0,,,,,NO DATA,,,,,,,,,,6.427,-0.32,0.0,0.0,0.0,0.0,0.0,1.0,0.0,0.0,0.0,0.0,0.0,-1.0,1.0,0.0,0.0,0.0,0.0,0.0,0.0,0.0,0.0,0.0,0.0,0.0,0.0,0.0,0.0,0.0,3.2,0.0,0.0,0.0,0.0,0.0,0.0,0.0,0.0,0.0,0.0,0.0,0.0,0.0,0.0,0.1319,0.000115
baseline_v2_clean:822731,baseline_v2_clean,first_seen_pregame,paper_trading,2026-05-30T01:36:53.684100Z,true,,822731,2026-05-30,2026-05-30T20:05:00Z,Preview,Nationals,Padres,elo,manual,0.3131,0.2923,0.2923,0.3181,9.0,1.06,0.1054,0.2077,1.5,12.5,OK,,"BetMGM, DraftKings, FanDuel","[{""bookmaker"":""FanDuel"",""bookmaker_key"":""fanduel"",""last_update"":""2026-05-30T01:36:10Z"",""home_moneyline_odds"":9.0,""away_moneyline_odds"":1.06,""home_spread_line"":1.5,""home_spread_odds"":3.6,""total_line"":12.5,""over_odds"":1.8,""under_odds"":1.94},{""bookmaker"":""DraftKings"",""bookmaker_key"":""draftkings"",""last_update"":""2026-05-30T01:36:09Z"",""home_moneyline_odds"":8.7,""away_moneyline_odds"":1.04,""home_spread_line"":1.5,""home_spread_odds"":3.63,""total_line"":12.5,""over_odds"":1.83,""under_odds"":1.92},{""bookmaker"":""BetMGM"",""bookmaker_key"":""betmgm"",""last_update"":""2026-05-30T01:36:10Z"",""home_moneyline_odds"":9.25,""away_moneyline_odds"":1.06,""home_spread_line"":2.5,""home_spread_odds"":1.31,""total_line"":12.5,""over_odds"":1.74,""under_odds"":2.05}]",true,PAPER_BET,Nationals ML,Nationals spread,UNDER,0.025,0.0,0.0378,0.5954,0.4046,,NO DATA,,,,,,,,,,-88.0164,0.87,0.0,0.0,0.0,0.0,0.0,1.0,0.0,0.0,0.0,0.0,0.0,3.0,1.0,0.0,0.0,0.0,0.0,0.0,0.0,0.0,0.0,0.0,0.0,0.0,0.0,0.0,0.0,0.0,-8.7,0.0,0.0,0.0,0.0,0.0,0.0,0.0,0.0,0.0,0.0,0.0,0.0,0.0,0.0,-0.0549,12.559685
baseline_v2_clean:822893,baseline_v2_clean,first_seen_pregame,paper_trading,2026-05-30T01:36:53.684100Z,true,,822893,2026-05-30,2026-05-30T20:05:00Z,Preview,Rangers,Royals,elo,manual,0.3906,0.3906,0.3906,0.3956,1.005,32.5,0.9700044769437396,-0.5794044769437396,-5.5,8.5,SUSPICIOUS,home moneyline below 1.05; away moneyline above 10.00; spread abs value above 2.5,"BetMGM, DraftKings, FanDuel","[{""bookmaker"":""FanDuel"",""bookmaker_key"":""fanduel"",""last_update"":""2026-05-30T01:36:10Z"",""home_moneyline_odds"":1.0,""away_moneyline_odds"":31.0,""home_spread_line"":-5.5,""home_spread_odds"":1.6,""total_line"":8.5,""over_odds"":1.96,""under_odds"":1.78},{""bookmaker"":""DraftKings"",""bookmaker_key"":""draftkings"",""last_update"":""2026-05-30T01:36:09Z"",""home_moneyline_odds"":null,""away_moneyline_odds"":null,""home_spread_line"":-5.5,""home_spread_odds"":1.57,""total_line"":8.5,""over_odds"":2.02,""under_odds"":1.75},{""bookmaker"":""BetMGM"",""bookmaker_key"":""betmgm"",""last_update"":""2026-05-30T01:36:10Z"",""home_moneyline_odds"":1.01,""away_moneyline_odds"":34.0,""home_spread_line"":-5.5,""home_spread_odds"":1.53,""total_line"":8.5,""over_odds"":2.18,""under_odds"":1.65}]",false,TRACKING_ONLY,NO BET,NO BET,NO BET,0.0,0.0,,,,,NO DATA,,,,,,,,,,-44.873,0.22,0.0,0.0,0.0,0.0,0.0,1.05,0.0,0.0,0.0,0.0,0.0,0.0,1.0,1.0,0.0,0.0,0.0,0.0,0.0,0.0,0.0,0.0,0.0,0.0,0.0,0.0,0.0,0.0,-2.2,0.0,0.0,0.0,0.0,0.0,0.0,0.0,0.0,0.0,0.0,0.0,0.0,0.0,0.0,0.0536,12.559674
baseline_v2_clean:824833,baseline_v2_clean,first_seen_pregame,paper_trading,2026-05-30T01:36:53.684100Z,true,,824833,2026-05-30,2026-05-30T20:05:00Z,Preview,Orioles,Blue Jays,elo,manual,0.3782,0.3615,0.3615,0.3832,4.5,1.2,0.2105,0.1677,1.5,11.5,OK,,"BetMGM, DraftKings, FanDuel","[{""bookmaker"":""FanDuel"",""bookmaker_key"":""fanduel"",""last_update"":""2026-05-30T01:36:10Z"",""home_moneyline_odds"":4.0,""away_moneyline_odds"":1.23,""home_spread_line"":1.5,""home_spread_odds"":1.01,""total_line"":11.5,""over_odds"":2.98,""under_odds"":1.36},{""bookmaker"":""DraftKings"",""bookmaker_key"":""draftkings"",""last_update"":""2026-05-30T01:36:09Z"",""home_moneyline_odds"":4.58,""away_moneyline_odds"":1.19,""home_spread_line"":1.5,""home_spread_odds"":1.01,""total_line"":11.5,""over_odds"":3.22,""under_odds"":1.33},{""bookmaker"":""BetMGM"",""bookmaker_key"":""betmgm"",""last_update"":""2026-05-30T01:36:10Z"",""home_moneyline_odds"":4.5,""away_moneyline_odds"":1.2,""home_spread_line"":1.5,""home_spread_odds"":1.01,""total_line"":11.5,""over_odds"":3.4,""under_odds"":1.31}]",true,PAPER_BET,Orioles ML,NO BET,UNDER,0.025,0.0,0.0534,0.5362,0.4638,,NO DATA,,,,,,,,,,-32.192,1.22,0.0,0.0,0.0,0.0,0.0,1.08,0.0,0.0,0.0,0.0,0.0,0.0,1.0,0.0,0.0,0.0,0.0,0.0,0.0,0.0,0.0,0.0,0.0,0.0,0.0,0.0,0.0,0.0,-12.2,0.0,0.0,0.0,0.0,0.0,0.0,0.0,0.0,0.0,0.0,0.0,0.0,0.0,0.0,-0.0351,3e-05
baseline_v2_clean:823375,baseline_v2_clean,first_seen_pregame,paper_trading,2026-05-30T01:36:53.684100Z,true,,823375,2026-05-30,2026-05-30T20:05:00Z,Preview,Pirates,Twins,elo,manual,0.6123,0.5699,0.5699,0.6173,5.0,1.16,0.1883,0.424,1.5,9.5,OK,,"BetMGM, DraftKings, FanDuel","[{""bookmaker"":""FanDuel"",""bookmaker_key"":""fanduel"",""last_update"":""2026-05-30T01:36:10Z"",""home_moneyline_odds"":5.0,""away_moneyline_odds"":1.16,""home_spread_line"":1.5,""home_spread_odds"":1.24,""total_line"":9.5,""over_odds"":2.04,""under_odds"":1.72},{""bookmaker"":""DraftKings"",""bookmaker_key"":""draftkings"",""last_update"":""2026-05-30T01:36:09Z"",""home_moneyline_odds"":4.39,""away_moneyline_odds"":1.2,""home_spread_line"":1.5,""home_spread_odds"":1.25,""total_line"":9.5,""over_odds"":1.95,""under_odds"":1.81},{""bookmaker"":""BetMGM"",""bookmaker_key"":""betmgm"",""last_update"":""2026-05-30T01:36:10Z"",""home_moneyline_odds"":5.5,""away_moneyline_odds"":1.15,""home_spread_line"":1.5,""home_spread_odds"":1.25,""total_line"":9.5,""over_odds"":2.05,""under_odds"":1.74}]",true,PAPER_BET,Pirates ML,Pirates spread,UNDER,0.025,0.0,0.2708,0.7352,0.2648,,NO DATA,,,,,,,,,,100.8782,-0.28,0.0,0.0,0.0,0.0,0.0,1.01,0.0,0.0,0.0,0.0,0.0,1.0,1.0,0.0,0.0,0.0,0.0,0.0,0.0,0.0,0.0,0.0,0.0,0.0,0.0,0.0,0.0,0.0,2.8,0.0,0.0,0.0,0.0,0.0,0.0,0.0,0.0,0.0,0.0,0.0,0.0,0.0,0.0,0.0351,-0.00066
baseline_v2_clean:824431,baseline_v2_clean,first_seen_pregame,paper_trading,2026-05-30T01:36:53.684100Z,true,,824431,2026-05-30,2026-05-30T20:10:00Z,Preview,Guardians,Red Sox,elo,manual,0.6346,0.6346,0.6346,0.6396,1.06,8.75,0.8919469928644241,-0.2573469928644241,1.5,7.5,SUSPICIOUS,away bookmaker prices disagree materially,"BetMGM, DraftKings, FanDuel","[{""bookmaker"":""FanDuel"",""bookmaker_key"":""fanduel"",""last_update"":""2026-05-30T01:24:43Z"",""home_moneyline_odds"":1.09,""away_moneyline_odds"":7.0,""home_spread_line"":null,""home_spread_odds"":null,""total_line"":7.5,""over_odds"":4.7,""under_odds"":1.17},{""bookmaker"":""DraftKings"",""bookmaker_key"":""draftkings"",""last_update"":""2026-05-30T01:24:43Z"",""home_moneyline_odds"":1.01,""away_moneyline_odds"":14.4,""home_spread_line"":null,""home_spread_odds"":null,""total_line"":7.5,""over_odds"":9.6,""under_odds"":1.04},{""bookmaker"":""BetMGM"",""bookmaker_key"":""betmgm"",""last_update"":""2026-05-30T01:24:43Z"",""home_moneyline_odds"":1.06,""away_moneyline_odds"":8.75,""home_spread_line"":1.5,""home_spread_odds"":1.01,""total_line"":7.5,""over_odds"":5.75,""under_odds"":1.13}]",false,TRACKING_ONLY,NO BET,NO BET,NO BET,0.0,0.0,,,,,NO DATA,,,,,,,,,,100.7883,-1.03,0.0,0.0,0.0,0.0,0.0,1.06,0.0,0.0,0.0,0.0,0.0,0.0,1.0,0.0,0.0,0.0,0.0,0.0,0.0,0.0,0.0,0.0,0.0,0.0,0.0,0.0,0.0,0.0,10.3,0.0,0.0,0.0,0.0,0.0,0.0,0.0,0.0,0.0,0.0,0.0,0.0,0.0,0.0,0.1656,12.560525
baseline_v2_clean:822975,baseline_v2_clean,first_seen_pregame,paper_trading,2026-05-30T01:36:53.684100Z,true,,822975,2026-05-30,2026-05-30T20:10:00Z,Preview,Rays,Angels,elo,manual,0.6539,0.6539,0.6539,0.6589,1.01,34.0,0.9711510996858042,-0.3172510996858041,-2.5,13.5,SUSPICIOUS,home moneyline below 1.05; away moneyline above 10.00,"BetMGM, DraftKings, FanDuel","[{""bookmaker"":""FanDuel"",""bookmaker_key"":""fanduel"",""last_update"":""2026-05-30T01:36:10Z"",""home_moneyline_odds"":null,""away_moneyline_odds"":null,""home_spread_line"":-2.5,""home_spread_odds"":1.07,""total_line"":13.5,""over_odds"":7.3,""under_odds"":1.07},{""bookmaker"":""DraftKings"",""bookmaker_key"":""draftkings"",""last_update"":""2026-05-30T01:36:09Z"",""home_moneyline_odds"":null,""away_moneyline_odds"":null,""home_spread_line"":-2.5,""home_spread_odds"":1.11,""total_line"":13.5,""over_odds"":6.01,""under_odds"":1.11},{""bookmaker"":""BetMGM"",""bookmaker_key"":""betmgm"",""last_update"":""2026-05-30T01:36:10Z"",""home_moneyline_odds"":1.01,""away_moneyline_odds"":34.0,""home_spread_line"":-2.5,""home_spread_odds"":1.11,""total_line"":13.5,""over_odds"":6.25,""under_odds"":1.11}]",false,TRACKING_ONLY,NO BET,NO BET,NO BET,0.0,0.0,,,,,NO DATA,,,,,,,,,,98.2221,-1.79,0.0,0.0,0.0,0.0,0.0,0.91,0.0,0.0,0.0,0.0,0.0,3.0,1.0,0.0,0.0,0.0,0.0,0.0,0.0,0.0,0.0,0.0,0.0,0.0,0.0,0.0,0.0,0.0,17.9,0.0,0.0,0.0,0.0,0.0,0.0,0.0,0.0,0.0,0.0,0.0,0.0,0.0,0.0,0.2555,6.280128
baseline_v2_clean:823622,baseline_v2_clean,first_seen_pregame,paper_trading,2026-05-30T01:36:53.684100Z,true,,823622,2026-05-30,2026-05-30T20:10:00Z,Preview,Mets,Marlins,elo,manual,0.3177,0.3719,0.3719,0.3227,1.1,6.75,0.8599,-0.5422,-1.5,12.5,OK,,"BetMGM, DraftKings, FanDuel","[{""bookmaker"":""FanDuel"",""bookmaker_key"":""fanduel"",""last_update"":""2026-05-30T01:36:10Z"",""home_moneyline_odds"":1.1,""away_moneyline_odds"":7.0,""home_spread_line"":-1.5,""home_spread_odds"":1.43,""total_line"":12.5,""over_odds"":1.62,""under_odds"":2.2},{""bookmaker"":""DraftKings"",""bookmaker_key"":""draftkings"",""last_update"":""2026-05-30T01:36:09Z"",""home_moneyline_odds"":1.12,""away_moneyline_odds"":5.93,""home_spread_line"":-1.5,""home_spread_odds"":1.55,""total_line"":12.5,""over_odds"":1.58,""under_odds"":2.3},{""bookmaker"":""BetMGM"",""bookmaker_key"":""betmgm"",""last_update"":""2026-05-30T01:36:10Z"",""home_moneyline_odds"":1.1,""away_moneyline_odds"":6.75,""home_spread_line"":-1.5,""home_spread_odds"":1.43,""total_line"":12.5,""over_odds"":1.56,""under_odds"":2.4}]",true,PAPER_BET,Marlins ML,Marlins spread,UNDER,0.0,0.025,0.0254,0.2244,0.7756,,NO DATA,,,,,,,,,,-59.0538,2.13,0.0,0.0,0.0,0.0,0.0,0.95,0.0,0.0,0.0,0.0,0.0,0.0,1.0,0.0,0.0,0.0,0.0,0.0,0.0,0.0,0.0,0.0,0.0,0.0,0.0,0.0,0.0,0.0,-21.3,0.0,0.0,0.0,0.0,0.0,0.0,0.0,0.0,0.0,0.0,0.0,0.0,0.0,0.0,-0.0454,12.559542
baseline_v2_clean:824190,baseline_v2_clean,first_seen_pregame,paper_trading,2026-05-30T01:36:53.684100Z,true,,824190,2026-05-30,2026-05-30T20:10:00Z,Preview,Astros,Brewers,elo,manual,0.5364,0.5451,0.5451,0.5414,1.51,2.5,0.6234,-0.087,-1.5,10.5,OK,,"BetMGM, DraftKings, FanDuel","[{""bookmaker"":""FanDuel"",""bookmaker_key"":""fanduel"",""last_update"":""2026-05-30T01:36:10Z"",""home_moneyline_odds"":1.54,""away_moneyline_odds"":2.42,""home_spread_line"":-1.5,""home_spread_odds"":2.64,""total_line"":10.5,""over_odds"":1.72,""under_odds"":2.04},{""bookmaker"":""BetMGM"",""bookmaker_key"":""betmgm"",""last_update"":""2026-05-30T01:36:10Z"",""home_moneyline_odds"":1.43,""away_moneyline_odds"":2.85,""home_spread_line"":-1.5,""home_spread_odds"":2.54,""total_line"":10.5,""over_odds"":1.62,""under_odds"":2.25},{""bookmaker"":""DraftKings"",""bookmaker_key"":""draftkings"",""last_update"":""2026-05-30T01:36:09Z"",""home_moneyline_odds"":1.51,""away_moneyline_odds"":2.5,""home_spread_line"":-1.5,""home_spread_odds"":2.69,""total_line"":10.5,""over_odds"":1.72,""under_odds"":2.07}]",true,PAPER_BET,Brewers ML,Astros spread,UNDER,0.0,0.025,0.3988,0.583,0.417,,NO DATA,,,,,,,,,,11.0888,-2.05,0.0,0.0,0.0,0.0,0.0,1.0,0.0,0.0,0.0,0.0,0.0,0.0,1.0,1.0,0.0,0.0,0.0,0.0,0.0,0.0,0.0,0.0,0.0,0.0,0.0,0.0,0.0,0.0,20.5,0.0,0.0,0.0,0.0,0.0,0.0,0.0,0.0,0.0,0.0,0.0,0.0,0.0,0.0,-0.1744,12.56084
baseline_v2_clean:823054,baseline_v2_clean,first_seen_pregame,paper_trading,2026-05-30T01:36:53.684100Z,true,,823054,2026-05-30,2026-05-30T23:15:00Z,Preview,Cardinals,Cubs,elo,manual,0.3439,0.3932,0.3932,0.3489,1.12,5.76,0.8372,-0.4933,-1.5,9.5,OK,,"BetMGM, DraftKings, FanDuel","[{""bookmaker"":""FanDuel"",""bookmaker_key"":""fanduel"",""last_update"":""2026-05-30T01:35:34Z"",""home_moneyline_odds"":1.1,""away_moneyline_odds"":6.6,""home_spread_line"":-1.5,""home_spread_odds"":9.0,""total_line"":9.5,""over_odds"":3.0,""under_odds"":1.36},{""bookmaker"":""DraftKings"",""bookmaker_key"":""draftkings"",""last_update"":""2026-05-30T01:36:09Z"",""home_moneyline_odds"":1.12,""away_moneyline_odds"":5.76,""home_spread_line"":-1.5,""home_spread_odds"":4.76,""total_line"":9.5,""over_odds"":2.27,""under_odds"":1.6},{""bookmaker"":""BetMGM"",""bookmaker_key"":""betmgm"",""last_update"":""2026-05-30T01:36:10Z"",""home_moneyline_odds"":1.13,""away_moneyline_odds"":5.75,""home_spread_line"":-1.5,""home_spread_odds"":7.5,""total_line"":9.5,""over_odds"":2.9,""under_odds"":1.4}]",true,PAPER_BET,Cubs ML,Cubs spread,UNDER,0.0,0.025,0.1852,0.1304,0.8696,,NO DATA,,,,,,,,,,-40.0145,2.43,0.0,0.0,0.0,0.0,0.0,0.97,0.0,0.0,0.0,0.0,0.0,0.0,0.0,0.0,0.0,0.0,0.0,0.0,0.0,0.0,0.0,0.0,0.0,0.0,0.0,0.0,0.0,0.0,-24.3,0.0,0.0,0.0,0.0,0.0,0.0,0.0,0.0,0.0,0.0,0.0,0.0,0.0,0.0,-0.0068,12.55067
baseline_v2_clean:824513,baseline_v2_clean,first_seen_pregame,paper_trading,2026-05-30T01:36:53.684100Z,true,,824513,2026-05-30,2026-05-30T23:15:00Z,Preview,Reds,Braves,elo,manual,0.3869,0.3932,0.3932,0.3919,2.13,1.74,0.4496,-0.0627,1.5,9.5,OK,,"BetMGM, DraftKings, FanDuel","[{""bookmaker"":""FanDuel"",""bookmaker_key"":""fanduel"",""last_update"":""2026-05-30T01:36:10Z"",""home_moneyline_odds"":2.12,""away_moneyline_odds"":1.76,""home_spread_line"":1.5,""home_spread_odds"":1.66,""total_line"":9.5,""over_odds"":2.0,""under_odds"":1.82},{""bookmaker"":""DraftKings"",""bookmaker_key"":""draftkings"",""last_update"":""2026-05-30T01:36:09Z"",""home_moneyline_odds"":2.13,""away_moneyline_odds"":1.74,""home_spread_line"":1.5,""home_spread_odds"":1.7,""total_line"":9.5,""over_odds"":2.0,""under_odds"":1.83},{""bookmaker"":""BetMGM"",""bookmaker_key"":""betmgm"",""last_update"":""2026-05-30T01:36:10Z"",""home_moneyline_odds"":2.15,""away_moneyline_odds"":1.71,""home_spread_line"":1.5,""home_spread_odds"":1.69,""total_line"":9.5,""over_odds"":2.0,""under_odds"":1.83}]",true,PAPER_BET,Braves ML,Braves spread,NO BET,0.0,0.0226,0.5188,0.241,0.759,,NO DATA,,,,,,,,,,-9.5246,3.56,0.0,0.0,0.0,0.0,0.0,1.1,0.0,0.0,0.0,0.0,0.0,0.0,0.0,0.0,0.0,0.0,0.0,0.0,0.0,0.0,0.0,0.0,0.0,0.0,0.0,0.0,0.0,0.0,-35.6,0.0,0.0,0.0,0.0,0.0,0.0,0.0,0.0,0.0,0.0,0.0,0.0,0.0,0.0,-0.1546,0.00805
baseline_v2_clean:824352,baseline_v2_clean,first_seen_pregame,paper_trading,2026-05-30T01:36:53.684100Z,true,,824352,2026-05-31,2026-05-31T01:10:00Z,Preview,Rockies,Giants,elo,manual,0.1936,0.2171,0.2171,0.1986,2.19,1.64,0.4282,-0.2346,1.5,9.5,OK,,"BetMGM, DraftKings, FanDuel","[{""bookmaker"":""FanDuel"",""bookmaker_key"":""fanduel"",""last_update"":""2026-05-30T01:36:10Z"",""home_moneyline_odds"":2.26,""away_moneyline_odds"":1.62,""home_spread_line"":1.5,""home_spread_odds"":1.69,""total_line"":9.5,""over_odds"":1.94,""under_odds"":1.8},{""bookmaker"":""DraftKings"",""bookmaker_key"":""draftkings"",""last_update"":""2026-05-30T01:36:09Z"",""home_moneyline_odds"":2.19,""away_moneyline_odds"":1.64,""home_spread_line"":1.5,""home_spread_odds"":1.69,""total_line"":9.5,""over_odds"":1.88,""under_odds"":1.87},{""bookmaker"":""BetMGM"",""bookmaker_key"":""betmgm"",""last_update"":""2026-05-30T01:36:10Z"",""home_moneyline_odds"":2.15,""away_moneyline_odds"":1.69,""home_spread_line"":1.5,""home_spread_odds"":1.61,""total_line"":9.5,""over_odds"":2.1,""under_odds"":1.71}]",true,PAPER_BET,Giants ML,Rockies spread,OVER,0.0,0.025,0.8866,0.6412,0.3588,,NO DATA,,,,,,,,,,-187.2539,1.0,0.0,0.0,0.0,0.0,0.0,1.38,0.0,0.0,0.0,0.0,0.0,1.0,0.0,0.0,0.0,0.0,0.0,0.0,0.0,0.0,0.0,0.0,0.0,0.0,0.0,0.0,0.0,0.0,-10.0,0.0,0.0,0.0,0.0,0.0,0.0,0.0,0.0,0.0,0.0,0.0,0.0,0.0,0.0,-0.042,12.560636
baseline_v2_clean:825000,baseline_v2_clean,first_seen_pregame,paper_trading,2026-05-30T01:36:53.684100Z,true,,825000,2026-05-31,2026-05-31T02:05:00Z,Preview,Athletics,Yankees,elo,manual,0.3029,0.3163,0.3163,0.3079,2.19,1.7,0.437,-0.1342,1.5,9.5,OK,,"BetMGM, DraftKings, FanDuel","[{""bookmaker"":""FanDuel"",""bookmaker_key"":""fanduel"",""last_update"":""2026-05-30T01:36:10Z"",""home_moneyline_odds"":2.2,""away_moneyline_odds"":1.7,""home_spread_line"":1.5,""home_spread_odds"":1.75,""total_line"":9.5,""over_odds"":1.93,""under_odds"":1.89},{""bookmaker"":""DraftKings"",""bookmaker_key"":""draftkings"",""last_update"":""2026-05-30T01:36:09Z"",""home_moneyline_odds"":2.19,""away_moneyline_odds"":1.7,""home_spread_line"":1.5,""home_spread_odds"":1.7,""total_line"":9.5,""over_odds"":1.91,""under_odds"":1.92},{""bookmaker"":""BetMGM"",""bookmaker_key"":""betmgm"",""last_update"":""2026-05-30T01:36:10Z"",""home_moneyline_odds"":2.18,""away_moneyline_odds"":1.69,""home_spread_line"":1.5,""home_spread_odds"":1.71,""total_line"":9.5,""over_odds"":1.91,""under_odds"":1.91}]",true,PAPER_BET,Yankees ML,Athletics spread,UNDER,0.0,0.025,0.1584,0.704,0.296,,NO DATA,,,,,,,,,,-115.5217,0.05,0.0,0.0,0.0,0.0,0.0,1.0,0.0,0.0,0.0,0.0,0.0,-3.0,0.0,0.0,0.0,0.0,0.0,0.0,0.0,0.0,-0.492,0.0,-0.0714,0.0,0.0,0.201717,0.085837,0.0,-0.5,0.0,0.0,0.0,0.0,0.0,0.0,0.0,0.0,0.0,0.0,0.0,0.0,0.0,0.0,-0.125,6.280329
baseline_v2_clean:823132,baseline_v2_clean,first_seen_pregame,paper_trading,2026-05-30T01:36:53.684100Z,true,,823132,2026-05-31,2026-05-31T02:10:00Z,Preview,Mariners,D-backs,elo,manual,0.6202,0.6146,0.6146,0.6252,1.69,2.19,0.5644,0.0557,-1.5,7.0,OK,,"BetMGM, DraftKings, FanDuel","[{""bookmaker"":""FanDuel"",""bookmaker_key"":""fanduel"",""last_update"":""2026-05-30T01:36:10Z"",""home_moneyline_odds"":1.7,""away_moneyline_odds"":2.2,""home_spread_line"":-1.5,""home_spread_odds"":2.46,""total_line"":7.0,""over_odds"":1.96,""under_odds"":1.85},{""bookmaker"":""DraftKings"",""bookmaker_key"":""draftkings"",""last_update"":""2026-05-30T01:36:09Z"",""home_moneyline_odds"":1.69,""away_moneyline_odds"":2.19,""home_spread_line"":-1.5,""home_spread_odds"":2.52,""total_line"":7.0,""over_odds"":1.96,""under_odds"":1.87},{""bookmaker"":""BetMGM"",""bookmaker_key"":""betmgm"",""last_update"":""2026-05-30T01:36:10Z"",""home_moneyline_odds"":1.69,""away_moneyline_odds"":2.18,""home_spread_line"":-1.5,""home_spread_odds"":2.5,""total_line"":7.0,""over_odds"":1.95,""under_odds"":1.87}]",true,PAPER_BET,Mariners ML,D-backs spread,NO BET,0.0174,0.0,0.5274,0.4312,0.5688,,NO DATA,,,,,,,,,,94.6195,-0.83,0.0,0.0,0.0,0.0,0.0,0.93,0.0,0.0,0.0,0.0,0.0,-1.0,0.0,0.0,0.0,0.0,0.0,0.0,0.0,0.0,0.0,0.0,0.0,0.0,0.0,0.0,0.0,0.0,8.3,0.0,0.0,0.0,0.0,0.0,0.0,0.0,0.0,0.0,0.0,0.0,0.0,0.0,0.0,-0.0724,12.560415
baseline_v2_clean:823945,baseline_v2_clean,first_seen_pregame,paper_trading,2026-05-30T01:36:53.684100Z,true,,823945,2026-05-31,2026-05-31T02:10:00Z,Preview,Dodgers,Phillies,elo,manual,0.5442,0.5419,0.5419,0.5492,1.83,1.99,0.5209,0.0233,1.5,8.0,OK,,"BetMGM, DraftKings, FanDuel","[{""bookmaker"":""FanDuel"",""bookmaker_key"":""fanduel"",""last_update"":""2026-05-30T01:36:10Z"",""home_moneyline_odds"":1.86,""away_moneyline_odds"":1.98,""home_spread_line"":1.5,""home_spread_odds"":1.52,""total_line"":8.5,""over_odds"":2.02,""under_odds"":1.81},{""bookmaker"":""DraftKings"",""bookmaker_key"":""draftkings"",""last_update"":""2026-05-30T01:36:09Z"",""home_moneyline_odds"":1.83,""away_moneyline_odds"":1.99,""home_spread_line"":1.5,""home_spread_odds"":1.52,""total_line"":8.0,""over_odds"":1.89,""under_odds"":1.93},{""bookmaker"":""BetMGM"",""bookmaker_key"":""betmgm"",""last_update"":""2026-05-30T01:36:10Z"",""home_moneyline_odds"":1.83,""away_moneyline_odds"":2.0,""home_spread_line"":1.5,""home_spread_odds"":1.5,""total_line"":8.0,""over_odds"":1.91,""under_odds"":1.91}]",true,TRACKING_ONLY,NO BET,Dodgers spread,OVER,0.0,0.0,0.6036,0.6452,0.3548,,NO DATA,,,,,,,,,,69.9386,0.55,0.0,0.0,0.0,0.0,0.0,1.0,0.0,0.0,0.0,0.0,0.0,-3.0,0.0,0.0,0.0,0.0,0.0,0.0,0.0,0.0,0.0,0.0,0.0,0.0,0.0,0.0,0.0,0.0,-5.5,0.0,0.0,0.0,0.0,0.0,0.0,0.0,0.0,0.0,0.0,0.0,0.0,0.0,0.0,0.125,12.559826
