game_id,game_date,start_time,captured_at,home_team,away_team,home_top3_player_ids,away_top3_player_ids,home_top3_player_names,away_top3_player_names,home_top3_source_status,away_top3_source_status,home_top3_reason,away_top3_reason,top3_player_source,top3_player_captured_at
822727,2026-06-03,2026-06-03T17:05:00+00:00,2026-06-03T14:02:07.840520+00:00,Washington Nationals,Miami Marlins,"695578,682928,678554","672640,669364,689414","James Wood,CJ Abrams,Curtis Mead","Otto Lopez,Xavier Edwards,Liam Hicks",api_ops,api_ops,Top3 selected by season hitting OPS/OBP+SLG for 2026; players_with_stats=3,Top3 selected by season hitting OPS/OBP+SLG for 2026; players_with_stats=3,daily_context_or_mlb_stats_api,2026-06-10T00:13:23.466678+00:00
822728,2026-06-02,2026-06-02T22:45:00+00:00,2026-06-02T21:54:22.349462+00:00,Washington Nationals,Miami Marlins,"695578,671277,678554","681715,672640,669065","695578,671277,678554","681715,672640,669065",daily_context,daily_context,Using existing top3 player ids from daily context,Using existing top3 player ids from daily context,daily_context_or_mlb_stats_api,2026-06-10T00:13:23.466678+00:00
822729,2026-05-31,2026-05-31T17:35:00+00:00,2026-05-31T16:07:50.641249+00:00,Washington Nationals,San Diego Padres,"695578,671277,678554","665487,657757,592518","695578,671277,678554","665487,657757,592518",daily_context,daily_context,Using existing top3 player ids from daily context,Using existing top3 player ids from daily context,daily_context_or_mlb_stats_api,2026-06-10T00:13:23.466678+00:00
822730,2026-06-01,2026-06-01T22:45:00+00:00,2026-06-01T21:56:45.773595+00:00,Washington Nationals,Miami Marlins,"695578,671277,678554","689414,672640,669065","695578,671277,678554","689414,672640,669065",daily_context,daily_context,Using existing top3 player ids from daily context,Using existing top3 player ids from daily context,daily_context_or_mlb_stats_api,2026-06-10T00:13:23.466678+00:00
822731,2026-05-30,2026-05-30T20:05:00+00:00,2026-05-30T19:14:08.902169+00:00,Washington Nationals,San Diego Padres,"695578,682928,678554","664034,657757,669392","James Wood,CJ Abrams,Curtis Mead","Ty France,Gavin Sheets,Samad Taylor",api_ops,api_ops,Top3 selected by season hitting OPS/OBP+SLG for 2026; players_with_stats=3,Top3 selected by season hitting OPS/OBP+SLG for 2026; players_with_stats=3,daily_context_or_mlb_stats_api,2026-06-10T00:13:23.466678+00:00
822804,2026-06-10,2026-06-10T23:07:00+00:00,2026-06-10T00:13:07.611497+00:00,Toronto Blue Jays,Philadelphia Phillies,"682818,678218,676391","656941,669016,547180","Yohendrick Piñango,Brandon Valenzuela,Ernie Clement","Kyle Schwarber,Brandon Marsh,Bryce Harper",api_ops,api_ops,Top3 selected by season hitting OPS/OBP+SLG for 2026; players_with_stats=3,Top3 selected by season hitting OPS/OBP+SLG for 2026; players_with_stats=3,daily_context_or_mlb_stats_api,2026-06-10T00:13:23.466678+00:00
822805,2026-06-09,2026-06-09T23:07:00+00:00,2026-06-09T22:25:45.628325+00:00,Toronto Blue Jays,Philadelphia Phillies,"665489,664770,676391","656941,607208,547180","665489,664770,676391","656941,607208,547180",daily_context,daily_context,Using existing top3 player ids from daily context,Using existing top3 player ids from daily context,daily_context_or_mlb_stats_api,2026-06-10T00:13:23.466678+00:00
822806,2026-06-08,2026-06-08T23:07:00+00:00,2026-06-08T22:28:08.345647+00:00,Toronto Blue Jays,Philadelphia Phillies,"543807,664770,665489","656941,607208,547180","543807,664770,665489","656941,607208,547180",daily_context,daily_context,Using existing top3 player ids from daily context,Using existing top3 player ids from daily context,daily_context_or_mlb_stats_api,2026-06-10T00:13:23.466678+00:00
822807,2026-06-07,2026-06-07T17:37:00+00:00,2026-06-07T10:56:39.401112+00:00,Toronto Blue Jays,Baltimore Orioles,"682818,678218,676391","668939,694212,621493","Yohendrick Piñango,Brandon Valenzuela,Ernie Clement","Adley Rutschman,Samuel Basallo,Taylor Ward",api_ops,api_ops,Top3 selected by season hitting OPS/OBP+SLG for 2026; players_with_stats=3,Top3 selected by season hitting OPS/OBP+SLG for 2026; players_with_stats=3,daily_context_or_mlb_stats_api,2026-06-10T00:13:23.466678+00:00
822808,2026-06-06,2026-06-06T19:07:00+00:00,2026-06-06T13:40:39.003341+00:00,Toronto Blue Jays,Baltimore Orioles,"682818,678218,676391","668939,694212,621493","Yohendrick Piñango,Brandon Valenzuela,Ernie Clement","Adley Rutschman,Samuel Basallo,Taylor Ward",api_ops,api_ops,Top3 selected by season hitting OPS/OBP+SLG for 2026; players_with_stats=3,Top3 selected by season hitting OPS/OBP+SLG for 2026; players_with_stats=3,daily_context_or_mlb_stats_api,2026-06-10T00:13:23.466678+00:00
822810,2026-06-05,2026-06-05T23:07:00+00:00,2026-06-05T21:25:18.854859+00:00,Toronto Blue Jays,Baltimore Orioles,"543807,664770,665489","621493,683002,668939","543807,664770,665489","621493,683002,668939",daily_context,daily_context,Using existing top3 player ids from daily context,Using existing top3 player ids from daily context,daily_context_or_mlb_stats_api,2026-06-10T00:13:23.466678+00:00
822890,2026-06-07,2026-06-07T18:35:00+00:00,2026-06-07T10:56:39.401112+00:00,Texas Rangers,Cleveland Guardians,"673962,677649,553869","683953,681807,608070","Josh Jung,Ezequiel Duran,Elias Díaz","Travis Bazzana,David Fry,José Ramírez",api_ops,api_ops,Top3 selected by season hitting OPS/OBP+SLG for 2026; players_with_stats=3,Top3 selected by season hitting OPS/OBP+SLG for 2026; players_with_stats=3,daily_context_or_mlb_stats_api,2026-06-10T00:13:23.466678+00:00
822891,2026-06-06,2026-06-06T23:35:00+00:00,2026-06-06T13:40:39.003341+00:00,Texas Rangers,Cleveland Guardians,"673962,677649,553869","683953,681807,608070","Josh Jung,Ezequiel Duran,Elias Díaz","Travis Bazzana,David Fry,José Ramírez",api_ops,api_ops,Top3 selected by season hitting OPS/OBP+SLG for 2026; players_with_stats=3,Top3 selected by season hitting OPS/OBP+SLG for 2026; players_with_stats=3,daily_context_or_mlb_stats_api,2026-06-10T00:13:23.466678+00:00
822892,2026-06-05,2026-06-06T00:15:00+00:00,2026-06-05T23:08:37.410209+00:00,Texas Rangers,Cleveland Guardians,"694671,608369,673962","683953,608070,800050","694671,608369,673962","683953,608070,800050",daily_context,daily_context,Using existing top3 player ids from daily context,Using existing top3 player ids from daily context,daily_context_or_mlb_stats_api,2026-06-10T00:13:23.466678+00:00
822893,2026-05-30,2026-05-30T20:05:00+00:00,2026-05-30T19:14:08.902169+00:00,Texas Rangers,Kansas City Royals,"673962,677649,553869","677951,686681,695506","Josh Jung,Ezequiel Duran,Elias Díaz","Bobby Witt Jr.,Michael Massey,Jac Caglianone",api_ops,api_ops,Top3 selected by season hitting OPS/OBP+SLG for 2026; players_with_stats=3,Top3 selected by season hitting OPS/OBP+SLG for 2026; players_with_stats=3,daily_context_or_mlb_stats_api,2026-06-10T00:13:23.466678+00:00
822895,2026-05-31,2026-05-31T18:35:00+00:00,2026-05-31T18:01:13.612831+00:00,Texas Rangers,Kansas City Royals,"592626,673962,607043","695600,677951,686469","592626,673962,607043","695600,677951,686469",daily_context,daily_context,Using existing top3 player ids from daily context,Using existing top3 player ids from daily context,daily_context_or_mlb_stats_api,2026-06-10T00:13:23.466678+00:00
822969,2026-06-09,2026-06-09T22:40:00+00:00,2026-06-09T22:25:45.628325+00:00,Tampa Bay Rays,Boston Red Sox,"650490,691406,802415","680776,678882,677800","650490,691406,802415","680776,678882,677800",daily_context,daily_context,Using existing top3 player ids from daily context,Using existing top3 player ids from daily context,daily_context_or_mlb_stats_api,2026-06-10T00:13:23.466678+00:00
822970,2026-06-10,2026-06-10T17:10:00+00:00,2026-06-10T00:13:07.611497+00:00,Tampa Bay Rays,Boston Red Sox,"650490,691406,668723","575929,678882,677800","Yandy Díaz,Junior Caminero,Ryan Vilade","Willson Contreras,Ceddanne Rafaela,Wilyer Abreu",api_ops,api_ops,Top3 selected by season hitting OPS/OBP+SLG for 2026; players_with_stats=3,Top3 selected by season hitting OPS/OBP+SLG for 2026; players_with_stats=3,daily_context_or_mlb_stats_api,2026-06-10T00:13:23.466678+00:00
822971,2026-06-02,2026-06-02T22:40:00+00:00,2026-06-02T21:54:22.349462+00:00,Tampa Bay Rays,Detroit Tigers,"802415,691406,666018","650402,663837,693307","802415,691406,666018","650402,663837,693307",daily_context,daily_context,Using existing top3 player ids from daily context,Using existing top3 player ids from daily context,daily_context_or_mlb_stats_api,2026-06-10T00:13:23.466678+00:00
822972,2026-06-08,2026-06-08T22:40:00+00:00,2026-06-08T22:28:08.345647+00:00,Tampa Bay Rays,Boston Red Sox,"650490,596103,691406","680776,678882,677800","650490,596103,691406","680776,678882,677800",daily_context,daily_context,Using existing top3 player ids from daily context,Using existing top3 player ids from daily context,daily_context_or_mlb_stats_api,2026-06-10T00:13:23.466678+00:00
822973,2026-06-03,2026-06-03T17:10:00+00:00,2026-06-03T14:02:07.840520+00:00,Tampa Bay Rays,Detroit Tigers,"650490,691406,668723","650402,805808,693307","Yandy Díaz,Junior Caminero,Ryan Vilade","650402,805808,693307",api_ops,daily_context,Top3 selected by season hitting OPS/OBP+SLG for 2026; players_with_stats=3,Using existing top3 player ids from daily context,daily_context_or_mlb_stats_api,2026-06-10T00:13:23.466678+00:00
822974,2026-06-01,2026-06-01T22:40:00+00:00,2026-06-01T21:56:45.773595+00:00,Tampa Bay Rays,Detroit Tigers,"650490,666018,680700","805808,693307,681481","650490,666018,680700","805808,693307,681481",daily_context,daily_context,Using existing top3 player ids from daily context,Using existing top3 player ids from daily context,daily_context_or_mlb_stats_api,2026-06-10T00:13:23.466678+00:00
822975,2026-05-30,2026-05-30T20:10:00+00:00,2026-05-30T19:14:08.902169+00:00,Tampa Bay Rays,Los Angeles Angels,"650490,691406,668723","641820,642350,685133","Yandy Díaz,Junior Caminero,Ryan Vilade","Trey Mancini,Jose Siri,Wade Meckler",api_ops,api_ops,Top3 selected by season hitting OPS/OBP+SLG for 2026; players_with_stats=3,Top3 selected by season hitting OPS/OBP+SLG for 2026; players_with_stats=3,daily_context_or_mlb_stats_api,2026-06-10T00:13:23.466678+00:00
822976,2026-05-31,2026-05-31T17:40:00+00:00,2026-05-31T16:07:50.641249+00:00,Tampa Bay Rays,Los Angeles Angels,"650490,666018,680700","687263,545361,687093","650490,666018,680700","687263,545361,687093",daily_context,daily_context,Using existing top3 player ids from daily context,Using existing top3 player ids from daily context,daily_context_or_mlb_stats_api,2026-06-10T00:13:23.466678+00:00
823047,2026-06-07,2026-06-07T18:15:00+00:00,2026-06-07T10:56:39.401112+00:00,St. Louis Cardinals,Cincinnati Reds,"676369,663457,691023","668709,663993,701398","Nelson Velázquez,Lars Nootbaar,Jordan Walker","JJ Bleday,Nathaniel Lowe,Sal Stewart",api_ops,api_ops,Top3 selected by season hitting OPS/OBP+SLG for 2026; players_with_stats=3,Top3 selected by season hitting OPS/OBP+SLG for 2026; players_with_stats=3,daily_context_or_mlb_stats_api,2026-06-10T00:13:23.466678+00:00
823048,2026-06-06,2026-06-06T18:15:00+00:00,2026-06-06T13:40:39.003341+00:00,St. Louis Cardinals,Cincinnati Reds,"676369,663457,691023","668709,663993,701398","Nelson Velázquez,Lars Nootbaar,Jordan Walker","JJ Bleday,Nathaniel Lowe,Sal Stewart",api_ops,api_ops,Top3 selected by season hitting OPS/OBP+SLG for 2026; players_with_stats=3,Top3 selected by season hitting OPS/OBP+SLG for 2026; players_with_stats=3,daily_context_or_mlb_stats_api,2026-06-10T00:13:23.466678+00:00
823049,2026-06-05,2026-06-06T00:15:00+00:00,2026-06-05T23:08:37.410209+00:00,St. Louis Cardinals,Cincinnati Reds,"663457,671056,676475","694362,668709,668715","663457,671056,676475","694362,668709,668715",daily_context,daily_context,Using existing top3 player ids from daily context,Using existing top3 player ids from daily context,daily_context_or_mlb_stats_api,2026-06-10T00:13:23.466678+00:00
823050,2026-06-01,2026-06-01T23:45:00+00:00,2026-06-01T23:03:22.306671+00:00,St. Louis Cardinals,Texas Rangers,"802139,671056,676475","592626,673962,607043","802139,671056,676475","592626,673962,607043",daily_context,daily_context,Using existing top3 player ids from daily context,Using existing top3 player ids from daily context,daily_context_or_mlb_stats_api,2026-06-10T00:13:23.466678+00:00
823051,2026-06-03,2026-06-03T23:45:00+00:00,2026-06-03T23:43:03.467080+00:00,St. Louis Cardinals,Texas Rangers,"691026,671056,691023","592626,673962,607043","691026,671056,691023","592626,673962,607043",daily_context,daily_context,Using existing top3 player ids from daily context,Using existing top3 player ids from daily context,daily_context_or_mlb_stats_api,2026-06-10T00:13:23.466678+00:00
823052,2026-06-02,2026-06-02T23:45:00+00:00,2026-06-02T23:02:12.073800+00:00,St. Louis Cardinals,Texas Rangers,"802139,671056,676475","592626,673962,607043","802139,671056,676475","592626,673962,607043",daily_context,daily_context,Using existing top3 player ids from daily context,Using existing top3 player ids from daily context,daily_context_or_mlb_stats_api,2026-06-10T00:13:23.466678+00:00
823053,2026-05-31,2026-05-31T23:20:00+00:00,2026-05-31T23:09:04.009586+00:00,St. Louis Cardinals,Chicago Cubs,"802139,671056,691023","663538,691718,608324","802139,671056,691023","663538,691718,608324",daily_context,daily_context,Using existing top3 player ids from daily context,Using existing top3 player ids from daily context,daily_context_or_mlb_stats_api,2026-06-10T00:13:23.466678+00:00
823054,2026-05-30,2026-05-30T23:15:00+00:00,2026-05-30T22:01:24.114016+00:00,St. Louis Cardinals,Chicago Cubs,"676369,663457,691023","624424,664023,691718","Nelson Velázquez,Lars Nootbaar,Jordan Walker","Michael Conforto,Ian Happ,Pete Crow-Armstrong",api_ops,api_ops,Top3 selected by season hitting OPS/OBP+SLG for 2026; players_with_stats=3,Top3 selected by season hitting OPS/OBP+SLG for 2026; players_with_stats=3,daily_context_or_mlb_stats_api,2026-06-10T00:13:23.466678+00:00
823129,2026-06-02,2026-06-03T01:40:00+00:00,2026-06-02T23:02:12.073800+00:00,Seattle Mariners,New York Mets,"641487,677594,668227","701807,666182,665742","641487,677594,668227","701807,666182,665742",daily_context,daily_context,Using existing top3 player ids from daily context,Using existing top3 player ids from daily context,daily_context_or_mlb_stats_api,2026-06-10T00:13:23.466678+00:00
823130,2026-06-03,2026-06-03T19:40:00+00:00,2026-06-03T18:23:52.453650+00:00,Seattle Mariners,New York Mets,"641487,677594,647304","701807,666182,665742","641487,677594,647304","701807,666182,665742",daily_context,daily_context,Using existing top3 player ids from daily context,Using existing top3 player ids from daily context,daily_context_or_mlb_stats_api,2026-06-10T00:13:23.466678+00:00
823131,2026-06-01,2026-06-02T01:40:00+00:00,2026-06-01T23:03:22.306671+00:00,Seattle Mariners,New York Mets,"641487,677594,647304","701807,666182,665742","641487,677594,647304","701807,666182,665742",daily_context,daily_context,Using existing top3 player ids from daily context,Using existing top3 player ids from daily context,daily_context_or_mlb_stats_api,2026-06-10T00:13:23.466678+00:00
823132,2026-05-30,2026-05-31T02:10:00+00:00,2026-05-30T22:01:24.114016+00:00,Seattle Mariners,Arizona Diamondbacks,"686527,806068,670042","682998,571448,694371","Dominic Canzone,Colt Emerson,Luke Raley","Corbin Carroll,Nolan Arenado,Tommy Troy",api_ops,api_ops,Top3 selected by season hitting OPS/OBP+SLG for 2026; players_with_stats=3,Top3 selected by season hitting OPS/OBP+SLG for 2026; players_with_stats=3,daily_context_or_mlb_stats_api,2026-06-10T00:13:23.466678+00:00
823133,2026-05-31,2026-05-31T20:10:00+00:00,2026-05-31T20:07:12.119028+00:00,Seattle Mariners,Arizona Diamondbacks,"641487,677594,647304","606466,682998,672695","641487,677594,647304","606466,682998,672695",daily_context,daily_context,Using existing top3 player ids from daily context,Using existing top3 player ids from daily context,daily_context_or_mlb_stats_api,2026-06-10T00:13:23.466678+00:00
823214,2026-06-09,2026-06-10T01:45:00+00:00,2026-06-09T22:25:45.628325+00:00,San Francisco Giants,Washington Nationals,"669477,646240,650333","695578,671277,677588","669477,646240,650333","695578,671277,677588",daily_context,daily_context,Using existing top3 player ids from daily context,Using existing top3 player ids from daily context,daily_context_or_mlb_stats_api,2026-06-10T00:13:23.466678+00:00
823215,2026-06-10,2026-06-10T19:45:00+00:00,2026-06-10T00:13:07.611497+00:00,San Francisco Giants,Washington Nationals,"813841,669477,606992","695578,682928,678554","Jonah Cox,Casey Schmitt,Eric Haase","James Wood,CJ Abrams,Curtis Mead",api_ops,api_ops,Top3 selected by season hitting OPS/OBP+SLG for 2026; players_with_stats=3,Top3 selected by season hitting OPS/OBP+SLG for 2026; players_with_stats=3,daily_context_or_mlb_stats_api,2026-06-10T00:13:23.466678+00:00
823218,2026-06-08,2026-06-09T01:45:00+00:00,2026-06-08T23:48:33.404711+00:00,San Francisco Giants,Washington Nationals,"669477,646240,650333","695578,671277,678554","669477,646240,650333","695578,671277,678554",daily_context,daily_context,Using existing top3 player ids from daily context,Using existing top3 player ids from daily context,daily_context_or_mlb_stats_api,2026-06-10T00:13:23.466678+00:00
823287,2026-06-10,2026-06-10T20:10:00+00:00,2026-06-10T00:13:07.611497+00:00,San Diego Padres,Cincinnati Reds,"664034,657757,669392","668709,663993,701398","Ty France,Gavin Sheets,Samad Taylor","JJ Bleday,Nathaniel Lowe,Sal Stewart",api_ops,api_ops,Top3 selected by season hitting OPS/OBP+SLG for 2026; players_with_stats=3,Top3 selected by season hitting OPS/OBP+SLG for 2026; players_with_stats=3,daily_context_or_mlb_stats_api,2026-06-10T00:13:23.466678+00:00
823289,2026-06-08,2026-06-09T01:40:00+00:00,2026-06-08T23:48:33.404711+00:00,San Diego Padres,Cincinnati Reds,"665487,701538,664034","694362,668709,701398","665487,701538,664034","694362,668709,701398",daily_context,daily_context,Using existing top3 player ids from daily context,Using existing top3 player ids from daily context,daily_context_or_mlb_stats_api,2026-06-10T00:13:23.466678+00:00
823290,2026-06-09,2026-06-10T01:40:00+00:00,2026-06-09T22:25:45.628325+00:00,San Diego Padres,Cincinnati Reds,"665487,701538,592518","694362,668709,701398","665487,701538,592518","694362,668709,701398",daily_context,daily_context,Using existing top3 player ids from daily context,Using existing top3 player ids from daily context,daily_context_or_mlb_stats_api,2026-06-10T00:13:23.466678+00:00
823291,2026-06-07,2026-06-07T20:10:00+00:00,2026-06-07T10:56:39.401112+00:00,San Diego Padres,New York Mets,"664034,657757,669392","676572,665742,676724","Ty France,Gavin Sheets,Samad Taylor","Eric Wagaman,Juan Soto,Jared Young",api_ops,api_ops,Top3 selected by season hitting OPS/OBP+SLG for 2026; players_with_stats=3,Top3 selected by season hitting OPS/OBP+SLG for 2026; players_with_stats=3,daily_context_or_mlb_stats_api,2026-06-10T00:13:23.466678+00:00
823292,2026-06-06,2026-06-07T02:10:00+00:00,2026-06-06T13:40:39.003341+00:00,San Diego Padres,New York Mets,"664034,657757,669392","676572,665742,676724","Ty France,Gavin Sheets,Samad Taylor","Eric Wagaman,Juan Soto,Jared Young",api_ops,api_ops,Top3 selected by season hitting OPS/OBP+SLG for 2026; players_with_stats=3,Top3 selected by season hitting OPS/OBP+SLG for 2026; players_with_stats=3,daily_context_or_mlb_stats_api,2026-06-10T00:13:23.466678+00:00
823293,2026-06-05,2026-06-06T01:40:00+00:00,2026-06-05T23:08:37.410209+00:00,San Diego Padres,New York Mets,"665487,657757,592518","701807,666182,665742","665487,657757,592518","701807,666182,665742",daily_context,daily_context,Using existing top3 player ids from daily context,Using existing top3 player ids from daily context,daily_context_or_mlb_stats_api,2026-06-10T00:13:23.466678+00:00
823372,2026-06-10,2026-06-10T22:40:00+00:00,2026-06-10T00:13:07.611497+00:00,Pittsburgh Pirates,Los Angeles Dodgers,"664040,687462,656811","660271,687221,571970","Brandon Lowe,Spencer Horwitz,Ryan O'Hearn","Shohei Ohtani,Dalton Rushing,Max Muncy",api_ops,api_ops,Top3 selected by season hitting OPS/OBP+SLG for 2026; players_with_stats=3,Top3 selected by season hitting OPS/OBP+SLG for 2026; players_with_stats=3,daily_context_or_mlb_stats_api,2026-06-10T00:13:23.466678+00:00
823373,2026-05-31,2026-05-31T17:35:00+00:00,2026-05-31T16:07:50.641249+00:00,Pittsburgh Pirates,Minnesota Twins,"664040,687462,656811","621439,665019,668952","Brandon Lowe,Spencer Horwitz,Ryan O'Hearn","Byron Buxton,Kody Clemens,Ryan Kreidler",api_ops,api_ops,Top3 selected by season hitting OPS/OBP+SLG for 2026; players_with_stats=3,Top3 selected by season hitting OPS/OBP+SLG for 2026; players_with_stats=3,daily_context_or_mlb_stats_api,2026-06-10T00:13:23.466678+00:00
823374,2026-06-09,2026-06-09T22:40:00+00:00,2026-06-09T22:25:45.628325+00:00,Pittsburgh Pirates,Los Angeles Dodgers,"693304,664040,668804","660271,681624,518692","693304,664040,668804","660271,681624,518692",daily_context,daily_context,Using existing top3 player ids from daily context,Using existing top3 player ids from daily context,daily_context_or_mlb_stats_api,2026-06-10T00:13:23.466678+00:00
823375,2026-05-30,2026-05-30T20:05:00+00:00,2026-05-30T19:14:08.902169+00:00,Pittsburgh Pirates,Minnesota Twins,"664040,687462,656811","621439,665019,668952","Brandon Lowe,Spencer Horwitz,Ryan O'Hearn","Byron Buxton,Kody Clemens,Ryan Kreidler",api_ops,api_ops,Top3 selected by season hitting OPS/OBP+SLG for 2026; players_with_stats=3,Top3 selected by season hitting OPS/OBP+SLG for 2026; players_with_stats=3,daily_context_or_mlb_stats_api,2026-06-10T00:13:23.466678+00:00
823453,2026-06-07,2026-06-07T17:35:00+00:00,2026-06-07T10:56:39.401112+00:00,Philadelphia Phillies,Chicago White Sox,"656941,669016,547180","678246,545341,671976","Kyle Schwarber,Brandon Marsh,Bryce Harper","Miguel Vargas,Randal Grichuk,Tristan Peters",api_ops,api_ops,Top3 selected by season hitting OPS/OBP+SLG for 2026; players_with_stats=3,Top3 selected by season hitting OPS/OBP+SLG for 2026; players_with_stats=3,daily_context_or_mlb_stats_api,2026-06-10T00:13:23.466678+00:00
823454,2026-06-06,2026-06-06T20:05:00+00:00,2026-06-06T13:40:39.003341+00:00,Philadelphia Phillies,Chicago White Sox,"656941,669016,547180","678246,545341,671976","Kyle Schwarber,Brandon Marsh,Bryce Harper","Miguel Vargas,Randal Grichuk,Tristan Peters",api_ops,api_ops,Top3 selected by season hitting OPS/OBP+SLG for 2026; players_with_stats=3,Top3 selected by season hitting OPS/OBP+SLG for 2026; players_with_stats=3,daily_context_or_mlb_stats_api,2026-06-10T00:13:23.466678+00:00
823455,2026-06-05,2026-06-05T22:40:00+00:00,2026-06-05T21:25:18.854859+00:00,Philadelphia Phillies,Chicago White Sox,"656941,607208,547180","805367,545341,678246","656941,607208,547180","805367,545341,678246",daily_context,daily_context,Using existing top3 player ids from daily context,Using existing top3 player ids from daily context,daily_context_or_mlb_stats_api,2026-06-10T00:13:23.466678+00:00
823456,2026-06-03,2026-06-03T22:40:00+00:00,2026-06-03T21:48:35.136209+00:00,Philadelphia Phillies,San Diego Padres,"656941,607208,547180","665487,609280,592518","656941,607208,547180","665487,609280,592518",daily_context,daily_context,Using existing top3 player ids from daily context,Using existing top3 player ids from daily context,daily_context_or_mlb_stats_api,2026-06-10T00:13:23.466678+00:00
823457,2026-06-04,2026-06-04T17:05:00+00:00,2026-06-04T14:58:51.159192+00:00,Philadelphia Phillies,San Diego Padres,"656941,607208,547180","665487,657757,592518","656941,607208,547180","665487,657757,592518",daily_context,daily_context,Using existing top3 player ids from daily context,Using existing top3 player ids from daily context,daily_context_or_mlb_stats_api,2026-06-10T00:13:23.466678+00:00
823460,2026-06-02,2026-06-02T22:40:00+00:00,2026-06-02T21:54:22.349462+00:00,Philadelphia Phillies,San Diego Padres,"656941,607208,547180","665487,657757,592518","656941,607208,547180","665487,657757,592518",daily_context,daily_context,Using existing top3 player ids from daily context,Using existing top3 player ids from daily context,daily_context_or_mlb_stats_api,2026-06-10T00:13:23.466678+00:00
823537,2026-06-07,2026-06-07T17:35:00+00:00,2026-06-07T10:56:39.401112+00:00,New York Yankees,Boston Red Sox,"700250,502671,680474","575929,678882,677800","Ben Rice,Paul Goldschmidt,Max Schuemann","Willson Contreras,Ceddanne Rafaela,Wilyer Abreu",api_ops,api_ops,Top3 selected by season hitting OPS/OBP+SLG for 2026; players_with_stats=3,Top3 selected by season hitting OPS/OBP+SLG for 2026; players_with_stats=3,daily_context_or_mlb_stats_api,2026-06-10T00:13:23.466678+00:00
823538,2026-06-05,2026-06-05T23:05:00+00:00,2026-06-05T21:25:18.854859+00:00,New York Yankees,Boston Red Sox,"663757,700250,502671","680776,678882,677800","663757,700250,502671","680776,678882,677800",daily_context,daily_context,Using existing top3 player ids from daily context,Using existing top3 player ids from daily context,daily_context_or_mlb_stats_api,2026-06-10T00:13:23.466678+00:00
823539,2026-06-06,2026-06-06T23:35:00+00:00,2026-06-06T13:40:39.003341+00:00,New York Yankees,Boston Red Sox,"700250,502671,680474","575929,678882,677800","Ben Rice,Paul Goldschmidt,Max Schuemann","Willson Contreras,Ceddanne Rafaela,Wilyer Abreu",api_ops,api_ops,Top3 selected by season hitting OPS/OBP+SLG for 2026; players_with_stats=3,Top3 selected by season hitting OPS/OBP+SLG for 2026; players_with_stats=3,daily_context_or_mlb_stats_api,2026-06-10T00:13:23.466678+00:00
823540,2026-06-03,2026-06-03T23:05:00+00:00,2026-06-03T21:48:35.136209+00:00,New York Yankees,Cleveland Guardians,"663757,700250,502671","683953,608070,800050","663757,700250,502671","683953,608070,800050",daily_context,daily_context,Using existing top3 player ids from daily context,Using existing top3 player ids from daily context,daily_context_or_mlb_stats_api,2026-06-10T00:13:23.466678+00:00
823541,2026-06-02,2026-06-02T23:05:00+00:00,2026-06-02T23:02:12.073800+00:00,New York Yankees,Cleveland Guardians,"700250,502671,641355","683953,608070,800050","700250,502671,641355","683953,608070,800050",daily_context,daily_context,Using existing top3 player ids from daily context,Using existing top3 player ids from daily context,daily_context_or_mlb_stats_api,2026-06-10T00:13:23.466678+00:00
823542,2026-06-04,2026-06-04T17:35:00+00:00,2026-06-04T14:58:51.159192+00:00,New York Yankees,Cleveland Guardians,"663757,700250,502671","681807,608070,656555","663757,700250,502671","681807,608070,656555",daily_context,daily_context,Using existing top3 player ids from daily context,Using existing top3 player ids from daily context,daily_context_or_mlb_stats_api,2026-06-10T00:13:23.466678+00:00
823618,2026-06-10,2026-06-10T23:10:00+00:00,2026-06-10T00:13:07.611497+00:00,New York Mets,St. Louis Cardinals,"676572,665742,676724","676369,663457,691023","Eric Wagaman,Juan Soto,Jared Young","Nelson Velázquez,Lars Nootbaar,Jordan Walker",api_ops,api_ops,Top3 selected by season hitting OPS/OBP+SLG for 2026; players_with_stats=3,Top3 selected by season hitting OPS/OBP+SLG for 2026; players_with_stats=3,daily_context_or_mlb_stats_api,2026-06-10T00:13:23.466678+00:00
823620,2026-06-09,2026-06-09T23:10:00+00:00,2026-06-09T22:25:45.628325+00:00,New York Mets,St. Louis Cardinals,"701807,666182,665742","802139,671056,676475","701807,666182,665742","802139,671056,676475",daily_context,daily_context,Using existing top3 player ids from daily context,Using existing top3 player ids from daily context,daily_context_or_mlb_stats_api,2026-06-10T00:13:23.466678+00:00
823621,2026-05-31,2026-05-31T17:40:00+00:00,2026-05-31T16:07:50.641249+00:00,New York Mets,Miami Marlins,"701807,666182,665742","672640,669364,689414","701807,666182,665742","Otto Lopez,Xavier Edwards,Liam Hicks",daily_context,api_ops,Using existing top3 player ids from daily context,Top3 selected by season hitting OPS/OBP+SLG for 2026; players_with_stats=3,daily_context_or_mlb_stats_api,2026-06-10T00:13:23.466678+00:00
823622,2026-05-30,2026-05-30T20:10:00+00:00,2026-05-30T19:14:08.902169+00:00,New York Mets,Miami Marlins,"676572,665742,676724","672640,669364,689414","Eric Wagaman,Juan Soto,Jared Young","Otto Lopez,Xavier Edwards,Liam Hicks",api_ops,api_ops,Top3 selected by season hitting OPS/OBP+SLG for 2026; players_with_stats=3,Top3 selected by season hitting OPS/OBP+SLG for 2026; players_with_stats=3,daily_context_or_mlb_stats_api,2026-06-10T00:13:23.466678+00:00
823696,2026-06-07,2026-06-07T18:10:00+00:00,2026-06-07T10:56:39.401112+00:00,Minnesota Twins,Kansas City Royals,"621439,665019,668952","677951,686681,695506","Byron Buxton,Kody Clemens,Ryan Kreidler","Bobby Witt Jr.,Michael Massey,Jac Caglianone",api_ops,api_ops,Top3 selected by season hitting OPS/OBP+SLG for 2026; players_with_stats=3,Top3 selected by season hitting OPS/OBP+SLG for 2026; players_with_stats=3,daily_context_or_mlb_stats_api,2026-06-10T00:13:23.466678+00:00
823697,2026-06-06,2026-06-06T18:10:00+00:00,2026-06-06T13:40:39.003341+00:00,Minnesota Twins,Kansas City Royals,"621439,665019,668952","677951,686681,695506","Byron Buxton,Kody Clemens,Ryan Kreidler","Bobby Witt Jr.,Michael Massey,Jac Caglianone",api_ops,api_ops,Top3 selected by season hitting OPS/OBP+SLG for 2026; players_with_stats=3,Top3 selected by season hitting OPS/OBP+SLG for 2026; players_with_stats=3,daily_context_or_mlb_stats_api,2026-06-10T00:13:23.466678+00:00
823698,2026-06-04,2026-06-04T23:40:00+00:00,2026-06-04T22:20:52.609536+00:00,Minnesota Twins,Kansas City Royals,"621439,686797,665019","695600,677951,686469","621439,686797,665019","695600,677951,686469",daily_context,daily_context,Using existing top3 player ids from daily context,Using existing top3 player ids from daily context,daily_context_or_mlb_stats_api,2026-06-10T00:13:23.466678+00:00
823699,2026-06-05,2026-06-06T00:15:00+00:00,2026-06-05T23:08:37.410209+00:00,Minnesota Twins,Kansas City Royals,"621439,686797,665019","695600,677951,686469","621439,686797,665019","695600,677951,686469",daily_context,daily_context,Using existing top3 player ids from daily context,Using existing top3 player ids from daily context,daily_context_or_mlb_stats_api,2026-06-10T00:13:23.466678+00:00
823700,2026-06-02,2026-06-02T23:40:00+00:00,2026-06-02T23:02:12.073800+00:00,Minnesota Twins,Chicago White Sox,"621439,686797,665019","805367,545341,678246","621439,686797,665019","805367,545341,678246",daily_context,daily_context,Using existing top3 player ids from daily context,Using existing top3 player ids from daily context,daily_context_or_mlb_stats_api,2026-06-10T00:13:23.466678+00:00
823701,2026-06-03,2026-06-03T17:40:00+00:00,2026-06-03T14:02:07.840520+00:00,Minnesota Twins,Chicago White Sox,"621439,686797,663616","678246,545341,671976","621439,686797,663616","Miguel Vargas,Randal Grichuk,Tristan Peters",daily_context,api_ops,Using existing top3 player ids from daily context,Top3 selected by season hitting OPS/OBP+SLG for 2026; players_with_stats=3,daily_context_or_mlb_stats_api,2026-06-10T00:13:23.466678+00:00
823702,2026-06-01,2026-06-01T23:40:00+00:00,2026-06-01T23:03:22.306671+00:00,Minnesota Twins,Chicago White Sox,"621439,686797,665019","803011,678246,643217","621439,686797,665019","803011,678246,643217",daily_context,daily_context,Using existing top3 player ids from daily context,Using existing top3 player ids from daily context,daily_context_or_mlb_stats_api,2026-06-10T00:13:23.466678+00:00
823779,2026-06-04,2026-06-04T18:10:00+00:00,2026-06-04T17:48:36.964964+00:00,Milwaukee Brewers,San Francisco Giants,"592885,694192,668930","669477,646240,650333","592885,694192,668930","669477,646240,650333",daily_context,daily_context,Using existing top3 player ids from daily context,Using existing top3 player ids from daily context,daily_context_or_mlb_stats_api,2026-06-10T00:13:23.466678+00:00
823780,2026-06-03,2026-06-03T23:40:00+00:00,2026-06-03T21:48:35.136209+00:00,Milwaukee Brewers,San Francisco Giants,"592885,683734,668930","669477,646240,650333","592885,683734,668930","669477,646240,650333",daily_context,daily_context,Using existing top3 player ids from daily context,Using existing top3 player ids from daily context,daily_context_or_mlb_stats_api,2026-06-10T00:13:23.466678+00:00
823781,2026-06-01,2026-06-01T23:40:00+00:00,2026-06-01T23:03:22.306671+00:00,Milwaukee Brewers,San Francisco Giants,"592885,694192,668930","669477,646240,650333","592885,694192,668930","669477,646240,650333",daily_context,daily_context,Using existing top3 player ids from daily context,Using existing top3 player ids from daily context,daily_context_or_mlb_stats_api,2026-06-10T00:13:23.466678+00:00
823782,2026-06-02,2026-06-02T23:40:00+00:00,2026-06-02T23:02:12.073800+00:00,Milwaukee Brewers,San Francisco Giants,"592885,694192,668930","669477,646240,650333","592885,694192,668930","669477,646240,650333",daily_context,daily_context,Using existing top3 player ids from daily context,Using existing top3 player ids from daily context,daily_context_or_mlb_stats_api,2026-06-10T00:13:23.466678+00:00
823856,2026-06-10,2026-06-10T22:40:00+00:00,2026-06-10T00:13:07.611497+00:00,Miami Marlins,Arizona Diamondbacks,"672640,669364,689414","682998,571448,694371","Otto Lopez,Xavier Edwards,Liam Hicks","Corbin Carroll,Nolan Arenado,Tommy Troy",api_ops,api_ops,Top3 selected by season hitting OPS/OBP+SLG for 2026; players_with_stats=3,Top3 selected by season hitting OPS/OBP+SLG for 2026; players_with_stats=3,daily_context_or_mlb_stats_api,2026-06-10T00:13:23.466678+00:00
823857,2026-06-07,2026-06-07T17:40:00+00:00,2026-06-07T10:56:39.401112+00:00,Miami Marlins,Tampa Bay Rays,"672640,669364,689414","650490,691406,668723","Otto Lopez,Xavier Edwards,Liam Hicks","Yandy Díaz,Junior Caminero,Ryan Vilade",api_ops,api_ops,Top3 selected by season hitting OPS/OBP+SLG for 2026; players_with_stats=3,Top3 selected by season hitting OPS/OBP+SLG for 2026; players_with_stats=3,daily_context_or_mlb_stats_api,2026-06-10T00:13:23.466678+00:00
823858,2026-06-09,2026-06-09T22:40:00+00:00,2026-06-09T22:25:45.628325+00:00,Miami Marlins,Arizona Diamondbacks,"689414,672640,669065","606466,682998,672515","689414,672640,669065","606466,682998,672515",daily_context,daily_context,Using existing top3 player ids from daily context,Using existing top3 player ids from daily context,daily_context_or_mlb_stats_api,2026-06-10T00:13:23.466678+00:00
823859,2026-06-06,2026-06-06T20:10:00+00:00,2026-06-06T13:40:39.003341+00:00,Miami Marlins,Tampa Bay Rays,"672640,669364,689414","650490,691406,668723","Otto Lopez,Xavier Edwards,Liam Hicks","Yandy Díaz,Junior Caminero,Ryan Vilade",api_ops,api_ops,Top3 selected by season hitting OPS/OBP+SLG for 2026; players_with_stats=3,Top3 selected by season hitting OPS/OBP+SLG for 2026; players_with_stats=3,daily_context_or_mlb_stats_api,2026-06-10T00:13:23.466678+00:00
823860,2026-06-05,2026-06-05T23:10:00+00:00,2026-06-05T23:08:37.410209+00:00,Miami Marlins,Tampa Bay Rays,"689414,672640,669065","802415,691406,666018","689414,672640,669065","802415,691406,666018",daily_context,daily_context,Using existing top3 player ids from daily context,Using existing top3 player ids from daily context,daily_context_or_mlb_stats_api,2026-06-10T00:13:23.466678+00:00
823941,2026-06-07,2026-06-07T20:10:00+00:00,2026-06-07T10:56:39.401112+00:00,Los Angeles Dodgers,Los Angeles Angels,"660271,687221,571970","641820,642350,685133","Shohei Ohtani,Dalton Rushing,Max Muncy","Trey Mancini,Jose Siri,Wade Meckler",api_ops,api_ops,Top3 selected by season hitting OPS/OBP+SLG for 2026; players_with_stats=3,Top3 selected by season hitting OPS/OBP+SLG for 2026; players_with_stats=3,daily_context_or_mlb_stats_api,2026-06-10T00:13:23.466678+00:00
823942,2026-06-06,2026-06-07T02:10:00+00:00,2026-06-06T13:40:39.003341+00:00,Los Angeles Dodgers,Los Angeles Angels,"660271,687221,571970","641820,642350,685133","Shohei Ohtani,Dalton Rushing,Max Muncy","Trey Mancini,Jose Siri,Wade Meckler",api_ops,api_ops,Top3 selected by season hitting OPS/OBP+SLG for 2026; players_with_stats=3,Top3 selected by season hitting OPS/OBP+SLG for 2026; players_with_stats=3,daily_context_or_mlb_stats_api,2026-06-10T00:13:23.466678+00:00
823943,2026-06-05,2026-06-06T02:10:00+00:00,2026-06-05T23:08:37.410209+00:00,Los Angeles Dodgers,Los Angeles Angels,"660271,681624,518692","687263,545361,685133","660271,681624,518692","687263,545361,685133",daily_context,daily_context,Using existing top3 player ids from daily context,Using existing top3 player ids from daily context,daily_context_or_mlb_stats_api,2026-06-10T00:13:23.466678+00:00
823944,2026-05-31,2026-05-31T20:10:00+00:00,2026-05-31T20:07:12.119028+00:00,Los Angeles Dodgers,Philadelphia Phillies,"660271,681624,518692","656941,607208,547180","660271,681624,518692","656941,607208,547180",daily_context,daily_context,Using existing top3 player ids from daily context,Using existing top3 player ids from daily context,daily_context_or_mlb_stats_api,2026-06-10T00:13:23.466678+00:00
823945,2026-05-30,2026-05-31T02:10:00+00:00,2026-05-30T22:01:24.114016+00:00,Los Angeles Dodgers,Philadelphia Phillies,"660271,687221,571970","656941,669016,547180","Shohei Ohtani,Dalton Rushing,Max Muncy","Kyle Schwarber,Brandon Marsh,Bryce Harper",api_ops,api_ops,Top3 selected by season hitting OPS/OBP+SLG for 2026; players_with_stats=3,Top3 selected by season hitting OPS/OBP+SLG for 2026; players_with_stats=3,daily_context_or_mlb_stats_api,2026-06-10T00:13:23.466678+00:00
824022,2026-06-10,2026-06-11T01:38:00+00:00,2026-06-10T00:13:07.611497+00:00,Los Angeles Angels,Houston Astros,"641820,642350,685133","670541,572233,665161","Trey Mancini,Jose Siri,Wade Meckler","Yordan Alvarez,Christian Walker,Jeremy Peña",api_ops,api_ops,Top3 selected by season hitting OPS/OBP+SLG for 2026; players_with_stats=3,Top3 selected by season hitting OPS/OBP+SLG for 2026; players_with_stats=3,daily_context_or_mlb_stats_api,2026-06-10T00:13:23.466678+00:00
824023,2026-06-09,2026-06-10T01:38:00+00:00,2026-06-09T22:25:45.628325+00:00,Los Angeles Angels,Houston Astros,"687263,545361,685133","670541,572233,665161","687263,545361,685133","Yordan Alvarez,Christian Walker,Jeremy Peña",daily_context,api_ops,Using existing top3 player ids from daily context,Top3 selected by season hitting OPS/OBP+SLG for 2026; players_with_stats=3,daily_context_or_mlb_stats_api,2026-06-10T00:13:23.466678+00:00
824024,2026-06-03,2026-06-04T01:38:00+00:00,2026-06-03T23:43:03.467080+00:00,Los Angeles Angels,Colorado Rockies,"624585,545361,685133","664983,671289,681198","624585,545361,685133","664983,671289,681198",daily_context,daily_context,Using existing top3 player ids from daily context,Using existing top3 player ids from daily context,daily_context_or_mlb_stats_api,2026-06-10T00:13:23.466678+00:00
824025,2026-06-08,2026-06-09T01:38:00+00:00,2026-06-08T23:48:33.404711+00:00,Los Angeles Angels,Houston Astros,"687263,545361,685133","665161,670541,572233","687263,545361,685133","665161,670541,572233",daily_context,daily_context,Using existing top3 player ids from daily context,Using existing top3 player ids from daily context,daily_context_or_mlb_stats_api,2026-06-10T00:13:23.466678+00:00
824026,2026-06-02,2026-06-03T01:38:00+00:00,2026-06-02T23:02:12.073800+00:00,Los Angeles Angels,Colorado Rockies,"624585,545361,685133","696100,687859,664983","624585,545361,685133","Hunter Goodman,Troy Johnston,Jake McCarthy",daily_context,api_ops,Using existing top3 player ids from daily context,Top3 selected by season hitting OPS/OBP+SLG for 2026; players_with_stats=3,daily_context_or_mlb_stats_api,2026-06-10T00:13:23.466678+00:00
824027,2026-06-01,2026-06-02T01:38:00+00:00,2026-06-01T23:03:22.306671+00:00,Los Angeles Angels,Colorado Rockies,"687263,545361,687093","664983,671289,696100","687263,545361,687093","664983,671289,696100",daily_context,daily_context,Using existing top3 player ids from daily context,Using existing top3 player ids from daily context,daily_context_or_mlb_stats_api,2026-06-10T00:13:23.466678+00:00
824103,2026-06-10,2026-06-10T23:40:00+00:00,2026-06-10T00:13:07.611497+00:00,Kansas City Royals,Texas Rangers,"677951,686681,695506","673962,677649,553869","Bobby Witt Jr.,Michael Massey,Jac Caglianone","Josh Jung,Ezequiel Duran,Elias Díaz",api_ops,api_ops,Top3 selected by season hitting OPS/OBP+SLG for 2026; players_with_stats=3,Top3 selected by season hitting OPS/OBP+SLG for 2026; players_with_stats=3,daily_context_or_mlb_stats_api,2026-06-10T00:13:23.466678+00:00
824105,2026-06-09,2026-06-09T23:40:00+00:00,2026-06-09T22:25:45.628325+00:00,Kansas City Royals,Texas Rangers,"695600,677951,672580","592626,608369,673962","695600,677951,672580","592626,608369,673962",daily_context,daily_context,Using existing top3 player ids from daily context,Using existing top3 player ids from daily context,daily_context_or_mlb_stats_api,2026-06-10T00:13:23.466678+00:00
824183,2026-06-07,2026-06-07T18:10:00+00:00,2026-06-07T10:56:39.401112+00:00,Houston Astros,Athletics,"670541,572233,665161","701762,669127,666126","Yordan Alvarez,Christian Walker,Jeremy Peña","Nick Kurtz,Shea Langeliers,Carlos Cortes",api_ops,api_ops,Top3 selected by season hitting OPS/OBP+SLG for 2026; players_with_stats=3,Top3 selected by season hitting OPS/OBP+SLG for 2026; players_with_stats=3,daily_context_or_mlb_stats_api,2026-06-10T00:13:23.466678+00:00
824184,2026-06-06,2026-06-06T20:10:00+00:00,2026-06-06T13:40:39.003341+00:00,Houston Astros,Athletics,"670541,572233,665161","701762,669127,666126","Yordan Alvarez,Christian Walker,Jeremy Peña","Nick Kurtz,Shea Langeliers,Carlos Cortes",api_ops,api_ops,Top3 selected by season hitting OPS/OBP+SLG for 2026; players_with_stats=3,Top3 selected by season hitting OPS/OBP+SLG for 2026; players_with_stats=3,daily_context_or_mlb_stats_api,2026-06-10T00:13:23.466678+00:00
824185,2026-06-04,2026-06-05T00:10:00+00:00,2026-06-04T22:20:52.609536+00:00,Houston Astros,Pittsburgh Pirates,"665161,670541,572233","687462,664040,668804","665161,670541,572233","687462,664040,668804",daily_context,daily_context,Using existing top3 player ids from daily context,Using existing top3 player ids from daily context,daily_context_or_mlb_stats_api,2026-06-10T00:13:23.466678+00:00
824186,2026-06-05,2026-06-06T00:10:00+00:00,2026-06-05T23:08:37.410209+00:00,Houston Astros,Athletics,"665161,670541,572233","666126,669127,701762","665161,670541,572233","666126,669127,701762",daily_context,daily_context,Using existing top3 player ids from daily context,Using existing top3 player ids from daily context,daily_context_or_mlb_stats_api,2026-06-10T00:13:23.466678+00:00
824187,2026-05-31,2026-05-31T18:10:00+00:00,2026-05-31T18:01:13.612831+00:00,Houston Astros,Milwaukee Brewers,"665161,670541,572233","592885,669003,668930","665161,670541,572233","592885,669003,668930",daily_context,daily_context,Using existing top3 player ids from daily context,Using existing top3 player ids from daily context,daily_context_or_mlb_stats_api,2026-06-10T00:13:23.466678+00:00
824188,2026-06-03,2026-06-04T00:10:00+00:00,2026-06-03T23:43:03.467080+00:00,Houston Astros,Pittsburgh Pirates,"665161,670541,572233","687462,664040,668804","665161,670541,572233","687462,664040,668804",daily_context,daily_context,Using existing top3 player ids from daily context,Using existing top3 player ids from daily context,daily_context_or_mlb_stats_api,2026-06-10T00:13:23.466678+00:00
824189,2026-06-02,2026-06-03T00:10:00+00:00,2026-06-02T23:02:12.073800+00:00,Houston Astros,Pittsburgh Pirates,"665161,670541,572233","687462,664040,668804","665161,670541,572233","687462,664040,668804",daily_context,daily_context,Using existing top3 player ids from daily context,Using existing top3 player ids from daily context,daily_context_or_mlb_stats_api,2026-06-10T00:13:23.466678+00:00
824190,2026-05-30,2026-05-30T20:10:00+00:00,2026-05-30T19:14:08.902169+00:00,Houston Astros,Milwaukee Brewers,"670541,572233,665161","683734,641343,668930","Yordan Alvarez,Christian Walker,Jeremy Peña","Andrew Vaughn,Jake Bauers,Brice Turang",api_ops,api_ops,Top3 selected by season hitting OPS/OBP+SLG for 2026; players_with_stats=3,Top3 selected by season hitting OPS/OBP+SLG for 2026; players_with_stats=3,daily_context_or_mlb_stats_api,2026-06-10T00:13:23.466678+00:00
824266,2026-06-10,2026-06-10T22:40:00+00:00,2026-06-10T00:13:07.611497+00:00,Detroit Tigers,Minnesota Twins,"682985,805808,693307","621439,665019,668952","Riley Greene,Kevin McGonigle,Dillon Dingler","Byron Buxton,Kody Clemens,Ryan Kreidler",api_ops,api_ops,Top3 selected by season hitting OPS/OBP+SLG for 2026; players_with_stats=3,Top3 selected by season hitting OPS/OBP+SLG for 2026; players_with_stats=3,daily_context_or_mlb_stats_api,2026-06-10T00:13:23.466678+00:00
824267,2026-06-09,2026-06-09T22:40:00+00:00,2026-06-09T22:25:45.628325+00:00,Detroit Tigers,Minnesota Twins,"650402,805808,693307","621439,686797,665019","650402,805808,693307","621439,686797,665019",daily_context,daily_context,Using existing top3 player ids from daily context,Using existing top3 player ids from daily context,daily_context_or_mlb_stats_api,2026-06-10T00:13:23.466678+00:00
824268,2026-06-07,2026-06-07T17:40:00+00:00,2026-06-07T10:56:39.401112+00:00,Detroit Tigers,Seattle Mariners,"682985,805808,693307","686527,806068,670042","Riley Greene,Kevin McGonigle,Dillon Dingler","Dominic Canzone,Colt Emerson,Luke Raley",api_ops,api_ops,Top3 selected by season hitting OPS/OBP+SLG for 2026; players_with_stats=3,Top3 selected by season hitting OPS/OBP+SLG for 2026; players_with_stats=3,daily_context_or_mlb_stats_api,2026-06-10T00:13:23.466678+00:00
824269,2026-06-06,2026-06-06T17:10:00+00:00,2026-06-06T13:40:39.003341+00:00,Detroit Tigers,Seattle Mariners,"682985,805808,693307","686527,806068,670042","Riley Greene,Kevin McGonigle,Dillon Dingler","Dominic Canzone,Colt Emerson,Luke Raley",api_ops,api_ops,Top3 selected by season hitting OPS/OBP+SLG for 2026; players_with_stats=3,Top3 selected by season hitting OPS/OBP+SLG for 2026; players_with_stats=3,daily_context_or_mlb_stats_api,2026-06-10T00:13:23.466678+00:00
824271,2026-06-05,2026-06-05T22:40:00+00:00,2026-06-05T21:25:18.854859+00:00,Detroit Tigers,Seattle Mariners,"650402,805808,693307","641487,677594,668227","650402,805808,693307","641487,677594,668227",daily_context,daily_context,Using existing top3 player ids from daily context,Using existing top3 player ids from daily context,daily_context_or_mlb_stats_api,2026-06-10T00:13:23.466678+00:00
824347,2026-06-09,2026-06-10T00:40:00+00:00,2026-06-09T22:25:45.628325+00:00,Colorado Rockies,Chicago Cubs,"664983,650489,681198","624424,664023,691718","664983,650489,681198","Michael Conforto,Ian Happ,Pete Crow-Armstrong",daily_context,api_ops,Using existing top3 player ids from daily context,Top3 selected by season hitting OPS/OBP+SLG for 2026; players_with_stats=3,daily_context_or_mlb_stats_api,2026-06-10T00:13:23.466678+00:00
824348,2026-06-10,2026-06-11T00:40:00+00:00,2026-06-10T00:13:07.611497+00:00,Colorado Rockies,Chicago Cubs,"696100,687859,664983","624424,664023,691718","Hunter Goodman,Troy Johnston,Jake McCarthy","Michael Conforto,Ian Happ,Pete Crow-Armstrong",api_ops,api_ops,Top3 selected by season hitting OPS/OBP+SLG for 2026; players_with_stats=3,Top3 selected by season hitting OPS/OBP+SLG for 2026; players_with_stats=3,daily_context_or_mlb_stats_api,2026-06-10T00:13:23.466678+00:00
824349,2026-06-07,2026-06-07T19:10:00+00:00,2026-06-07T10:56:39.401112+00:00,Colorado Rockies,Milwaukee Brewers,"696100,687859,664983","683734,641343,668930","Hunter Goodman,Troy Johnston,Jake McCarthy","Andrew Vaughn,Jake Bauers,Brice Turang",api_ops,api_ops,Top3 selected by season hitting OPS/OBP+SLG for 2026; players_with_stats=3,Top3 selected by season hitting OPS/OBP+SLG for 2026; players_with_stats=3,daily_context_or_mlb_stats_api,2026-06-10T00:13:23.466678+00:00
824350,2026-06-05,2026-06-06T00:40:00+00:00,2026-06-05T23:08:37.410209+00:00,Colorado Rockies,Milwaukee Brewers,"664983,671289,681198","592885,694192,668930","664983,671289,681198","592885,694192,668930",daily_context,daily_context,Using existing top3 player ids from daily context,Using existing top3 player ids from daily context,daily_context_or_mlb_stats_api,2026-06-10T00:13:23.466678+00:00
824351,2026-06-06,2026-06-07T01:10:00+00:00,2026-06-06T13:40:39.003341+00:00,Colorado Rockies,Milwaukee Brewers,"696100,687859,664983","683734,641343,668930","Hunter Goodman,Troy Johnston,Jake McCarthy","Andrew Vaughn,Jake Bauers,Brice Turang",api_ops,api_ops,Top3 selected by season hitting OPS/OBP+SLG for 2026; players_with_stats=3,Top3 selected by season hitting OPS/OBP+SLG for 2026; players_with_stats=3,daily_context_or_mlb_stats_api,2026-06-10T00:13:23.466678+00:00
824352,2026-05-30,2026-05-31T01:10:00+00:00,2026-05-30T22:01:24.114016+00:00,Colorado Rockies,San Francisco Giants,"696100,687859,664983","813841,669477,606992","Hunter Goodman,Troy Johnston,Jake McCarthy","Jonah Cox,Casey Schmitt,Eric Haase",api_ops,api_ops,Top3 selected by season hitting OPS/OBP+SLG for 2026; players_with_stats=3,Top3 selected by season hitting OPS/OBP+SLG for 2026; players_with_stats=3,daily_context_or_mlb_stats_api,2026-06-10T00:13:23.466678+00:00
824354,2026-05-31,2026-05-31T19:10:00+00:00,2026-05-31T18:01:13.612831+00:00,Colorado Rockies,San Francisco Giants,"650489,671289,681198","669477,646240,650333","650489,671289,681198","669477,646240,650333",daily_context,daily_context,Using existing top3 player ids from daily context,Using existing top3 player ids from daily context,daily_context_or_mlb_stats_api,2026-06-10T00:13:23.466678+00:00
824427,2026-06-08,2026-06-08T22:40:00+00:00,2026-06-08T22:28:08.345647+00:00,Cleveland Guardians,New York Yankees,"683953,608070,800050","663757,700250,502671","683953,608070,800050","663757,700250,502671",daily_context,daily_context,Using existing top3 player ids from daily context,Using existing top3 player ids from daily context,daily_context_or_mlb_stats_api,2026-06-10T00:13:23.466678+00:00
824428,2026-06-10,2026-06-10T17:10:00+00:00,2026-06-10T00:13:07.611497+00:00,Cleveland Guardians,New York Yankees,"683953,681807,608070","700250,502671,680474","Travis Bazzana,David Fry,José Ramírez","Ben Rice,Paul Goldschmidt,Max Schuemann",api_ops,api_ops,Top3 selected by season hitting OPS/OBP+SLG for 2026; players_with_stats=3,Top3 selected by season hitting OPS/OBP+SLG for 2026; players_with_stats=3,daily_context_or_mlb_stats_api,2026-06-10T00:13:23.466678+00:00
824429,2026-06-09,2026-06-09T22:40:00+00:00,2026-06-09T22:25:45.628325+00:00,Cleveland Guardians,New York Yankees,"683953,608070,800050","663757,700250,502671","683953,608070,800050","663757,700250,502671",daily_context,daily_context,Using existing top3 player ids from daily context,Using existing top3 player ids from daily context,daily_context_or_mlb_stats_api,2026-06-10T00:13:23.466678+00:00
824430,2026-05-31,2026-05-31T17:40:00+00:00,2026-05-31T16:07:50.641249+00:00,Cleveland Guardians,Boston Red Sox,"683953,608070,800050","680776,681508,677800","683953,608070,800050","680776,681508,677800",daily_context,daily_context,Using existing top3 player ids from daily context,Using existing top3 player ids from daily context,daily_context_or_mlb_stats_api,2026-06-10T00:13:23.466678+00:00
824431,2026-05-30,2026-05-30T20:10:00+00:00,2026-05-30T19:14:08.902169+00:00,Cleveland Guardians,Boston Red Sox,"683953,681807,608070","575929,678882,677800","Travis Bazzana,David Fry,José Ramírez","Willson Contreras,Ceddanne Rafaela,Wilyer Abreu",api_ops,api_ops,Top3 selected by season hitting OPS/OBP+SLG for 2026; players_with_stats=3,Top3 selected by season hitting OPS/OBP+SLG for 2026; players_with_stats=3,daily_context_or_mlb_stats_api,2026-06-10T00:13:23.466678+00:00
824509,2026-06-03,2026-06-03T23:10:00+00:00,2026-06-03T21:48:35.136209+00:00,Cincinnati Reds,Kansas City Royals,"694362,668709,701398","695600,677951,686469","694362,668709,701398","695600,677951,686469",daily_context,daily_context,Using existing top3 player ids from daily context,Using existing top3 player ids from daily context,daily_context_or_mlb_stats_api,2026-06-10T00:13:23.466678+00:00
824510,2026-06-01,2026-06-01T23:10:00+00:00,2026-06-01T23:03:22.306671+00:00,Cincinnati Reds,Kansas City Royals,"694362,668709,701398","695600,677951,686469","694362,668709,701398","695600,677951,686469",daily_context,daily_context,Using existing top3 player ids from daily context,Using existing top3 player ids from daily context,daily_context_or_mlb_stats_api,2026-06-10T00:13:23.466678+00:00
824511,2026-06-02,2026-06-02T23:10:00+00:00,2026-06-02T23:02:12.073800+00:00,Cincinnati Reds,Kansas City Royals,"667472,668709,701398","657041,677951,521692","667472,668709,701398","657041,677951,521692",daily_context,daily_context,Using existing top3 player ids from daily context,Using existing top3 player ids from daily context,daily_context_or_mlb_stats_api,2026-06-10T00:13:23.466678+00:00
824512,2026-05-31,2026-05-31T17:40:00+00:00,2026-05-31T16:07:50.641249+00:00,Cincinnati Reds,Atlanta Braves,"694362,682829,668709","660670,671739,621566","694362,682829,668709","660670,671739,621566",daily_context,daily_context,Using existing top3 player ids from daily context,Using existing top3 player ids from daily context,daily_context_or_mlb_stats_api,2026-06-10T00:13:23.466678+00:00
824513,2026-05-30,2026-05-30T23:15:00+00:00,2026-05-30T22:01:24.114016+00:00,Cincinnati Reds,Atlanta Braves,"668709,663993,701398","621566,671739,622761","JJ Bleday,Nathaniel Lowe,Sal Stewart","Matt Olson,Michael Harris II,Jorge Mateo",api_ops,api_ops,Top3 selected by season hitting OPS/OBP+SLG for 2026; players_with_stats=3,Top3 selected by season hitting OPS/OBP+SLG for 2026; players_with_stats=3,daily_context_or_mlb_stats_api,2026-06-10T00:13:23.466678+00:00
824590,2026-06-10,2026-06-10T23:40:00+00:00,2026-06-10T00:13:07.611497+00:00,Chicago White Sox,Atlanta Braves,"678246,545341,671976","621566,671739,622761","Miguel Vargas,Randal Grichuk,Tristan Peters","Matt Olson,Michael Harris II,Jorge Mateo",api_ops,api_ops,Top3 selected by season hitting OPS/OBP+SLG for 2026; players_with_stats=3,Top3 selected by season hitting OPS/OBP+SLG for 2026; players_with_stats=3,daily_context_or_mlb_stats_api,2026-06-10T00:13:23.466678+00:00
824591,2026-06-09,2026-06-09T23:40:00+00:00,2026-06-09T22:25:45.628325+00:00,Chicago White Sox,Atlanta Braves,"803011,678246,643217","660670,671739,621566","803011,678246,643217","660670,671739,621566",daily_context,daily_context,Using existing top3 player ids from daily context,Using existing top3 player ids from daily context,daily_context_or_mlb_stats_api,2026-06-10T00:13:23.466678+00:00
824592,2026-05-31,2026-05-31T18:10:00+00:00,2026-05-31T18:01:13.612831+00:00,Chicago White Sox,Detroit Tigers,"803011,678246,643217","690993,805808,679529","803011,678246,643217","690993,805808,679529",daily_context,daily_context,Using existing top3 player ids from daily context,Using existing top3 player ids from daily context,daily_context_or_mlb_stats_api,2026-06-10T00:13:23.466678+00:00
824593,2026-05-30,2026-05-30T18:10:00+00:00,2026-05-30T17:21:45.615146+00:00,Chicago White Sox,Detroit Tigers,"678246,545341,671976","682985,805808,693307","Miguel Vargas,Randal Grichuk,Tristan Peters","Riley Greene,Kevin McGonigle,Dillon Dingler",api_ops,api_ops,Top3 selected by season hitting OPS/OBP+SLG for 2026; players_with_stats=3,Top3 selected by season hitting OPS/OBP+SLG for 2026; players_with_stats=3,daily_context_or_mlb_stats_api,2026-06-10T00:13:23.466678+00:00
824669,2026-06-06,2026-06-06T18:20:00+00:00,2026-06-06T13:40:39.003341+00:00,Chicago Cubs,San Francisco Giants,"624424,664023,691718","813841,669477,606992","Michael Conforto,Ian Happ,Pete Crow-Armstrong","Jonah Cox,Casey Schmitt,Eric Haase",api_ops,api_ops,Top3 selected by season hitting OPS/OBP+SLG for 2026; players_with_stats=3,Top3 selected by season hitting OPS/OBP+SLG for 2026; players_with_stats=3,daily_context_or_mlb_stats_api,2026-06-10T00:13:23.466678+00:00
824670,2026-06-07,2026-06-08T00:30:00+00:00,2026-06-07T10:56:39.401112+00:00,Chicago Cubs,San Francisco Giants,"624424,664023,691718","813841,669477,606992","Michael Conforto,Ian Happ,Pete Crow-Armstrong","Jonah Cox,Casey Schmitt,Eric Haase",api_ops,api_ops,Top3 selected by season hitting OPS/OBP+SLG for 2026; players_with_stats=3,Top3 selected by season hitting OPS/OBP+SLG for 2026; players_with_stats=3,daily_context_or_mlb_stats_api,2026-06-10T00:13:23.466678+00:00
824671,2026-06-03,2026-06-04T00:05:00+00:00,2026-06-03T23:43:03.467080+00:00,Chicago Cubs,Athletics,"663538,691718,608324","666126,701762,669127","663538,691718,608324","666126,701762,669127",daily_context,daily_context,Using existing top3 player ids from daily context,Using existing top3 player ids from daily context,daily_context_or_mlb_stats_api,2026-06-10T00:13:23.466678+00:00
824672,2026-06-04,2026-06-05T00:05:00+00:00,2026-06-04T22:20:52.609536+00:00,Chicago Cubs,Athletics,"691718,624424,683737","703607,701762,669127","691718,624424,683737","703607,701762,669127",daily_context,daily_context,Using existing top3 player ids from daily context,Using existing top3 player ids from daily context,daily_context_or_mlb_stats_api,2026-06-10T00:13:23.466678+00:00
824673,2026-06-05,2026-06-05T18:20:00+00:00,2026-06-05T17:54:01.846132+00:00,Chicago Cubs,San Francisco Giants,"663538,691718,608324","669477,646240,650333","663538,691718,608324","669477,646240,650333",daily_context,daily_context,Using existing top3 player ids from daily context,Using existing top3 player ids from daily context,daily_context_or_mlb_stats_api,2026-06-10T00:13:23.466678+00:00
824675,2026-06-02,2026-06-03T00:05:00+00:00,2026-06-02T23:02:12.073800+00:00,Chicago Cubs,Athletics,"663538,691718,608324","666126,701762,669127","663538,691718,608324","666126,701762,669127",daily_context,daily_context,Using existing top3 player ids from daily context,Using existing top3 player ids from daily context,daily_context_or_mlb_stats_api,2026-06-10T00:13:23.466678+00:00
824753,2026-06-04,2026-06-04T17:35:00+00:00,2026-06-04T14:58:51.159192+00:00,Boston Red Sox,Baltimore Orioles,"680776,678882,677800","668939,694212,621493","680776,678882,677800","Adley Rutschman,Samuel Basallo,Taylor Ward",daily_context,api_ops,Using existing top3 player ids from daily context,Top3 selected by season hitting OPS/OBP+SLG for 2026; players_with_stats=3,daily_context_or_mlb_stats_api,2026-06-10T00:13:23.466678+00:00
824754,2026-06-02,2026-06-02T22:45:00+00:00,2026-06-02T21:54:22.349462+00:00,Boston Red Sox,Baltimore Orioles,"680776,678882,677800","621493,683002,668939","680776,678882,677800","621493,683002,668939",daily_context,daily_context,Using existing top3 player ids from daily context,Using existing top3 player ids from daily context,daily_context_or_mlb_stats_api,2026-06-10T00:13:23.466678+00:00
824755,2026-06-03,2026-06-03T22:45:00+00:00,2026-06-03T21:48:35.136209+00:00,Boston Red Sox,Baltimore Orioles,"680776,678882,677800","621493,683002,668939","680776,678882,677800","621493,683002,668939",daily_context,daily_context,Using existing top3 player ids from daily context,Using existing top3 player ids from daily context,daily_context_or_mlb_stats_api,2026-06-10T00:13:23.466678+00:00
824829,2026-06-08,2026-06-08T22:35:00+00:00,2026-06-08T22:28:08.345647+00:00,Baltimore Orioles,Seattle Mariners,"621493,683002,624413","702284,677594,647304","621493,683002,624413","702284,677594,647304",daily_context,daily_context,Using existing top3 player ids from daily context,Using existing top3 player ids from daily context,daily_context_or_mlb_stats_api,2026-06-10T00:13:23.466678+00:00
824830,2026-06-09,2026-06-09T22:35:00+00:00,2026-06-09T22:25:45.628325+00:00,Baltimore Orioles,Seattle Mariners,"621493,683002,624413","645302,677594,668227","621493,683002,624413","645302,677594,668227",daily_context,daily_context,Using existing top3 player ids from daily context,Using existing top3 player ids from daily context,daily_context_or_mlb_stats_api,2026-06-10T00:13:23.466678+00:00
824831,2026-06-10,2026-06-10T22:35:00+00:00,2026-06-10T00:13:07.611497+00:00,Baltimore Orioles,Seattle Mariners,"668939,694212,621493","686527,806068,670042","Adley Rutschman,Samuel Basallo,Taylor Ward","Dominic Canzone,Colt Emerson,Luke Raley",api_ops,api_ops,Top3 selected by season hitting OPS/OBP+SLG for 2026; players_with_stats=3,Top3 selected by season hitting OPS/OBP+SLG for 2026; players_with_stats=3,daily_context_or_mlb_stats_api,2026-06-10T00:13:23.466678+00:00
824832,2026-05-31,2026-05-31T16:15:00+00:00,2026-05-31T16:07:50.641249+00:00,Baltimore Orioles,Toronto Blue Jays,"621493,683002,668939","664770,665489,662139","621493,683002,668939","664770,665489,662139",daily_context,daily_context,Using existing top3 player ids from daily context,Using existing top3 player ids from daily context,daily_context_or_mlb_stats_api,2026-06-10T00:13:23.466678+00:00
824833,2026-05-30,2026-05-30T20:05:00+00:00,2026-05-30T19:14:08.902169+00:00,Baltimore Orioles,Toronto Blue Jays,"668939,694212,621493","682818,678218,676391","Adley Rutschman,Samuel Basallo,Taylor Ward","Yohendrick Piñango,Brandon Valenzuela,Ernie Clement",api_ops,api_ops,Top3 selected by season hitting OPS/OBP+SLG for 2026; players_with_stats=3,Top3 selected by season hitting OPS/OBP+SLG for 2026; players_with_stats=3,daily_context_or_mlb_stats_api,2026-06-10T00:13:23.466678+00:00
824914,2026-06-05,2026-06-05T23:15:00+00:00,2026-06-05T23:08:37.410209+00:00,Atlanta Braves,Pittsburgh Pirates,"660670,671739,621566","693304,664040,668804","660670,671739,621566","693304,664040,668804",daily_context,daily_context,Using existing top3 player ids from daily context,Using existing top3 player ids from daily context,daily_context_or_mlb_stats_api,2026-06-10T00:13:23.466678+00:00
824915,2026-06-06,2026-06-06T20:10:00+00:00,2026-06-06T13:40:39.003341+00:00,Atlanta Braves,Pittsburgh Pirates,"621566,671739,622761","664040,687462,656811","Matt Olson,Michael Harris II,Jorge Mateo","Brandon Lowe,Spencer Horwitz,Ryan O'Hearn",api_ops,api_ops,Top3 selected by season hitting OPS/OBP+SLG for 2026; players_with_stats=3,Top3 selected by season hitting OPS/OBP+SLG for 2026; players_with_stats=3,daily_context_or_mlb_stats_api,2026-06-10T00:13:23.466678+00:00
824916,2026-06-07,2026-06-07T17:35:00+00:00,2026-06-07T10:56:39.401112+00:00,Atlanta Braves,Pittsburgh Pirates,"621566,671739,622761","664040,687462,656811","Matt Olson,Michael Harris II,Jorge Mateo","Brandon Lowe,Spencer Horwitz,Ryan O'Hearn",api_ops,api_ops,Top3 selected by season hitting OPS/OBP+SLG for 2026; players_with_stats=3,Top3 selected by season hitting OPS/OBP+SLG for 2026; players_with_stats=3,daily_context_or_mlb_stats_api,2026-06-10T00:13:23.466678+00:00
824917,2026-06-03,2026-06-03T23:15:00+00:00,2026-06-03T21:48:35.136209+00:00,Atlanta Braves,Toronto Blue Jays,"660670,671739,621566","664770,682818,665489","660670,671739,621566","664770,682818,665489",daily_context,daily_context,Using existing top3 player ids from daily context,Using existing top3 player ids from daily context,daily_context_or_mlb_stats_api,2026-06-10T00:13:23.466678+00:00
824918,2026-06-02,2026-06-02T23:15:00+00:00,2026-06-02T23:02:12.073800+00:00,Atlanta Braves,Toronto Blue Jays,"660670,671739,621566","543807,664770,665489","660670,671739,621566","543807,664770,665489",daily_context,daily_context,Using existing top3 player ids from daily context,Using existing top3 player ids from daily context,daily_context_or_mlb_stats_api,2026-06-10T00:13:23.466678+00:00
824919,2026-06-04,2026-06-04T23:15:00+00:00,2026-06-04T22:20:52.609536+00:00,Atlanta Braves,Toronto Blue Jays,"660670,643289,621566","543807,676391,665489","660670,643289,621566","543807,676391,665489",daily_context,daily_context,Using existing top3 player ids from daily context,Using existing top3 player ids from daily context,daily_context_or_mlb_stats_api,2026-06-10T00:13:23.466678+00:00
824996,2026-06-10,2026-06-11T01:05:00+00:00,2026-06-10T00:13:07.611497+00:00,Athletics,Milwaukee Brewers,"701762,669127,666126","683734,641343,668930","Nick Kurtz,Shea Langeliers,Carlos Cortes","Andrew Vaughn,Jake Bauers,Brice Turang",api_ops,api_ops,Top3 selected by season hitting OPS/OBP+SLG for 2026; players_with_stats=3,Top3 selected by season hitting OPS/OBP+SLG for 2026; players_with_stats=3,daily_context_or_mlb_stats_api,2026-06-10T00:13:23.466678+00:00
824998,2026-06-08,2026-06-09T02:05:00+00:00,2026-06-08T23:48:33.404711+00:00,Athletics,Milwaukee Brewers,"669127,701762,687515","592885,694192,668930","669127,701762,687515","592885,694192,668930",daily_context,daily_context,Using existing top3 player ids from daily context,Using existing top3 player ids from daily context,daily_context_or_mlb_stats_api,2026-06-10T00:13:23.466678+00:00
824999,2026-06-09,2026-06-10T02:05:00+00:00,2026-06-09T22:25:45.628325+00:00,Athletics,Milwaukee Brewers,"701762,669127,666126","683734,641343,668930","Nick Kurtz,Shea Langeliers,Carlos Cortes","Andrew Vaughn,Jake Bauers,Brice Turang",api_ops,api_ops,Top3 selected by season hitting OPS/OBP+SLG for 2026; players_with_stats=3,Top3 selected by season hitting OPS/OBP+SLG for 2026; players_with_stats=3,daily_context_or_mlb_stats_api,2026-06-10T00:13:23.466678+00:00
825000,2026-05-30,2026-05-31T02:05:00+00:00,2026-05-30T22:01:24.114016+00:00,Athletics,New York Yankees,"701762,669127,666126","700250,502671,680474","Nick Kurtz,Shea Langeliers,Carlos Cortes","Ben Rice,Paul Goldschmidt,Max Schuemann",api_ops,api_ops,Top3 selected by season hitting OPS/OBP+SLG for 2026; players_with_stats=3,Top3 selected by season hitting OPS/OBP+SLG for 2026; players_with_stats=3,daily_context_or_mlb_stats_api,2026-06-10T00:13:23.466678+00:00
825001,2026-05-31,2026-05-31T20:05:00+00:00,2026-05-31T18:01:13.612831+00:00,Athletics,New York Yankees,"666126,667670,701762","502671,700250,592450","666126,667670,701762","502671,700250,592450",daily_context,daily_context,Using existing top3 player ids from daily context,Using existing top3 player ids from daily context,daily_context_or_mlb_stats_api,2026-06-10T00:13:23.466678+00:00
825073,2026-06-05,2026-06-06T01:40:00+00:00,2026-06-05T23:08:37.410209+00:00,Arizona Diamondbacks,Washington Nationals,"606466,814439,682998","695578,671277,677588","606466,814439,682998","695578,671277,677588",daily_context,daily_context,Using existing top3 player ids from daily context,Using existing top3 player ids from daily context,daily_context_or_mlb_stats_api,2026-06-10T00:13:23.466678+00:00
825074,2026-06-07,2026-06-07T19:15:00+00:00,2026-06-07T10:56:39.401112+00:00,Arizona Diamondbacks,Washington Nationals,"682998,571448,694371","695578,682928,678554","Corbin Carroll,Nolan Arenado,Tommy Troy","James Wood,CJ Abrams,Curtis Mead",api_ops,api_ops,Top3 selected by season hitting OPS/OBP+SLG for 2026; players_with_stats=3,Top3 selected by season hitting OPS/OBP+SLG for 2026; players_with_stats=3,daily_context_or_mlb_stats_api,2026-06-10T00:13:23.466678+00:00
825075,2026-06-06,2026-06-06T20:10:00+00:00,2026-06-06T13:40:39.003341+00:00,Arizona Diamondbacks,Washington Nationals,"682998,571448,694371","695578,682928,678554","Corbin Carroll,Nolan Arenado,Tommy Troy","James Wood,CJ Abrams,Curtis Mead",api_ops,api_ops,Top3 selected by season hitting OPS/OBP+SLG for 2026; players_with_stats=3,Top3 selected by season hitting OPS/OBP+SLG for 2026; players_with_stats=3,daily_context_or_mlb_stats_api,2026-06-10T00:13:23.466678+00:00
825076,2026-06-04,2026-06-05T01:40:00+00:00,2026-06-04T22:20:52.609536+00:00,Arizona Diamondbacks,Los Angeles Dodgers,"606466,682998,672515","605141,518692,681624","606466,682998,672515","605141,518692,681624",daily_context,daily_context,Using existing top3 player ids from daily context,Using existing top3 player ids from daily context,daily_context_or_mlb_stats_api,2026-06-10T00:13:23.466678+00:00
825077,2026-06-03,2026-06-04T01:40:00+00:00,2026-06-03T23:43:03.467080+00:00,Arizona Diamondbacks,Los Angeles Dodgers,"672695,682998,672515","660271,681624,518692","672695,682998,672515","660271,681624,518692",daily_context,daily_context,Using existing top3 player ids from daily context,Using existing top3 player ids from daily context,daily_context_or_mlb_stats_api,2026-06-10T00:13:23.466678+00:00
825078,2026-06-01,2026-06-02T01:40:00+00:00,2026-06-01T23:03:22.306671+00:00,Arizona Diamondbacks,Los Angeles Dodgers,"606466,682998,672695","660271,681624,518692","606466,682998,672695","660271,681624,518692",daily_context,daily_context,Using existing top3 player ids from daily context,Using existing top3 player ids from daily context,daily_context_or_mlb_stats_api,2026-06-10T00:13:23.466678+00:00
825079,2026-06-02,2026-06-03T01:40:00+00:00,2026-06-02T23:02:12.073800+00:00,Arizona Diamondbacks,Los Angeles Dodgers,"606466,682998,672515","660271,681624,518692","606466,682998,672515","660271,681624,518692",daily_context,daily_context,Using existing top3 player ids from daily context,Using existing top3 player ids from daily context,daily_context_or_mlb_stats_api,2026-06-10T00:13:23.466678+00:00
