game_id,snapshot_time,model_name,predicted_prob,actual_home_win,market_prob,home_team,away_team,data_quality_grade,confidence_bucket,prediction_side,market_role
824511,2026-06-02 02:26:37.503439+00:00,logistic_baseline,0.5388282717026325,1,,Reds,Royals,,low_45_55,home,favorite
824675,2026-06-02 02:26:37.503439+00:00,logistic_baseline,0.46834862954326306,0,,Cubs,Athletics,,low_45_55,away,underdog
824754,2026-06-02 02:26:37.503439+00:00,logistic_baseline,0.6945000942874076,0,,Red Sox,Orioles,,high_65_plus,home,favorite
824918,2026-06-02 02:26:37.503439+00:00,logistic_baseline,0.48517961958639244,1,,Braves,Blue Jays,,low_45_55,away,underdog
825079,2026-06-02 02:26:37.503439+00:00,logistic_baseline,0.3521587663281809,0,,D-backs,Dodgers,,medium_55_65,away,favorite
822727,2026-06-03 00:36:21.906114+00:00,logistic_baseline,0.4728262081369047,0,,Nationals,Marlins,,low_45_55,away,favorite
822973,2026-06-03 00:36:21.906114+00:00,logistic_baseline,0.3675836701189381,0,,Rays,Tigers,,medium_55_65,away,favorite
823051,2026-06-03 00:36:21.906114+00:00,logistic_baseline,0.4990583131379322,1,,Cardinals,Rangers,,low_45_55,away,underdog
823130,2026-06-03 00:36:21.906114+00:00,logistic_baseline,0.620821286113067,0,,Mariners,Mets,,medium_55_65,home,favorite
823456,2026-06-03 00:36:21.906114+00:00,logistic_baseline,0.7675416245201656,1,,Phillies,Padres,,high_65_plus,home,favorite
824511,2026-06-02 02:26:37.503439+00:00,lightgbm_classifier,0.5195157488865685,1,,Reds,Royals,,low_45_55,home,favorite
824675,2026-06-02 02:26:37.503439+00:00,lightgbm_classifier,0.4596183989020087,0,,Cubs,Athletics,,low_45_55,away,underdog
824754,2026-06-02 02:26:37.503439+00:00,lightgbm_classifier,0.659057672814489,0,,Red Sox,Orioles,,high_65_plus,home,favorite
824918,2026-06-02 02:26:37.503439+00:00,lightgbm_classifier,0.5195157488865685,1,,Braves,Blue Jays,,low_45_55,home,favorite
825079,2026-06-02 02:26:37.503439+00:00,lightgbm_classifier,0.5822872814548612,0,,D-backs,Dodgers,,medium_55_65,home,underdog
822727,2026-06-03 00:36:21.906114+00:00,lightgbm_classifier,0.5450142224680561,0,,Nationals,Marlins,,low_45_55,home,underdog
822973,2026-06-03 00:36:21.906114+00:00,lightgbm_classifier,0.5262126267645366,0,,Rays,Tigers,,low_45_55,home,underdog
823051,2026-06-03 00:36:21.906114+00:00,lightgbm_classifier,0.5262126267645366,1,,Cardinals,Rangers,,low_45_55,home,favorite
823130,2026-06-03 00:36:21.906114+00:00,lightgbm_classifier,0.6953345225764946,0,,Mariners,Mets,,high_65_plus,home,favorite
823456,2026-06-03 00:36:21.906114+00:00,lightgbm_classifier,0.6900989052228369,1,,Phillies,Padres,,high_65_plus,home,favorite
824511,2026-06-02 02:26:37.503439+00:00,xgboost_classifier,0.5553016066551208,1,,Reds,Royals,,medium_55_65,home,favorite
824675,2026-06-02 02:26:37.503439+00:00,xgboost_classifier,0.619052529335022,0,,Cubs,Athletics,,medium_55_65,home,favorite
824754,2026-06-02 02:26:37.503439+00:00,xgboost_classifier,0.6456469297409058,0,,Red Sox,Orioles,,medium_55_65,home,favorite
824918,2026-06-02 02:26:37.503439+00:00,xgboost_classifier,0.5553016066551208,1,,Braves,Blue Jays,,medium_55_65,home,favorite
825079,2026-06-02 02:26:37.503439+00:00,xgboost_classifier,0.583351194858551,0,,D-backs,Dodgers,,medium_55_65,home,underdog
822727,2026-06-03 00:36:21.906114+00:00,xgboost_classifier,0.4976416528224945,0,,Nationals,Marlins,,low_45_55,away,favorite
822973,2026-06-03 00:36:21.906114+00:00,xgboost_classifier,0.6145855188369751,0,,Rays,Tigers,,medium_55_65,home,underdog
823051,2026-06-03 00:36:21.906114+00:00,xgboost_classifier,0.5945932269096375,1,,Cardinals,Rangers,,medium_55_65,home,favorite
823130,2026-06-03 00:36:21.906114+00:00,xgboost_classifier,0.6145855188369751,0,,Mariners,Mets,,medium_55_65,home,favorite
823456,2026-06-03 00:36:21.906114+00:00,xgboost_classifier,0.6456469297409058,1,,Phillies,Padres,,medium_55_65,home,favorite
824511,2026-06-02 02:26:37.503439+00:00,market_no_vig_baseline,0.5429,1,0.5429,Reds,Royals,,low_45_55,home,favorite
824675,2026-06-02 02:26:37.503439+00:00,market_no_vig_baseline,0.5326,0,0.5326,Cubs,Athletics,,low_45_55,home,favorite
824754,2026-06-02 02:26:37.503439+00:00,market_no_vig_baseline,0.5504,0,0.5504,Red Sox,Orioles,,medium_55_65,home,favorite
824918,2026-06-02 02:26:37.503439+00:00,market_no_vig_baseline,0.5417,1,0.5417,Braves,Blue Jays,,low_45_55,home,favorite
825079,2026-06-02 02:26:37.503439+00:00,market_no_vig_baseline,0.3478,0,0.3478,D-backs,Dodgers,,high_65_plus,away,favorite
822727,2026-06-03 00:36:21.906114+00:00,market_no_vig_baseline,0.2322,0,0.2322,Nationals,Marlins,,high_65_plus,away,favorite
822973,2026-06-03 00:36:21.906114+00:00,market_no_vig_baseline,0.0288489003141959,0,0.0288489003141959,Rays,Tigers,,high_65_plus,away,favorite
823051,2026-06-03 00:36:21.906114+00:00,market_no_vig_baseline,0.7143,1,0.7143,Cardinals,Rangers,,high_65_plus,home,favorite
823130,2026-06-03 00:36:21.906114+00:00,market_no_vig_baseline,0.5812,0,0.5812,Mariners,Mets,,medium_55_65,home,favorite
823456,2026-06-03 00:36:21.906114+00:00,market_no_vig_baseline,0.7549,1,0.7549,Phillies,Padres,,high_65_plus,home,favorite
824511,2026-06-02 02:26:37.503439+00:00,market_residual_model,0.5390141542979314,1,,Reds,Royals,,low_45_55,home,favorite
824675,2026-06-02 02:26:37.503439+00:00,market_residual_model,0.5888899108765848,0,,Cubs,Athletics,,medium_55_65,home,favorite
824754,2026-06-02 02:26:37.503439+00:00,market_residual_model,0.7095784884465487,0,,Red Sox,Orioles,,high_65_plus,home,favorite
824918,2026-06-02 02:26:37.503439+00:00,market_residual_model,0.5312163058683468,1,,Braves,Blue Jays,,low_45_55,home,favorite
825079,2026-06-02 02:26:37.503439+00:00,market_residual_model,0.4774743450160529,0,,D-backs,Dodgers,,low_45_55,away,favorite
822727,2026-06-03 00:36:21.906114+00:00,market_residual_model,0.30837852717226133,0,,Nationals,Marlins,,high_65_plus,away,favorite
822973,2026-06-03 00:36:21.906114+00:00,market_residual_model,0.11448692623051132,0,,Rays,Tigers,,high_65_plus,away,favorite
823051,2026-06-03 00:36:21.906114+00:00,market_residual_model,0.6764514894913644,1,,Cardinals,Rangers,,high_65_plus,home,favorite
823130,2026-06-03 00:36:21.906114+00:00,market_residual_model,0.569107568039038,0,,Mariners,Mets,,medium_55_65,home,favorite
823456,2026-06-03 00:36:21.906114+00:00,market_residual_model,0.887503656832483,1,,Phillies,Padres,,high_65_plus,home,favorite
823540,2026-06-03 00:36:21.906114+00:00,logistic_baseline,0.6196374879792439,0,,Yankees,Guardians,,medium_55_65,home,underdog
823701,2026-06-03 00:36:21.906114+00:00,logistic_baseline,0.5746381170268224,0,,Twins,White Sox,,medium_55_65,home,underdog
823780,2026-06-03 00:36:21.906114+00:00,logistic_baseline,0.539122652319908,0,,Brewers,Giants,,low_45_55,home,favorite
824024,2026-06-03 00:36:21.906114+00:00,logistic_baseline,0.5021748519941173,1,,Angels,Rockies,,low_45_55,home,favorite
824188,2026-06-03 00:36:21.906114+00:00,logistic_baseline,0.5287020206465859,1,,Astros,Pirates,,low_45_55,home,underdog
824509,2026-06-03 00:36:21.906114+00:00,logistic_baseline,0.6003630070231311,0,,Reds,Royals,,medium_55_65,home,underdog
824671,2026-06-03 00:36:21.906114+00:00,logistic_baseline,0.3648924772001344,0,,Cubs,Athletics,,medium_55_65,away,underdog
824755,2026-06-03 00:36:21.906114+00:00,logistic_baseline,0.6913315988724998,1,,Red Sox,Orioles,,high_65_plus,home,underdog
824917,2026-06-03 00:36:21.906114+00:00,logistic_baseline,0.4434086024496348,1,,Braves,Blue Jays,,medium_55_65,away,underdog
825077,2026-06-03 00:36:21.906114+00:00,logistic_baseline,0.16813544072687758,0,,D-backs,Dodgers,,high_65_plus,away,favorite
823540,2026-06-03 00:36:21.906114+00:00,lightgbm_classifier,0.49660150590261826,0,,Yankees,Guardians,,low_45_55,away,favorite
823701,2026-06-03 00:36:21.906114+00:00,lightgbm_classifier,0.5389783534692623,0,,Twins,White Sox,,low_45_55,home,underdog
823780,2026-06-03 00:36:21.906114+00:00,lightgbm_classifier,0.5479926936530517,0,,Brewers,Giants,,low_45_55,home,favorite
824024,2026-06-03 00:36:21.906114+00:00,lightgbm_classifier,0.49973499434261187,1,,Angels,Rockies,,low_45_55,away,underdog
824188,2026-06-03 00:36:21.906114+00:00,lightgbm_classifier,0.6323404126443624,1,,Astros,Pirates,,medium_55_65,home,underdog
824509,2026-06-03 00:36:21.906114+00:00,lightgbm_classifier,0.5373964951585809,0,,Reds,Royals,,low_45_55,home,underdog
824671,2026-06-03 00:36:21.906114+00:00,lightgbm_classifier,0.4292357652655154,0,,Cubs,Athletics,,medium_55_65,away,underdog
824755,2026-06-03 00:36:21.906114+00:00,lightgbm_classifier,0.5739909912254441,1,,Red Sox,Orioles,,medium_55_65,home,underdog
824917,2026-06-03 00:36:21.906114+00:00,lightgbm_classifier,0.5341796930186958,1,,Braves,Blue Jays,,low_45_55,home,favorite
825077,2026-06-03 00:36:21.906114+00:00,lightgbm_classifier,0.48731583856119703,0,,D-backs,Dodgers,,low_45_55,away,favorite
823540,2026-06-03 00:36:21.906114+00:00,xgboost_classifier,0.5792690515518188,0,,Yankees,Guardians,,medium_55_65,home,underdog
823701,2026-06-03 00:36:21.906114+00:00,xgboost_classifier,0.6229821443557739,0,,Twins,White Sox,,medium_55_65,home,underdog
823780,2026-06-03 00:36:21.906114+00:00,xgboost_classifier,0.5595600008964539,0,,Brewers,Giants,,medium_55_65,home,favorite
824024,2026-06-03 00:36:21.906114+00:00,xgboost_classifier,0.620355486869812,1,,Angels,Rockies,,medium_55_65,home,favorite
824188,2026-06-03 00:36:21.906114+00:00,xgboost_classifier,0.6114022731781006,1,,Astros,Pirates,,medium_55_65,home,underdog
824509,2026-06-03 00:36:21.906114+00:00,xgboost_classifier,0.5831418633460999,0,,Reds,Royals,,medium_55_65,home,underdog
824671,2026-06-03 00:36:21.906114+00:00,xgboost_classifier,0.5076600909233093,0,,Cubs,Athletics,,low_45_55,home,favorite
824755,2026-06-03 00:36:21.906114+00:00,xgboost_classifier,0.6358134746551514,1,,Red Sox,Orioles,,medium_55_65,home,underdog
824917,2026-06-03 00:36:21.906114+00:00,xgboost_classifier,0.5129737854003906,1,,Braves,Blue Jays,,low_45_55,home,favorite
825077,2026-06-03 00:36:21.906114+00:00,xgboost_classifier,0.5015853643417358,0,,D-backs,Dodgers,,low_45_55,home,underdog
823540,2026-06-03 00:36:21.906114+00:00,market_no_vig_baseline,0.4815,0,0.4815,Yankees,Guardians,,low_45_55,away,favorite
823701,2026-06-03 00:36:21.906114+00:00,market_no_vig_baseline,0.2451,0,0.2451,Twins,White Sox,,high_65_plus,away,favorite
823780,2026-06-03 00:36:21.906114+00:00,market_no_vig_baseline,0.918448139350752,0,0.918448139350752,Brewers,Giants,,high_65_plus,home,favorite
824024,2026-06-03 00:36:21.906114+00:00,market_no_vig_baseline,0.5934,1,0.5934,Angels,Rockies,,medium_55_65,home,favorite
824188,2026-06-03 00:36:21.906114+00:00,market_no_vig_baseline,0.492,1,0.492,Astros,Pirates,,low_45_55,away,favorite
824509,2026-06-03 00:36:21.906114+00:00,market_no_vig_baseline,0.2708,0,0.2708,Reds,Royals,,high_65_plus,away,favorite
824671,2026-06-03 00:36:21.906114+00:00,market_no_vig_baseline,0.7,0,0.7,Cubs,Athletics,,high_65_plus,home,favorite
824755,2026-06-03 00:36:21.906114+00:00,market_no_vig_baseline,0.1883,1,0.1883,Red Sox,Orioles,,high_65_plus,away,favorite
824917,2026-06-03 00:36:21.906114+00:00,market_no_vig_baseline,0.6951,1,0.6951,Braves,Blue Jays,,high_65_plus,home,favorite
825077,2026-06-03 00:36:21.906114+00:00,market_no_vig_baseline,0.4791,0,0.4791,D-backs,Dodgers,,low_45_55,away,favorite
823540,2026-06-03 00:36:21.906114+00:00,market_residual_model,0.47068265412307564,0,,Yankees,Guardians,,low_45_55,away,favorite
823701,2026-06-03 00:36:21.906114+00:00,market_residual_model,0.2946712068934709,0,,Twins,White Sox,,high_65_plus,away,favorite
823780,2026-06-03 00:36:21.906114+00:00,market_residual_model,0.8728371589281891,0,,Brewers,Giants,,high_65_plus,home,favorite
824024,2026-06-03 00:36:21.906114+00:00,market_residual_model,0.44596610013700355,1,,Angels,Rockies,,medium_55_65,away,underdog
824188,2026-06-03 00:36:21.906114+00:00,market_residual_model,0.5997172096715638,1,,Astros,Pirates,,medium_55_65,home,underdog
824509,2026-06-03 00:36:21.906114+00:00,market_residual_model,0.31292226180418364,0,,Reds,Royals,,high_65_plus,away,favorite
824671,2026-06-03 00:36:21.906114+00:00,market_residual_model,0.5882350121242872,0,,Cubs,Athletics,,medium_55_65,home,favorite
824755,2026-06-03 00:36:21.906114+00:00,market_residual_model,0.2378712068934709,1,,Red Sox,Orioles,,high_65_plus,away,favorite
824917,2026-06-03 00:36:21.906114+00:00,market_residual_model,0.6494890195774372,1,,Braves,Blue Jays,,medium_55_65,home,favorite
825077,2026-06-03 00:36:21.906114+00:00,market_residual_model,0.5080844796777864,0,,D-backs,Dodgers,,low_45_55,home,underdog
823457,2026-06-04 01:10:14.010392+00:00,logistic_baseline,0.7284764294314466,1,,Phillies,Padres,,high_65_plus,home,favorite
823542,2026-06-04 01:10:14.010392+00:00,logistic_baseline,0.5537106485247206,1,,Yankees,Guardians,,medium_55_65,home,underdog
823698,2026-06-04 01:10:14.010392+00:00,logistic_baseline,0.48614941387273336,0,,Twins,Royals,,low_45_55,away,favorite
823779,2026-06-04 01:10:14.010392+00:00,logistic_baseline,0.5389178583515779,0,,Brewers,Giants,,low_45_55,home,underdog
824185,2026-06-04 01:10:14.010392+00:00,logistic_baseline,0.6657941488598462,0,,Astros,Pirates,,high_65_plus,home,favorite
824672,2026-06-04 01:10:14.010392+00:00,logistic_baseline,0.2846351720963929,1,,Cubs,Athletics,,high_65_plus,away,underdog
824753,2026-06-04 01:10:14.010392+00:00,logistic_baseline,0.6124453946719167,0,,Red Sox,Orioles,,medium_55_65,home,favorite
824919,2026-06-04 01:10:14.010392+00:00,logistic_baseline,0.41832556099699775,0,,Braves,Blue Jays,,medium_55_65,away,underdog
825076,2026-06-04 01:10:14.010392+00:00,logistic_baseline,0.17630739773302373,1,,D-backs,Dodgers,,high_65_plus,away,favorite
822810,2026-06-05 00:07:45.183410+00:00,logistic_baseline,0.6006325339759777,0,,Blue Jays,Orioles,,medium_55_65,home,favorite
823457,2026-06-04 01:10:14.010392+00:00,lightgbm_classifier,0.6599046198373049,1,,Phillies,Padres,,high_65_plus,home,favorite
823542,2026-06-04 01:10:14.010392+00:00,lightgbm_classifier,0.5038450569791242,1,,Yankees,Guardians,,low_45_55,home,underdog
823698,2026-06-04 01:10:14.010392+00:00,lightgbm_classifier,0.5335926220133771,0,,Twins,Royals,,low_45_55,home,underdog
823779,2026-06-04 01:10:14.010392+00:00,lightgbm_classifier,0.46650381540899943,0,,Brewers,Giants,,low_45_55,away,favorite
824185,2026-06-04 01:10:14.010392+00:00,lightgbm_classifier,0.5493485128001834,0,,Astros,Pirates,,low_45_55,home,favorite
824672,2026-06-04 01:10:14.010392+00:00,lightgbm_classifier,0.36758261155147676,1,,Cubs,Athletics,,medium_55_65,away,underdog
824753,2026-06-04 01:10:14.010392+00:00,lightgbm_classifier,0.6686862595337387,0,,Red Sox,Orioles,,high_65_plus,home,favorite
824919,2026-06-04 01:10:14.010392+00:00,lightgbm_classifier,0.37594236220365923,0,,Braves,Blue Jays,,medium_55_65,away,underdog
825076,2026-06-04 01:10:14.010392+00:00,lightgbm_classifier,0.4004765056155765,1,,D-backs,Dodgers,,medium_55_65,away,favorite
822810,2026-06-05 00:07:45.183410+00:00,lightgbm_classifier,0.6599046198373049,0,,Blue Jays,Orioles,,high_65_plus,home,favorite
823457,2026-06-04 01:10:14.010392+00:00,xgboost_classifier,0.5448099374771118,1,,Phillies,Padres,,low_45_55,home,favorite
823542,2026-06-04 01:10:14.010392+00:00,xgboost_classifier,0.5048280358314514,1,,Yankees,Guardians,,low_45_55,home,underdog
823698,2026-06-04 01:10:14.010392+00:00,xgboost_classifier,0.5266401171684265,0,,Twins,Royals,,low_45_55,home,underdog
823779,2026-06-04 01:10:14.010392+00:00,xgboost_classifier,0.44045329093933105,0,,Brewers,Giants,,medium_55_65,away,favorite
824185,2026-06-04 01:10:14.010392+00:00,xgboost_classifier,0.5127764940261841,0,,Astros,Pirates,,low_45_55,home,favorite
824672,2026-06-04 01:10:14.010392+00:00,xgboost_classifier,0.4054887294769287,1,,Cubs,Athletics,,medium_55_65,away,underdog
824753,2026-06-04 01:10:14.010392+00:00,xgboost_classifier,0.573344349861145,0,,Red Sox,Orioles,,medium_55_65,home,favorite
824919,2026-06-04 01:10:14.010392+00:00,xgboost_classifier,0.4375210106372833,0,,Braves,Blue Jays,,medium_55_65,away,underdog
825076,2026-06-04 01:10:14.010392+00:00,xgboost_classifier,0.4542498290538788,1,,D-backs,Dodgers,,low_45_55,away,favorite
822810,2026-06-05 00:07:45.183410+00:00,xgboost_classifier,0.5448099374771118,0,,Blue Jays,Orioles,,low_45_55,home,favorite
823457,2026-06-04 01:10:14.010392+00:00,market_no_vig_baseline,0.9626064420584968,1,0.9626064420584968,Phillies,Padres,,high_65_plus,home,favorite
823542,2026-06-04 01:10:14.010392+00:00,market_no_vig_baseline,0.399,1,0.399,Yankees,Guardians,,medium_55_65,away,favorite
823698,2026-06-04 01:10:14.010392+00:00,market_no_vig_baseline,0.4909,0,0.4909,Twins,Royals,,low_45_55,away,favorite
823779,2026-06-04 01:10:14.010392+00:00,market_no_vig_baseline,0.4397905759162304,0,0.4397905759162304,Brewers,Giants,,medium_55_65,away,favorite
824185,2026-06-04 01:10:14.010392+00:00,market_no_vig_baseline,0.7377,0,0.7377,Astros,Pirates,,high_65_plus,home,favorite
824672,2026-06-04 01:10:14.010392+00:00,market_no_vig_baseline,0.7301,1,0.7301,Cubs,Athletics,,high_65_plus,home,favorite
824753,2026-06-04 01:10:14.010392+00:00,market_no_vig_baseline,0.9711510996858042,0,0.9711510996858042,Red Sox,Orioles,,high_65_plus,home,favorite
824919,2026-06-04 01:10:14.010392+00:00,market_no_vig_baseline,0.8946,0,0.8946,Braves,Blue Jays,,high_65_plus,home,favorite
825076,2026-06-04 01:10:14.010392+00:00,market_no_vig_baseline,0.3443,1,0.3443,D-backs,Dodgers,,high_65_plus,away,favorite
822810,2026-06-05 00:07:45.183410+00:00,market_no_vig_baseline,0.5859,0,0.5859,Blue Jays,Orioles,,medium_55_65,home,favorite
823457,2026-06-04 01:10:14.010392+00:00,market_residual_model,0.8674551143638356,1,,Phillies,Padres,,high_65_plus,home,favorite
823542,2026-06-04 01:10:14.010392+00:00,market_residual_model,0.3463234602605565,1,,Yankees,Guardians,,high_65_plus,away,favorite
823698,2026-06-04 01:10:14.010392+00:00,market_residual_model,0.5253764465613884,0,,Twins,Royals,,low_45_55,home,underdog
823779,2026-06-04 01:10:14.010392+00:00,market_residual_model,0.37477511002526165,0,,Brewers,Giants,,medium_55_65,away,favorite
824185,2026-06-04 01:10:14.010392+00:00,market_residual_model,0.7551603859331417,0,,Astros,Pirates,,high_65_plus,home,favorite
824672,2026-06-04 01:10:14.010392+00:00,market_residual_model,0.5470842594509766,1,,Cubs,Athletics,,low_45_55,home,favorite
824753,2026-06-04 01:10:14.010392+00:00,market_residual_model,0.99,0,,Red Sox,Orioles,,high_65_plus,home,favorite
824919,2026-06-04 01:10:14.010392+00:00,market_residual_model,0.7291684671783479,0,,Braves,Blue Jays,,high_65_plus,home,favorite
825076,2026-06-04 01:10:14.010392+00:00,market_residual_model,0.3210581665763683,1,,D-backs,Dodgers,,high_65_plus,away,favorite
822810,2026-06-05 00:07:45.183410+00:00,market_residual_model,0.40771588889062893,0,,Blue Jays,Orioles,,medium_55_65,away,underdog
822892,2026-06-05 00:07:45.183410+00:00,logistic_baseline,0.32343928746433714,1,,Rangers,Guardians,,high_65_plus,away,favorite
823049,2026-06-05 00:07:45.183410+00:00,logistic_baseline,0.5232929691760415,1,,Cardinals,Reds,,low_45_55,home,favorite
823293,2026-06-05 00:07:45.183410+00:00,logistic_baseline,0.33337267641793006,0,,Padres,Mets,,high_65_plus,away,underdog
823455,2026-06-05 00:07:45.183410+00:00,logistic_baseline,0.6373929708821202,1,,Phillies,White Sox,,medium_55_65,home,favorite
823538,2026-06-05 00:07:45.183410+00:00,logistic_baseline,0.6922835882029024,0,,Yankees,Red Sox,,high_65_plus,home,favorite
823699,2026-06-05 00:07:45.183410+00:00,logistic_baseline,0.46367180592776785,1,,Twins,Royals,,low_45_55,away,favorite
823860,2026-06-05 00:07:45.183410+00:00,logistic_baseline,0.5475487939781747,0,,Marlins,Rays,,low_45_55,home,underdog
823943,2026-06-05 00:07:45.183410+00:00,logistic_baseline,0.8380872496186565,1,,Dodgers,Angels,,high_65_plus,home,unknown
824186,2026-06-05 00:07:45.183410+00:00,logistic_baseline,0.5847948572085113,1,,Astros,Athletics,,medium_55_65,home,underdog
824271,2026-06-05 00:07:45.183410+00:00,logistic_baseline,0.4174682390442797,1,,Tigers,Mariners,,medium_55_65,away,favorite
822892,2026-06-05 00:07:45.183410+00:00,lightgbm_classifier,0.5429345074924524,1,,Rangers,Guardians,,low_45_55,home,underdog
823049,2026-06-05 00:07:45.183410+00:00,lightgbm_classifier,0.5382775116053674,1,,Cardinals,Reds,,low_45_55,home,favorite
823293,2026-06-05 00:07:45.183410+00:00,lightgbm_classifier,0.5801454171288899,0,,Padres,Mets,,medium_55_65,home,favorite
823455,2026-06-05 00:07:45.183410+00:00,lightgbm_classifier,0.6098761087342829,1,,Phillies,White Sox,,medium_55_65,home,favorite
823538,2026-06-05 00:07:45.183410+00:00,lightgbm_classifier,0.661624763751044,0,,Yankees,Red Sox,,high_65_plus,home,favorite
823699,2026-06-05 00:07:45.183410+00:00,lightgbm_classifier,0.5018126023811172,1,,Twins,Royals,,low_45_55,home,underdog
823860,2026-06-05 00:07:45.183410+00:00,lightgbm_classifier,0.615844679451737,0,,Marlins,Rays,,medium_55_65,home,underdog
823943,2026-06-05 00:07:45.183410+00:00,lightgbm_classifier,0.6846156016302635,1,,Dodgers,Angels,,high_65_plus,home,unknown
824186,2026-06-05 00:07:45.183410+00:00,lightgbm_classifier,0.5720501186420801,1,,Astros,Athletics,,medium_55_65,home,underdog
824271,2026-06-05 00:07:45.183410+00:00,lightgbm_classifier,0.45087575343867375,1,,Tigers,Mariners,,low_45_55,away,favorite
822892,2026-06-05 00:07:45.183410+00:00,xgboost_classifier,0.5612416863441467,1,,Rangers,Guardians,,medium_55_65,home,underdog
823049,2026-06-05 00:07:45.183410+00:00,xgboost_classifier,0.5336471199989319,1,,Cardinals,Reds,,low_45_55,home,favorite
823293,2026-06-05 00:07:45.183410+00:00,xgboost_classifier,0.49766290187835693,0,,Padres,Mets,,low_45_55,away,underdog
823455,2026-06-05 00:07:45.183410+00:00,xgboost_classifier,0.5307348966598511,1,,Phillies,White Sox,,low_45_55,home,favorite
823538,2026-06-05 00:07:45.183410+00:00,xgboost_classifier,0.616245687007904,0,,Yankees,Red Sox,,medium_55_65,home,favorite
823699,2026-06-05 00:07:45.183410+00:00,xgboost_classifier,0.4942977726459503,1,,Twins,Royals,,low_45_55,away,favorite
823860,2026-06-05 00:07:45.183410+00:00,xgboost_classifier,0.5587512254714966,0,,Marlins,Rays,,medium_55_65,home,underdog
823943,2026-06-05 00:07:45.183410+00:00,xgboost_classifier,0.6197018623352051,1,,Dodgers,Angels,,medium_55_65,home,unknown
824186,2026-06-05 00:07:45.183410+00:00,xgboost_classifier,0.5857692360877991,1,,Astros,Athletics,,medium_55_65,home,underdog
824271,2026-06-05 00:07:45.183410+00:00,xgboost_classifier,0.4410778284072876,1,,Tigers,Mariners,,medium_55_65,away,favorite
822892,2026-06-05 00:07:45.183410+00:00,market_no_vig_baseline,0.4328,1,0.4328,Rangers,Guardians,,medium_55_65,away,favorite
823049,2026-06-05 00:07:45.183410+00:00,market_no_vig_baseline,0.5514,1,0.5514,Cardinals,Reds,,medium_55_65,home,favorite
823293,2026-06-05 00:07:45.183410+00:00,market_no_vig_baseline,0.5402,0,0.5402,Padres,Mets,,low_45_55,home,favorite
823455,2026-06-05 00:07:45.183410+00:00,market_no_vig_baseline,0.629,1,0.629,Phillies,White Sox,,medium_55_65,home,favorite
823538,2026-06-05 00:07:45.183410+00:00,market_no_vig_baseline,0.5698,0,0.5698,Yankees,Red Sox,,medium_55_65,home,favorite
823699,2026-06-05 00:07:45.183410+00:00,market_no_vig_baseline,0.3797,1,0.3797,Twins,Royals,,medium_55_65,away,favorite
823860,2026-06-05 00:07:45.183410+00:00,market_no_vig_baseline,0.439,0,0.439,Marlins,Rays,,medium_55_65,away,favorite
824186,2026-06-05 00:07:45.183410+00:00,market_no_vig_baseline,0.4909,1,0.4909,Astros,Athletics,,low_45_55,away,favorite
824271,2026-06-05 00:07:45.183410+00:00,market_no_vig_baseline,0.4573,1,0.4573,Tigers,Mariners,,low_45_55,away,favorite
822892,2026-06-05 00:07:45.183410+00:00,market_residual_model,0.47452536176079335,1,,Rangers,Guardians,,low_45_55,away,favorite
823049,2026-06-05 00:07:45.183410+00:00,market_residual_model,0.5924073309540407,1,,Cardinals,Reds,,medium_55_65,home,favorite
823293,2026-06-05 00:07:45.183410+00:00,market_residual_model,0.5575092322523477,0,,Padres,Mets,,medium_55_65,home,favorite
823455,2026-06-05 00:07:45.183410+00:00,market_residual_model,0.6268651886586959,1,,Phillies,White Sox,,medium_55_65,home,favorite
823538,2026-06-05 00:07:45.183410+00:00,market_residual_model,0.6122408945720829,0,,Yankees,Red Sox,,medium_55_65,home,favorite
823699,2026-06-05 00:07:45.183410+00:00,market_residual_model,0.3865468256911537,1,,Twins,Royals,,medium_55_65,away,favorite
823860,2026-06-05 00:07:45.183410+00:00,market_residual_model,0.5251093162523328,0,,Marlins,Rays,,low_45_55,home,underdog
823943,2026-06-05 00:07:45.183410+00:00,market_residual_model,,1,,Dodgers,Angels,,high_65_plus,away,unknown
824186,2026-06-05 00:07:45.183410+00:00,market_residual_model,0.6009144395604507,1,,Astros,Athletics,,medium_55_65,home,underdog
824271,2026-06-05 00:07:45.183410+00:00,market_residual_model,0.47638414122015504,1,,Tigers,Mariners,,low_45_55,away,favorite
824350,2026-06-05 00:07:45.183410+00:00,logistic_baseline,0.5551967885031487,0,,Rockies,Brewers,,medium_55_65,home,underdog
824673,2026-06-05 00:07:45.183410+00:00,logistic_baseline,0.5283958726329858,0,,Cubs,Giants,,low_45_55,home,favorite
824914,2026-06-05 00:07:45.183410+00:00,logistic_baseline,0.3700437735128565,1,,Braves,Pirates,,medium_55_65,away,underdog
825073,2026-06-05 00:07:45.183410+00:00,logistic_baseline,0.34752659261719576,0,,D-backs,Nationals,,high_65_plus,away,underdog
822808,2026-06-06 06:49:12.996318+00:00,logistic_baseline,0.5499602616482868,1,,Blue Jays,Orioles,,low_45_55,home,underdog
822891,2026-06-06 06:49:12.996318+00:00,logistic_baseline,0.4118710316339638,0,,Rangers,Guardians,,medium_55_65,away,underdog
823048,2026-06-06 06:49:12.996318+00:00,logistic_baseline,0.5859090071818499,1,,Cardinals,Reds,,medium_55_65,home,favorite
823292,2026-06-06 06:49:12.996318+00:00,logistic_baseline,0.24082489299006352,1,,Padres,Mets,,high_65_plus,away,favorite
823454,2026-06-06 06:49:12.996318+00:00,logistic_baseline,0.5297973459916223,0,,Phillies,White Sox,,low_45_55,home,favorite
823697,2026-06-06 06:49:12.996318+00:00,logistic_baseline,0.6012608736229819,0,,Twins,Royals,,medium_55_65,home,favorite
824350,2026-06-05 00:07:45.183410+00:00,lightgbm_classifier,0.5988217374652787,0,,Rockies,Brewers,,medium_55_65,home,underdog
824673,2026-06-05 00:07:45.183410+00:00,lightgbm_classifier,0.5469476585894384,0,,Cubs,Giants,,low_45_55,home,favorite
824914,2026-06-05 00:07:45.183410+00:00,lightgbm_classifier,0.404687128337278,1,,Braves,Pirates,,medium_55_65,away,underdog
825073,2026-06-05 00:07:45.183410+00:00,lightgbm_classifier,0.4716553146550295,0,,D-backs,Nationals,,low_45_55,away,underdog
822808,2026-06-06 06:49:12.996318+00:00,lightgbm_classifier,0.47322916205933246,1,,Blue Jays,Orioles,,low_45_55,away,favorite
822891,2026-06-06 06:49:12.996318+00:00,lightgbm_classifier,0.6602179752760078,0,,Rangers,Guardians,,high_65_plus,home,favorite
823048,2026-06-06 06:49:12.996318+00:00,lightgbm_classifier,0.6583504215227913,1,,Cardinals,Reds,,high_65_plus,home,favorite
823292,2026-06-06 06:49:12.996318+00:00,lightgbm_classifier,0.40717303499967383,1,,Padres,Mets,,medium_55_65,away,favorite
823454,2026-06-06 06:49:12.996318+00:00,lightgbm_classifier,0.4972811208552547,0,,Phillies,White Sox,,low_45_55,away,underdog
823697,2026-06-06 06:49:12.996318+00:00,lightgbm_classifier,0.5802727879503836,0,,Twins,Royals,,medium_55_65,home,favorite
824350,2026-06-05 00:07:45.183410+00:00,xgboost_classifier,0.6312410831451416,0,,Rockies,Brewers,,medium_55_65,home,underdog
824673,2026-06-05 00:07:45.183410+00:00,xgboost_classifier,0.5407156348228455,0,,Cubs,Giants,,low_45_55,home,favorite
824914,2026-06-05 00:07:45.183410+00:00,xgboost_classifier,0.4672258198261261,1,,Braves,Pirates,,low_45_55,away,underdog
825073,2026-06-05 00:07:45.183410+00:00,xgboost_classifier,0.5091789960861206,0,,D-backs,Nationals,,low_45_55,home,favorite
822808,2026-06-06 06:49:12.996318+00:00,xgboost_classifier,0.4669841527938843,1,,Blue Jays,Orioles,,low_45_55,away,favorite
822891,2026-06-06 06:49:12.996318+00:00,xgboost_classifier,0.6392406225204468,0,,Rangers,Guardians,,medium_55_65,home,favorite
823048,2026-06-06 06:49:12.996318+00:00,xgboost_classifier,0.5864224433898926,1,,Cardinals,Reds,,medium_55_65,home,favorite
823292,2026-06-06 06:49:12.996318+00:00,xgboost_classifier,0.4535267651081085,1,,Padres,Mets,,low_45_55,away,favorite
823454,2026-06-06 06:49:12.996318+00:00,xgboost_classifier,0.5155569314956665,0,,Phillies,White Sox,,low_45_55,home,favorite
823697,2026-06-06 06:49:12.996318+00:00,xgboost_classifier,0.5502743124961853,0,,Twins,Royals,,medium_55_65,home,favorite
824350,2026-06-05 00:07:45.183410+00:00,market_no_vig_baseline,0.4247,0,0.4247,Rockies,Brewers,,medium_55_65,away,favorite
824673,2026-06-05 00:07:45.183410+00:00,market_no_vig_baseline,0.602,0,0.602,Cubs,Giants,,medium_55_65,home,favorite
824914,2026-06-05 00:07:45.183410+00:00,market_no_vig_baseline,0.5538,1,0.5538,Braves,Pirates,,medium_55_65,home,favorite
825073,2026-06-05 00:07:45.183410+00:00,market_no_vig_baseline,0.5514,0,0.5514,D-backs,Nationals,,medium_55_65,home,favorite
822808,2026-06-06 06:49:12.996318+00:00,market_no_vig_baseline,0.4974,1,0.4974,Blue Jays,Orioles,,low_45_55,away,favorite
822891,2026-06-06 06:49:12.996318+00:00,market_no_vig_baseline,0.5156,0,0.5156,Rangers,Guardians,,low_45_55,home,favorite
823048,2026-06-06 06:49:12.996318+00:00,market_no_vig_baseline,0.5325,1,0.5325,Cardinals,Reds,,low_45_55,home,favorite
823292,2026-06-06 06:49:12.996318+00:00,market_no_vig_baseline,0.474,1,0.474,Padres,Mets,,low_45_55,away,favorite
823454,2026-06-06 06:49:12.996318+00:00,market_no_vig_baseline,0.5469,0,0.5469,Phillies,White Sox,,low_45_55,home,favorite
823697,2026-06-06 06:49:12.996318+00:00,market_no_vig_baseline,0.5812,0,0.5812,Twins,Royals,,medium_55_65,home,favorite
824350,2026-06-05 00:07:45.183410+00:00,market_residual_model,0.5574914187053813,0,,Rockies,Brewers,,medium_55_65,home,underdog
824673,2026-06-05 00:07:45.183410+00:00,market_residual_model,0.5578505057709684,0,,Cubs,Giants,,medium_55_65,home,favorite
824914,2026-06-05 00:07:45.183410+00:00,market_residual_model,0.4646301947241265,1,,Braves,Pirates,,low_45_55,away,underdog
825073,2026-06-05 00:07:45.183410+00:00,market_residual_model,0.5286171746239496,0,,D-backs,Nationals,,low_45_55,home,favorite
822808,2026-06-06 06:49:12.996318+00:00,market_residual_model,0.551285977384818,1,,Blue Jays,Orioles,,medium_55_65,home,underdog
822891,2026-06-06 06:49:12.996318+00:00,market_residual_model,0.68966627929944,0,,Rangers,Guardians,,high_65_plus,home,favorite
823048,2026-06-06 06:49:12.996318+00:00,market_residual_model,0.6764645421703966,1,,Cardinals,Reds,,high_65_plus,home,favorite
823292,2026-06-06 06:49:12.996318+00:00,market_residual_model,0.4526439141237518,1,,Padres,Mets,,low_45_55,away,favorite
823454,2026-06-06 06:49:12.996318+00:00,market_residual_model,0.5241171746239497,0,,Phillies,White Sox,,low_45_55,home,favorite
823697,2026-06-06 06:49:12.996318+00:00,market_residual_model,0.5162087071254755,0,,Twins,Royals,,low_45_55,home,favorite
823859,2026-06-06 06:49:12.996318+00:00,logistic_baseline,0.5886109035292914,1,,Marlins,Rays,,medium_55_65,home,underdog
823942,2026-06-06 06:49:12.996318+00:00,logistic_baseline,0.8076257786013255,1,,Dodgers,Angels,,high_65_plus,home,favorite
824184,2026-06-06 06:49:12.996318+00:00,logistic_baseline,0.6299541590905794,1,,Astros,Athletics,,medium_55_65,home,favorite
824269,2026-06-06 06:49:12.996318+00:00,logistic_baseline,0.5402742186668872,0,,Tigers,Mariners,,low_45_55,home,underdog
824351,2026-06-06 06:49:12.996318+00:00,logistic_baseline,0.41813444699149044,0,,Rockies,Brewers,,medium_55_65,away,favorite
824669,2026-06-06 06:49:12.996318+00:00,logistic_baseline,0.5696610222383629,1,,Cubs,Giants,,medium_55_65,home,favorite
824915,2026-06-06 06:49:12.996318+00:00,logistic_baseline,0.3799932144394931,1,,Braves,Pirates,,medium_55_65,away,underdog
825075,2026-06-06 06:49:12.996318+00:00,logistic_baseline,0.41554451528521796,0,,D-backs,Nationals,,medium_55_65,away,underdog
822807,2026-06-07 02:19:15.409355+00:00,logistic_baseline,0.5983818779028441,1,,Blue Jays,Orioles,,medium_55_65,home,favorite
822890,2026-06-07 02:19:15.409355+00:00,logistic_baseline,0.3872640901103454,1,,Rangers,Guardians,,medium_55_65,away,favorite
823859,2026-06-06 06:49:12.996318+00:00,lightgbm_classifier,0.49112465624046775,1,,Marlins,Rays,,low_45_55,away,favorite
823942,2026-06-06 06:49:12.996318+00:00,lightgbm_classifier,0.626682742875503,1,,Dodgers,Angels,,medium_55_65,home,favorite
824184,2026-06-06 06:49:12.996318+00:00,lightgbm_classifier,0.6428597964921794,1,,Astros,Athletics,,medium_55_65,home,favorite
824269,2026-06-06 06:49:12.996318+00:00,lightgbm_classifier,0.5608071951024686,0,,Tigers,Mariners,,medium_55_65,home,underdog
824351,2026-06-06 06:49:12.996318+00:00,lightgbm_classifier,0.4738739697448219,0,,Rockies,Brewers,,low_45_55,away,favorite
824669,2026-06-06 06:49:12.996318+00:00,lightgbm_classifier,0.5329442412810989,1,,Cubs,Giants,,low_45_55,home,favorite
824915,2026-06-06 06:49:12.996318+00:00,lightgbm_classifier,0.46663623335697635,1,,Braves,Pirates,,low_45_55,away,underdog
825075,2026-06-06 06:49:12.996318+00:00,lightgbm_classifier,0.43924970367397925,0,,D-backs,Nationals,,medium_55_65,away,underdog
822807,2026-06-07 02:19:15.409355+00:00,lightgbm_classifier,0.5757054990967084,1,,Blue Jays,Orioles,,medium_55_65,home,favorite
822890,2026-06-07 02:19:15.409355+00:00,lightgbm_classifier,0.5209925168982413,1,,Rangers,Guardians,,low_45_55,home,underdog
823859,2026-06-06 06:49:12.996318+00:00,xgboost_classifier,0.553472638130188,1,,Marlins,Rays,,medium_55_65,home,underdog
823942,2026-06-06 06:49:12.996318+00:00,xgboost_classifier,0.6190301775932312,1,,Dodgers,Angels,,medium_55_65,home,favorite
824184,2026-06-06 06:49:12.996318+00:00,xgboost_classifier,0.6694478988647461,1,,Astros,Athletics,,high_65_plus,home,favorite
824269,2026-06-06 06:49:12.996318+00:00,xgboost_classifier,0.4773857891559601,0,,Tigers,Mariners,,low_45_55,away,favorite
824351,2026-06-06 06:49:12.996318+00:00,xgboost_classifier,0.5600705742835999,0,,Rockies,Brewers,,medium_55_65,home,underdog
824669,2026-06-06 06:49:12.996318+00:00,xgboost_classifier,0.510007381439209,1,,Cubs,Giants,,low_45_55,home,favorite
824915,2026-06-06 06:49:12.996318+00:00,xgboost_classifier,0.5010309815406799,1,,Braves,Pirates,,low_45_55,home,favorite
825075,2026-06-06 06:49:12.996318+00:00,xgboost_classifier,0.5248132348060608,0,,D-backs,Nationals,,low_45_55,home,favorite
822807,2026-06-07 02:19:15.409355+00:00,xgboost_classifier,0.5450384020805359,1,,Blue Jays,Orioles,,low_45_55,home,favorite
822890,2026-06-07 02:19:15.409355+00:00,xgboost_classifier,0.5941944122314453,1,,Rangers,Guardians,,medium_55_65,home,underdog
823859,2026-06-06 06:49:12.996318+00:00,market_no_vig_baseline,0.4282,1,0.4282,Marlins,Rays,,medium_55_65,away,favorite
823942,2026-06-06 06:49:12.996318+00:00,market_no_vig_baseline,0.742,1,0.742,Dodgers,Angels,,high_65_plus,home,favorite
824184,2026-06-06 06:49:12.996318+00:00,market_no_vig_baseline,0.5091,1,0.5091,Astros,Athletics,,low_45_55,home,favorite
824269,2026-06-06 06:49:12.996318+00:00,market_no_vig_baseline,0.4531,0,0.4531,Tigers,Mariners,,low_45_55,away,favorite
824351,2026-06-06 06:49:12.996318+00:00,market_no_vig_baseline,0.3018,0,0.3018,Rockies,Brewers,,high_65_plus,away,favorite
824669,2026-06-06 06:49:12.996318+00:00,market_no_vig_baseline,0.5633,1,0.5633,Cubs,Giants,,medium_55_65,home,favorite
824915,2026-06-06 06:49:12.996318+00:00,market_no_vig_baseline,0.5105,1,0.5105,Braves,Pirates,,low_45_55,home,favorite
825075,2026-06-06 06:49:12.996318+00:00,market_no_vig_baseline,0.5934,0,0.5934,D-backs,Nationals,,medium_55_65,home,favorite
822807,2026-06-07 02:19:15.409355+00:00,market_no_vig_baseline,0.5504,1,0.5504,Blue Jays,Orioles,,medium_55_65,home,favorite
822890,2026-06-07 02:19:15.409355+00:00,market_no_vig_baseline,0.0288489003141959,1,0.0288489003141959,Rangers,Guardians,,high_65_plus,away,favorite
823859,2026-06-06 06:49:12.996318+00:00,market_residual_model,0.3949866075379367,1,,Marlins,Rays,,medium_55_65,away,favorite
823942,2026-06-06 06:49:12.996318+00:00,market_residual_model,0.5726744248177648,1,,Dodgers,Angels,,medium_55_65,home,favorite
824184,2026-06-06 06:49:12.996318+00:00,market_residual_model,0.5959683906762784,1,,Astros,Athletics,,medium_55_65,home,favorite
824269,2026-06-06 06:49:12.996318+00:00,market_residual_model,0.46692724601710917,0,,Tigers,Mariners,,low_45_55,away,favorite
824351,2026-06-06 06:49:12.996318+00:00,market_residual_model,0.3614790212865815,0,,Rockies,Brewers,,medium_55_65,away,favorite
824669,2026-06-06 06:49:12.996318+00:00,market_residual_model,0.4201992804093819,1,,Cubs,Giants,,medium_55_65,away,underdog
824915,2026-06-06 06:49:12.996318+00:00,market_residual_model,0.49009533664593186,1,,Braves,Pirates,,low_45_55,away,underdog
825075,2026-06-06 06:49:12.996318+00:00,market_residual_model,0.5104433420756308,0,,D-backs,Nationals,,low_45_55,home,favorite
822807,2026-06-07 02:19:15.409355+00:00,market_residual_model,0.6119634787135029,1,,Blue Jays,Orioles,,medium_55_65,home,favorite
822890,2026-06-07 02:19:15.409355+00:00,market_residual_model,0.11166633368129103,1,,Rangers,Guardians,,high_65_plus,away,favorite
823047,2026-06-07 02:19:15.409355+00:00,logistic_baseline,0.6879540162879787,1,,Cardinals,Reds,,high_65_plus,home,favorite
823291,2026-06-07 02:19:15.409355+00:00,logistic_baseline,0.4867225299151299,0,,Padres,Mets,,low_45_55,away,underdog
823453,2026-06-07 02:19:15.409355+00:00,logistic_baseline,0.5758373714354897,1,,Phillies,White Sox,,medium_55_65,home,favorite
823537,2026-06-07 02:19:15.409355+00:00,logistic_baseline,0.6871940247910269,1,,Yankees,Red Sox,,high_65_plus,home,favorite
823696,2026-06-07 02:19:15.409355+00:00,logistic_baseline,0.5728652083589875,0,,Twins,Royals,,medium_55_65,home,favorite
823857,2026-06-07 02:19:15.409355+00:00,logistic_baseline,0.7473755434638419,1,,Marlins,Rays,,high_65_plus,home,underdog
823941,2026-06-07 02:19:15.409355+00:00,logistic_baseline,0.8377524004469217,0,,Dodgers,Angels,,high_65_plus,home,favorite
824183,2026-06-07 02:19:15.409355+00:00,logistic_baseline,0.6629899265923281,0,,Astros,Athletics,,high_65_plus,home,favorite
824268,2026-06-07 02:19:15.409355+00:00,logistic_baseline,0.5931082764799389,1,,Tigers,Mariners,,medium_55_65,home,underdog
824349,2026-06-07 02:19:15.409355+00:00,logistic_baseline,0.9524441510272236,0,,Rockies,Brewers,,high_65_plus,home,underdog
823047,2026-06-07 02:19:15.409355+00:00,lightgbm_classifier,0.5472593859481553,1,,Cardinals,Reds,,low_45_55,home,favorite
823291,2026-06-07 02:19:15.409355+00:00,lightgbm_classifier,0.5289353484165519,0,,Padres,Mets,,low_45_55,home,favorite
823453,2026-06-07 02:19:15.409355+00:00,lightgbm_classifier,0.5402578615559901,1,,Phillies,White Sox,,low_45_55,home,favorite
823537,2026-06-07 02:19:15.409355+00:00,lightgbm_classifier,0.49537988697904184,1,,Yankees,Red Sox,,low_45_55,away,underdog
823696,2026-06-07 02:19:15.409355+00:00,lightgbm_classifier,0.5498485605356452,0,,Twins,Royals,,low_45_55,home,favorite
823857,2026-06-07 02:19:15.409355+00:00,lightgbm_classifier,0.5964939414457907,1,,Marlins,Rays,,medium_55_65,home,underdog
823941,2026-06-07 02:19:15.409355+00:00,lightgbm_classifier,0.6644089393366107,0,,Dodgers,Angels,,high_65_plus,home,favorite
824183,2026-06-07 02:19:15.409355+00:00,lightgbm_classifier,0.7053532992009853,0,,Astros,Athletics,,high_65_plus,home,favorite
824268,2026-06-07 02:19:15.409355+00:00,lightgbm_classifier,0.4826439941285439,1,,Tigers,Mariners,,low_45_55,away,favorite
824349,2026-06-07 02:19:15.409355+00:00,lightgbm_classifier,0.3967362166518598,0,,Rockies,Brewers,,medium_55_65,away,favorite
823047,2026-06-07 02:19:15.409355+00:00,xgboost_classifier,0.5348083972930908,1,,Cardinals,Reds,,low_45_55,home,favorite
823291,2026-06-07 02:19:15.409355+00:00,xgboost_classifier,0.5353065729141235,0,,Padres,Mets,,low_45_55,home,favorite
823453,2026-06-07 02:19:15.409355+00:00,xgboost_classifier,0.5486960411071777,1,,Phillies,White Sox,,low_45_55,home,favorite
823537,2026-06-07 02:19:15.409355+00:00,xgboost_classifier,0.6402605175971985,1,,Yankees,Red Sox,,medium_55_65,home,favorite
823696,2026-06-07 02:19:15.409355+00:00,xgboost_classifier,0.4941529333591461,0,,Twins,Royals,,low_45_55,away,underdog
823857,2026-06-07 02:19:15.409355+00:00,xgboost_classifier,0.5707678198814392,1,,Marlins,Rays,,medium_55_65,home,underdog
823941,2026-06-07 02:19:15.409355+00:00,xgboost_classifier,0.6332075595855713,0,,Dodgers,Angels,,medium_55_65,home,favorite
824183,2026-06-07 02:19:15.409355+00:00,xgboost_classifier,0.6897566914558411,0,,Astros,Athletics,,high_65_plus,home,favorite
824268,2026-06-07 02:19:15.409355+00:00,xgboost_classifier,0.49107593297958374,1,,Tigers,Mariners,,low_45_55,away,favorite
824349,2026-06-07 02:19:15.409355+00:00,xgboost_classifier,0.5283164381980896,0,,Rockies,Brewers,,low_45_55,home,underdog
823047,2026-06-07 02:19:15.409355+00:00,market_no_vig_baseline,0.5504,1,0.5504,Cardinals,Reds,,medium_55_65,home,favorite
823291,2026-06-07 02:19:15.409355+00:00,market_no_vig_baseline,0.5263,0,0.5263,Padres,Mets,,low_45_55,home,favorite
823453,2026-06-07 02:19:15.409355+00:00,market_no_vig_baseline,0.598,1,0.598,Phillies,White Sox,,medium_55_65,home,favorite
823537,2026-06-07 02:19:15.409355+00:00,market_no_vig_baseline,0.6015,1,0.6015,Yankees,Red Sox,,medium_55_65,home,favorite
823696,2026-06-07 02:19:15.409355+00:00,market_no_vig_baseline,0.5,0,0.5,Twins,Royals,,low_45_55,home,favorite
823857,2026-06-07 02:19:15.409355+00:00,market_no_vig_baseline,0.4895,1,0.4895,Marlins,Rays,,low_45_55,away,favorite
823941,2026-06-07 02:19:15.409355+00:00,market_no_vig_baseline,0.7634,0,0.7634,Dodgers,Angels,,high_65_plus,home,favorite
824183,2026-06-07 02:19:15.409355+00:00,market_no_vig_baseline,0.5,0,0.5,Astros,Athletics,,low_45_55,home,favorite
824268,2026-06-07 02:19:15.409355+00:00,market_no_vig_baseline,0.474,1,0.474,Tigers,Mariners,,low_45_55,away,favorite
824349,2026-06-07 02:19:15.409355+00:00,market_no_vig_baseline,0.1502732240437158,0,0.1502732240437158,Rockies,Brewers,,high_65_plus,away,favorite
823047,2026-06-07 02:19:15.409355+00:00,market_residual_model,0.6379017441487687,1,,Cardinals,Reds,,medium_55_65,home,favorite
823291,2026-06-07 02:19:15.409355+00:00,market_residual_model,0.5535441782958068,0,,Padres,Mets,,medium_55_65,home,favorite
823453,2026-06-07 02:19:15.409355+00:00,market_residual_model,0.5071630827363118,1,,Phillies,White Sox,,low_45_55,home,favorite
823537,2026-06-07 02:19:15.409355+00:00,market_residual_model,0.4694319229946802,1,,Yankees,Red Sox,,low_45_55,away,underdog
823696,2026-06-07 02:19:15.409355+00:00,market_residual_model,0.5928002344851664,0,,Twins,Royals,,medium_55_65,home,favorite
823857,2026-06-07 02:19:15.409355+00:00,market_residual_model,0.502542289723765,1,,Marlins,Rays,,low_45_55,home,underdog
823941,2026-06-07 02:19:15.409355+00:00,market_residual_model,0.6437577951286417,0,,Dodgers,Angels,,medium_55_65,home,favorite
824183,2026-06-07 02:19:15.409355+00:00,market_residual_model,0.6050350597214873,0,,Astros,Athletics,,medium_55_65,home,favorite
824268,2026-06-07 02:19:15.409355+00:00,market_residual_model,0.5456838308923733,1,,Tigers,Mariners,,low_45_55,home,underdog
824349,2026-06-07 02:19:15.409355+00:00,market_residual_model,0.15733202295537266,0,,Rockies,Brewers,,high_65_plus,away,favorite
824670,2026-06-07 02:19:15.409355+00:00,logistic_baseline,0.5986947900052281,0,,Cubs,Giants,,medium_55_65,home,favorite
824916,2026-06-07 02:19:15.409355+00:00,logistic_baseline,0.5384340704339451,1,,Braves,Pirates,,low_45_55,home,favorite
825074,2026-06-07 02:19:15.409355+00:00,logistic_baseline,0.40677128999488477,1,,D-backs,Nationals,,medium_55_65,away,underdog
822806,2026-06-08 00:35:33.411079+00:00,logistic_baseline,0.39577999890239224,0,,Blue Jays,Phillies,,medium_55_65,away,favorite
822972,2026-06-08 00:35:33.411079+00:00,logistic_baseline,0.36753030796281694,1,,Rays,Red Sox,,medium_55_65,away,favorite
823218,2026-06-08 00:35:33.411079+00:00,logistic_baseline,0.5898772899336273,0,,Giants,Nationals,,medium_55_65,home,favorite
823289,2026-06-08 00:35:33.411079+00:00,logistic_baseline,0.5040267583711262,1,,Padres,Reds,,low_45_55,home,favorite
824025,2026-06-08 00:35:33.411079+00:00,logistic_baseline,0.19226963621537876,0,,Angels,Astros,,high_65_plus,away,favorite
824427,2026-06-08 00:35:33.411079+00:00,logistic_baseline,0.5556948029846386,0,,Guardians,Yankees,,medium_55_65,home,favorite
824829,2026-06-08 00:35:33.411079+00:00,logistic_baseline,0.520984080224273,0,,Orioles,Mariners,,low_45_55,home,underdog
824670,2026-06-07 02:19:15.409355+00:00,lightgbm_classifier,0.5615315864740086,0,,Cubs,Giants,,medium_55_65,home,favorite
824916,2026-06-07 02:19:15.409355+00:00,lightgbm_classifier,0.5567370820588089,1,,Braves,Pirates,,medium_55_65,home,favorite
825074,2026-06-07 02:19:15.409355+00:00,lightgbm_classifier,0.5910772700134281,1,,D-backs,Nationals,,medium_55_65,home,favorite
822806,2026-06-08 00:35:33.411079+00:00,lightgbm_classifier,0.4703362266161582,0,,Blue Jays,Phillies,,low_45_55,away,favorite
822972,2026-06-08 00:35:33.411079+00:00,lightgbm_classifier,0.48908362446988557,1,,Rays,Red Sox,,low_45_55,away,favorite
823218,2026-06-08 00:35:33.411079+00:00,lightgbm_classifier,0.6412849050222265,0,,Giants,Nationals,,medium_55_65,home,favorite
823289,2026-06-08 00:35:33.411079+00:00,lightgbm_classifier,0.47525508719162735,1,,Padres,Reds,,low_45_55,away,underdog
824025,2026-06-08 00:35:33.411079+00:00,lightgbm_classifier,0.35831406007502886,0,,Angels,Astros,,medium_55_65,away,favorite
824427,2026-06-08 00:35:33.411079+00:00,lightgbm_classifier,0.6368839143001116,0,,Guardians,Yankees,,medium_55_65,home,favorite
824829,2026-06-08 00:35:33.411079+00:00,lightgbm_classifier,0.5112007289672075,0,,Orioles,Mariners,,low_45_55,home,underdog
824670,2026-06-07 02:19:15.409355+00:00,xgboost_classifier,0.5702809691429138,0,,Cubs,Giants,,medium_55_65,home,favorite
824916,2026-06-07 02:19:15.409355+00:00,xgboost_classifier,0.5613497495651245,1,,Braves,Pirates,,medium_55_65,home,favorite
825074,2026-06-07 02:19:15.409355+00:00,xgboost_classifier,0.5409749150276184,1,,D-backs,Nationals,,low_45_55,home,favorite
822806,2026-06-08 00:35:33.411079+00:00,xgboost_classifier,0.5035197138786316,0,,Blue Jays,Phillies,,low_45_55,home,underdog
822972,2026-06-08 00:35:33.411079+00:00,xgboost_classifier,0.46110159158706665,1,,Rays,Red Sox,,low_45_55,away,favorite
823218,2026-06-08 00:35:33.411079+00:00,xgboost_classifier,0.6068217754364014,0,,Giants,Nationals,,medium_55_65,home,favorite
823289,2026-06-08 00:35:33.411079+00:00,xgboost_classifier,0.4929525554180145,1,,Padres,Reds,,low_45_55,away,underdog
824025,2026-06-08 00:35:33.411079+00:00,xgboost_classifier,0.4529699683189392,0,,Angels,Astros,,low_45_55,away,favorite
824427,2026-06-08 00:35:33.411079+00:00,xgboost_classifier,0.565657377243042,0,,Guardians,Yankees,,medium_55_65,home,favorite
824829,2026-06-08 00:35:33.411079+00:00,xgboost_classifier,0.46253979206085205,0,,Orioles,Mariners,,low_45_55,away,favorite
824670,2026-06-07 02:19:15.409355+00:00,market_no_vig_baseline,0.5156,0,0.5156,Cubs,Giants,,low_45_55,home,favorite
824916,2026-06-07 02:19:15.409355+00:00,market_no_vig_baseline,0.5729,1,0.5729,Braves,Pirates,,medium_55_65,home,favorite
825074,2026-06-07 02:19:15.409355+00:00,market_no_vig_baseline,0.5492,1,0.5492,D-backs,Nationals,,low_45_55,home,favorite
822806,2026-06-08 00:35:33.411079+00:00,market_no_vig_baseline,0.3842,0,0.3842,Blue Jays,Phillies,,medium_55_65,away,favorite
822972,2026-06-08 00:35:33.411079+00:00,market_no_vig_baseline,0.4844,1,0.4844,Rays,Red Sox,,low_45_55,away,favorite
823218,2026-06-08 00:35:33.411079+00:00,market_no_vig_baseline,0.6163,0,0.6163,Giants,Nationals,,medium_55_65,home,favorite
823289,2026-06-08 00:35:33.411079+00:00,market_no_vig_baseline,0.557,1,0.557,Padres,Reds,,medium_55_65,home,favorite
824025,2026-06-08 00:35:33.411079+00:00,market_no_vig_baseline,0.4674,0,0.4674,Angels,Astros,,low_45_55,away,favorite
824427,2026-06-08 00:35:33.411079+00:00,market_no_vig_baseline,0.5091,0,0.5091,Guardians,Yankees,,low_45_55,home,favorite
824829,2026-06-08 00:35:33.411079+00:00,market_no_vig_baseline,0.4598,0,0.4598,Orioles,Mariners,,low_45_55,away,favorite
824670,2026-06-07 02:19:15.409355+00:00,market_residual_model,0.5272239719142148,0,,Cubs,Giants,,low_45_55,home,favorite
824916,2026-06-07 02:19:15.409355+00:00,market_residual_model,0.5637199747993794,1,,Braves,Pirates,,medium_55_65,home,favorite
825074,2026-06-07 02:19:15.409355+00:00,market_residual_model,0.6037679897005457,1,,D-backs,Nationals,,medium_55_65,home,favorite
822806,2026-06-08 00:35:33.411079+00:00,market_residual_model,0.4707916704072135,0,,Blue Jays,Phillies,,low_45_55,away,favorite
822972,2026-06-08 00:35:33.411079+00:00,market_residual_model,0.4593369670478449,1,,Rays,Red Sox,,low_45_55,away,favorite
823218,2026-06-08 00:35:33.411079+00:00,market_residual_model,0.6877782033345831,0,,Giants,Nationals,,high_65_plus,home,favorite
823289,2026-06-08 00:35:33.411079+00:00,market_residual_model,0.5234885692198388,1,,Padres,Reds,,low_45_55,home,favorite
824025,2026-06-08 00:35:33.411079+00:00,market_residual_model,0.49700800623431146,0,,Angels,Astros,,low_45_55,away,favorite
824427,2026-06-08 00:35:33.411079+00:00,market_residual_model,0.6675769345165008,0,,Guardians,Yankees,,high_65_plus,home,favorite
824829,2026-06-08 00:35:33.411079+00:00,market_residual_model,0.5208621764032777,0,,Orioles,Mariners,,low_45_55,home,underdog
824998,2026-06-08 00:35:33.411079+00:00,logistic_baseline,0.33141528123618097,0,,Athletics,Brewers,,high_65_plus,away,favorite
822805,2026-06-09 00:25:45.655613+00:00,logistic_baseline,0.465891339903267,1,,Blue Jays,Phillies,,low_45_55,away,favorite
822969,2026-06-09 00:25:45.655613+00:00,logistic_baseline,0.3146922510150183,1,,Rays,Red Sox,,high_65_plus,away,underdog
823214,2026-06-09 00:25:45.655613+00:00,logistic_baseline,0.28270383093678014,0,,Giants,Nationals,,high_65_plus,away,underdog
823290,2026-06-09 00:25:45.655613+00:00,logistic_baseline,0.2812664918309579,0,,Padres,Reds,,high_65_plus,away,underdog
823374,2026-06-09 00:25:45.655613+00:00,logistic_baseline,0.5051680910240391,0,,Pirates,Dodgers,,low_45_55,home,underdog
823620,2026-06-09 00:25:45.655613+00:00,logistic_baseline,0.5168219053348271,0,,Mets,Cardinals,,low_45_55,home,favorite
823858,2026-06-09 00:25:45.655613+00:00,logistic_baseline,0.6424939508322541,1,,Marlins,D-backs,,medium_55_65,home,favorite
824023,2026-06-09 00:25:45.655613+00:00,logistic_baseline,0.22793071472065862,1,,Angels,Astros,,high_65_plus,away,favorite
824105,2026-06-09 00:25:45.655613+00:00,logistic_baseline,0.3097667267227,1,,Royals,Rangers,,high_65_plus,away,favorite
824998,2026-06-08 00:35:33.411079+00:00,lightgbm_classifier,0.40648958503914084,0,,Athletics,Brewers,,medium_55_65,away,favorite
822805,2026-06-09 00:25:45.655613+00:00,lightgbm_classifier,0.5198910724139189,1,,Blue Jays,Phillies,,low_45_55,home,underdog
822969,2026-06-09 00:25:45.655613+00:00,lightgbm_classifier,0.5359215032840768,1,,Rays,Red Sox,,low_45_55,home,favorite
823214,2026-06-09 00:25:45.655613+00:00,lightgbm_classifier,0.5449903761637729,0,,Giants,Nationals,,low_45_55,home,favorite
823290,2026-06-09 00:25:45.655613+00:00,lightgbm_classifier,0.3957373294884977,0,,Padres,Reds,,medium_55_65,away,underdog
823374,2026-06-09 00:25:45.655613+00:00,lightgbm_classifier,0.5198910724139189,0,,Pirates,Dodgers,,low_45_55,home,underdog
823620,2026-06-09 00:25:45.655613+00:00,lightgbm_classifier,0.6748391055667274,0,,Mets,Cardinals,,high_65_plus,home,favorite
823858,2026-06-09 00:25:45.655613+00:00,lightgbm_classifier,0.6721638272425584,1,,Marlins,D-backs,,high_65_plus,home,favorite
824023,2026-06-09 00:25:45.655613+00:00,lightgbm_classifier,0.4685034754275104,1,,Angels,Astros,,low_45_55,away,favorite
824105,2026-06-09 00:25:45.655613+00:00,lightgbm_classifier,0.4537386969754599,1,,Royals,Rangers,,low_45_55,away,favorite
824998,2026-06-08 00:35:33.411079+00:00,xgboost_classifier,0.4611489772796631,0,,Athletics,Brewers,,low_45_55,away,favorite
822805,2026-06-09 00:25:45.655613+00:00,xgboost_classifier,0.40118157863616943,1,,Blue Jays,Phillies,,medium_55_65,away,favorite
822969,2026-06-09 00:25:45.655613+00:00,xgboost_classifier,0.504052996635437,1,,Rays,Red Sox,,low_45_55,home,favorite
823214,2026-06-09 00:25:45.655613+00:00,xgboost_classifier,0.5276974439620972,0,,Giants,Nationals,,low_45_55,home,favorite
823290,2026-06-09 00:25:45.655613+00:00,xgboost_classifier,0.516207754611969,0,,Padres,Reds,,low_45_55,home,favorite
823374,2026-06-09 00:25:45.655613+00:00,xgboost_classifier,0.5380807518959045,0,,Pirates,Dodgers,,low_45_55,home,underdog
823620,2026-06-09 00:25:45.655613+00:00,xgboost_classifier,0.687595009803772,0,,Mets,Cardinals,,high_65_plus,home,favorite
823858,2026-06-09 00:25:45.655613+00:00,xgboost_classifier,0.6614731550216675,1,,Marlins,D-backs,,high_65_plus,home,favorite
824023,2026-06-09 00:25:45.655613+00:00,xgboost_classifier,0.5274659991264343,1,,Angels,Astros,,low_45_55,home,underdog
824105,2026-06-09 00:25:45.655613+00:00,xgboost_classifier,0.49243229627609253,1,,Royals,Rangers,,low_45_55,away,favorite
824998,2026-06-08 00:35:33.411079+00:00,market_no_vig_baseline,0.4081,0,0.4081,Athletics,Brewers,,medium_55_65,away,favorite
822805,2026-06-09 00:25:45.655613+00:00,market_no_vig_baseline,0.0738060781476121,1,0.0738060781476121,Blue Jays,Phillies,,high_65_plus,away,favorite
822969,2026-06-09 00:25:45.655613+00:00,market_no_vig_baseline,0.7307,1,0.7307,Rays,Red Sox,,high_65_plus,home,favorite
823214,2026-06-09 00:25:45.655613+00:00,market_no_vig_baseline,0.578,0,0.578,Giants,Nationals,,medium_55_65,home,favorite
823290,2026-06-09 00:25:45.655613+00:00,market_no_vig_baseline,0.5504,0,0.5504,Padres,Reds,,medium_55_65,home,favorite
823374,2026-06-09 00:25:45.655613+00:00,market_no_vig_baseline,0.4993,0,0.4993,Pirates,Dodgers,,low_45_55,away,favorite
823620,2026-06-09 00:25:45.655613+00:00,market_no_vig_baseline,0.5415,0,0.5415,Mets,Cardinals,,low_45_55,home,favorite
823858,2026-06-09 00:25:45.655613+00:00,market_no_vig_baseline,0.5344,1,0.5344,Marlins,D-backs,,low_45_55,home,favorite
824023,2026-06-09 00:25:45.655613+00:00,market_no_vig_baseline,0.4597,1,0.4597,Angels,Astros,,low_45_55,away,favorite
824105,2026-06-09 00:25:45.655613+00:00,market_no_vig_baseline,0.4701,1,0.4701,Royals,Rangers,,low_45_55,away,favorite
824998,2026-06-08 00:35:33.411079+00:00,market_residual_model,0.3216318374768554,0,,Athletics,Brewers,,high_65_plus,away,favorite
822805,2026-06-09 00:25:45.655613+00:00,market_residual_model,0.17960514653758708,1,,Blue Jays,Phillies,,high_65_plus,away,favorite
822969,2026-06-09 00:25:45.655613+00:00,market_residual_model,0.5212161295255505,1,,Rays,Red Sox,,low_45_55,home,favorite
823214,2026-06-09 00:25:45.655613+00:00,market_residual_model,0.5999026908910828,0,,Giants,Nationals,,medium_55_65,home,favorite
823290,2026-06-09 00:25:45.655613+00:00,market_residual_model,0.4330477527922651,0,,Padres,Reds,,medium_55_65,away,underdog
823374,2026-06-09 00:25:45.655613+00:00,market_residual_model,0.6259530989450895,0,,Pirates,Dodgers,,medium_55_65,home,underdog
823620,2026-06-09 00:25:45.655613+00:00,market_residual_model,0.6707489094355262,0,,Mets,Cardinals,,high_65_plus,home,favorite
823858,2026-06-09 00:25:45.655613+00:00,market_residual_model,0.6610530989450896,1,,Marlins,D-backs,,high_65_plus,home,favorite
824023,2026-06-09 00:25:45.655613+00:00,market_residual_model,0.5523312714698576,1,,Angels,Astros,,medium_55_65,home,underdog
824105,2026-06-09 00:25:45.655613+00:00,market_residual_model,0.5597047336822932,1,,Royals,Rangers,,medium_55_65,home,underdog
824267,2026-06-09 00:25:45.655613+00:00,logistic_baseline,0.6162019605954041,1,,Tigers,Twins,,medium_55_65,home,favorite
824347,2026-06-09 00:25:45.655613+00:00,logistic_baseline,0.2280881382096116,1,,Rockies,Cubs,,high_65_plus,away,favorite
824429,2026-06-09 00:25:45.655613+00:00,logistic_baseline,0.29191528680221784,0,,Guardians,Yankees,,high_65_plus,away,favorite
824591,2026-06-09 00:25:45.655613+00:00,logistic_baseline,0.38782744148819637,1,,White Sox,Braves,,medium_55_65,away,favorite
824830,2026-06-09 00:25:45.655613+00:00,logistic_baseline,0.6329054933875343,0,,Orioles,Mariners,,medium_55_65,home,underdog
824999,2026-06-09 00:25:45.655613+00:00,logistic_baseline,0.5411816732634006,1,,Athletics,Brewers,,low_45_55,home,underdog
822804,2026-06-10 00:33:14.460245+00:00,logistic_baseline,0.517042830948708,0,,Blue Jays,Phillies,,low_45_55,home,underdog
822970,2026-06-10 00:33:14.460245+00:00,logistic_baseline,0.4357185126499396,1,,Rays,Red Sox,,medium_55_65,away,underdog
823215,2026-06-10 00:33:14.460245+00:00,logistic_baseline,0.36273735441781996,1,,Giants,Nationals,,medium_55_65,away,underdog
823287,2026-06-10 00:33:14.460245+00:00,logistic_baseline,0.5608535038501927,1,,Padres,Reds,,medium_55_65,home,underdog
824267,2026-06-09 00:25:45.655613+00:00,lightgbm_classifier,0.6818873452978983,1,,Tigers,Twins,,high_65_plus,home,favorite
824347,2026-06-09 00:25:45.655613+00:00,lightgbm_classifier,0.5084741038757902,1,,Rockies,Cubs,,low_45_55,home,underdog
824429,2026-06-09 00:25:45.655613+00:00,lightgbm_classifier,0.37883817019214355,0,,Guardians,Yankees,,medium_55_65,away,favorite
824591,2026-06-09 00:25:45.655613+00:00,lightgbm_classifier,0.540820808462131,1,,White Sox,Braves,,low_45_55,home,underdog
824830,2026-06-09 00:25:45.655613+00:00,lightgbm_classifier,0.34165787545499154,0,,Orioles,Mariners,,high_65_plus,away,favorite
824999,2026-06-09 00:25:45.655613+00:00,lightgbm_classifier,0.5264302613655558,1,,Athletics,Brewers,,low_45_55,home,underdog
822804,2026-06-10 00:33:14.460245+00:00,lightgbm_classifier,0.3497907601591321,0,,Blue Jays,Phillies,,high_65_plus,away,favorite
822970,2026-06-10 00:33:14.460245+00:00,lightgbm_classifier,0.5391100083293989,1,,Rays,Red Sox,,low_45_55,home,favorite
823215,2026-06-10 00:33:14.460245+00:00,lightgbm_classifier,0.5359826217378327,1,,Giants,Nationals,,low_45_55,home,favorite
823287,2026-06-10 00:33:14.460245+00:00,lightgbm_classifier,0.6015279348913831,1,,Padres,Reds,,medium_55_65,home,underdog
824267,2026-06-09 00:25:45.655613+00:00,xgboost_classifier,0.7031183242797852,1,,Tigers,Twins,,high_65_plus,home,favorite
824347,2026-06-09 00:25:45.655613+00:00,xgboost_classifier,0.5668473243713379,1,,Rockies,Cubs,,medium_55_65,home,underdog
824429,2026-06-09 00:25:45.655613+00:00,xgboost_classifier,0.3977876901626587,0,,Guardians,Yankees,,medium_55_65,away,favorite
824591,2026-06-09 00:25:45.655613+00:00,xgboost_classifier,0.4761902689933777,1,,White Sox,Braves,,low_45_55,away,favorite
824830,2026-06-09 00:25:45.655613+00:00,xgboost_classifier,0.3612116873264313,0,,Orioles,Mariners,,medium_55_65,away,favorite
824999,2026-06-09 00:25:45.655613+00:00,xgboost_classifier,0.5606638789176941,1,,Athletics,Brewers,,medium_55_65,home,underdog
822804,2026-06-10 00:33:14.460245+00:00,xgboost_classifier,0.39756444096565247,0,,Blue Jays,Phillies,,medium_55_65,away,favorite
822970,2026-06-10 00:33:14.460245+00:00,xgboost_classifier,0.5138425230979919,1,,Rays,Red Sox,,low_45_55,home,favorite
823215,2026-06-10 00:33:14.460245+00:00,xgboost_classifier,0.5292431116104126,1,,Giants,Nationals,,low_45_55,home,favorite
823287,2026-06-10 00:33:14.460245+00:00,xgboost_classifier,0.5446629524230957,1,,Padres,Reds,,low_45_55,home,underdog
824267,2026-06-09 00:25:45.655613+00:00,market_no_vig_baseline,0.5234,1,0.5234,Tigers,Twins,,low_45_55,home,favorite
824347,2026-06-09 00:25:45.655613+00:00,market_no_vig_baseline,0.4211,1,0.4211,Rockies,Cubs,,medium_55_65,away,favorite
824429,2026-06-09 00:25:45.655613+00:00,market_no_vig_baseline,0.386,0,0.386,Guardians,Yankees,,medium_55_65,away,favorite
824591,2026-06-09 00:25:45.655613+00:00,market_no_vig_baseline,0.4175,1,0.4175,White Sox,Braves,,medium_55_65,away,favorite
824830,2026-06-09 00:25:45.655613+00:00,market_no_vig_baseline,0.079048349961627,0,0.079048349961627,Orioles,Mariners,,high_65_plus,away,favorite
824999,2026-06-09 00:25:45.655613+00:00,market_no_vig_baseline,0.4173,1,0.4173,Athletics,Brewers,,medium_55_65,away,favorite
822804,2026-06-10 00:33:14.460245+00:00,market_no_vig_baseline,0.366093366093366,0,0.366093366093366,Blue Jays,Phillies,,medium_55_65,away,favorite
822970,2026-06-10 00:33:14.460245+00:00,market_no_vig_baseline,0.5934,1,0.5934,Rays,Red Sox,,medium_55_65,home,favorite
823215,2026-06-10 00:33:14.460245+00:00,market_no_vig_baseline,0.5,1,0.5,Giants,Nationals,,low_45_55,home,favorite
823287,2026-06-10 00:33:14.460245+00:00,market_no_vig_baseline,0.4531,1,0.4531,Padres,Reds,,low_45_55,away,favorite
824267,2026-06-09 00:25:45.655613+00:00,market_residual_model,0.621768764794981,1,,Tigers,Twins,,medium_55_65,home,favorite
824347,2026-06-09 00:25:45.655613+00:00,market_residual_model,0.5249182796864195,1,,Rockies,Cubs,,low_45_55,home,underdog
824429,2026-06-09 00:25:45.655613+00:00,market_residual_model,0.28197460759437,0,,Guardians,Yankees,,high_65_plus,away,favorite
824591,2026-06-09 00:25:45.655613+00:00,market_residual_model,0.5144168888461988,1,,White Sox,Braves,,low_45_55,home,underdog
824830,2026-06-09 00:25:45.655613+00:00,market_residual_model,0.01,0,,Orioles,Mariners,,high_65_plus,away,favorite
824999,2026-06-09 00:25:45.655613+00:00,market_residual_model,0.5032416961903179,1,,Athletics,Brewers,,low_45_55,home,underdog
822804,2026-06-10 00:33:14.460245+00:00,market_residual_model,0.26206797368773593,0,,Blue Jays,Phillies,,high_65_plus,away,favorite
822970,2026-06-10 00:33:14.460245+00:00,market_residual_model,0.48606284734788274,1,,Rays,Red Sox,,low_45_55,away,underdog
823215,2026-06-10 00:33:14.460245+00:00,market_residual_model,0.5770817860599018,1,,Giants,Nationals,,medium_55_65,home,favorite
823287,2026-06-10 00:33:14.460245+00:00,market_residual_model,0.5406792503968355,1,,Padres,Reds,,low_45_55,home,underdog
823372,2026-06-10 00:33:14.460245+00:00,logistic_baseline,0.3395409332631238,1,,Pirates,Dodgers,,high_65_plus,away,favorite
823618,2026-06-10 00:33:14.460245+00:00,logistic_baseline,0.7410590204157081,0,,Mets,Cardinals,,high_65_plus,home,underdog
823856,2026-06-10 00:33:14.460245+00:00,logistic_baseline,0.40459045629585805,1,,Marlins,D-backs,,medium_55_65,away,underdog
824022,2026-06-10 00:33:14.460245+00:00,logistic_baseline,0.3704694723096112,1,,Angels,Astros,,medium_55_65,away,favorite
824103,2026-06-10 00:33:14.460245+00:00,logistic_baseline,0.4710494540214443,0,,Royals,Rangers,,low_45_55,away,favorite
824266,2026-06-10 00:33:14.460245+00:00,logistic_baseline,0.6461081839410785,0,,Tigers,Twins,,medium_55_65,home,underdog
824348,2026-06-10 00:33:14.460245+00:00,logistic_baseline,0.2531093813811148,1,,Rockies,Cubs,,high_65_plus,away,favorite
824428,2026-06-10 00:33:14.460245+00:00,logistic_baseline,0.5755342590866229,0,,Guardians,Yankees,,medium_55_65,home,favorite
824590,2026-06-10 00:33:14.460245+00:00,logistic_baseline,0.6564794943474717,1,,White Sox,Braves,,high_65_plus,home,underdog
824831,2026-06-10 00:33:14.460245+00:00,logistic_baseline,0.4581750398099208,1,,Orioles,Mariners,,low_45_55,away,favorite
823372,2026-06-10 00:33:14.460245+00:00,lightgbm_classifier,0.26381555799339107,1,,Pirates,Dodgers,,high_65_plus,away,favorite
823618,2026-06-10 00:33:14.460245+00:00,lightgbm_classifier,0.6805114826746036,0,,Mets,Cardinals,,high_65_plus,home,underdog
823856,2026-06-10 00:33:14.460245+00:00,lightgbm_classifier,0.312602148642056,1,,Marlins,D-backs,,high_65_plus,away,underdog
824022,2026-06-10 00:33:14.460245+00:00,lightgbm_classifier,0.5730793110929218,1,,Angels,Astros,,medium_55_65,home,underdog
824103,2026-06-10 00:33:14.460245+00:00,lightgbm_classifier,0.5536854130935175,0,,Royals,Rangers,,medium_55_65,home,underdog
824266,2026-06-10 00:33:14.460245+00:00,lightgbm_classifier,0.6840371653546171,0,,Tigers,Twins,,high_65_plus,home,underdog
824348,2026-06-10 00:33:14.460245+00:00,lightgbm_classifier,0.2623493482273867,1,,Rockies,Cubs,,high_65_plus,away,favorite
824428,2026-06-10 00:33:14.460245+00:00,lightgbm_classifier,0.6043087238092861,0,,Guardians,Yankees,,medium_55_65,home,favorite
824590,2026-06-10 00:33:14.460245+00:00,lightgbm_classifier,0.29419179430087883,1,,White Sox,Braves,,high_65_plus,away,favorite
824831,2026-06-10 00:33:14.460245+00:00,lightgbm_classifier,0.5536854130935175,1,,Orioles,Mariners,,medium_55_65,home,underdog
823372,2026-06-10 00:33:14.460245+00:00,xgboost_classifier,0.3323154151439667,1,,Pirates,Dodgers,,high_65_plus,away,favorite
823618,2026-06-10 00:33:14.460245+00:00,xgboost_classifier,0.6868765950202942,0,,Mets,Cardinals,,high_65_plus,home,underdog
823856,2026-06-10 00:33:14.460245+00:00,xgboost_classifier,0.4826183617115021,1,,Marlins,D-backs,,low_45_55,away,underdog
824022,2026-06-10 00:33:14.460245+00:00,xgboost_classifier,0.4924553632736206,1,,Angels,Astros,,low_45_55,away,favorite
824103,2026-06-10 00:33:14.460245+00:00,xgboost_classifier,0.5680352449417114,0,,Royals,Rangers,,medium_55_65,home,underdog
824266,2026-06-10 00:33:14.460245+00:00,xgboost_classifier,0.7284284830093384,0,,Tigers,Twins,,high_65_plus,home,underdog
824348,2026-06-10 00:33:14.460245+00:00,xgboost_classifier,0.368661105632782,1,,Rockies,Cubs,,medium_55_65,away,favorite
824428,2026-06-10 00:33:14.460245+00:00,xgboost_classifier,0.6101599931716919,0,,Guardians,Yankees,,medium_55_65,home,favorite
824590,2026-06-10 00:33:14.460245+00:00,xgboost_classifier,0.4545595943927765,1,,White Sox,Braves,,low_45_55,away,favorite
824831,2026-06-10 00:33:14.460245+00:00,xgboost_classifier,0.5467275381088257,1,,Orioles,Mariners,,low_45_55,home,underdog
823372,2026-06-10 00:33:14.460245+00:00,market_no_vig_baseline,0.3939,1,0.3939,Pirates,Dodgers,,medium_55_65,away,favorite
823618,2026-06-10 00:33:14.460245+00:00,market_no_vig_baseline,0.042960442364951,0,0.042960442364951,Mets,Cardinals,,high_65_plus,away,favorite
823856,2026-06-10 00:33:14.460245+00:00,market_no_vig_baseline,0.7549,1,0.7549,Marlins,D-backs,,high_65_plus,home,favorite
824022,2026-06-10 00:33:14.460245+00:00,market_no_vig_baseline,0.4687,1,0.4687,Angels,Astros,,low_45_55,away,favorite
824103,2026-06-10 00:33:14.460245+00:00,market_no_vig_baseline,0.4197,0,0.4197,Royals,Rangers,,medium_55_65,away,favorite
824266,2026-06-10 00:33:14.460245+00:00,market_no_vig_baseline,0.4286,0,0.4286,Tigers,Twins,,medium_55_65,away,favorite
824348,2026-06-10 00:33:14.460245+00:00,market_no_vig_baseline,0.4081,1,0.4081,Rockies,Cubs,,medium_55_65,away,favorite
824428,2026-06-10 00:33:14.460245+00:00,market_no_vig_baseline,0.5512,0,0.5512,Guardians,Yankees,,medium_55_65,home,favorite
824590,2026-06-10 00:33:14.460245+00:00,market_no_vig_baseline,0.1108786610878661,1,0.1108786610878661,White Sox,Braves,,high_65_plus,away,favorite
824831,2026-06-10 00:33:14.460245+00:00,market_no_vig_baseline,0.2088,1,0.2088,Orioles,Mariners,,high_65_plus,away,favorite
823372,2026-06-10 00:33:14.460245+00:00,market_residual_model,0.257641735323395,1,,Pirates,Dodgers,,high_65_plus,away,favorite
823618,2026-06-10 00:33:14.460245+00:00,market_residual_model,0.2190689490471462,0,,Mets,Cardinals,,high_65_plus,away,favorite
823856,2026-06-10 00:33:14.460245+00:00,market_residual_model,0.539162032699833,1,,Marlins,D-backs,,low_45_55,home,favorite
824022,2026-06-10 00:33:14.460245+00:00,market_residual_model,0.5973686754822178,1,,Angels,Astros,,medium_55_65,home,underdog
824103,2026-06-10 00:33:14.460245+00:00,market_residual_model,0.580394771077614,0,,Royals,Rangers,,medium_55_65,home,underdog
824266,2026-06-10 00:33:14.460245+00:00,market_residual_model,0.5606242234373339,0,,Tigers,Twins,,medium_55_65,home,underdog
824348,2026-06-10 00:33:14.460245+00:00,market_residual_model,0.27184173532339506,1,,Rockies,Cubs,,high_65_plus,away,favorite
824428,2026-06-10 00:33:14.460245+00:00,market_residual_model,0.6645396837384716,0,,Guardians,Yankees,,high_65_plus,home,favorite
824590,2026-06-10 00:33:14.460245+00:00,market_residual_model,0.01,1,,White Sox,Braves,,high_65_plus,away,favorite
824831,2026-06-10 00:33:14.460245+00:00,market_residual_model,0.3815529587270792,1,,Orioles,Mariners,,medium_55_65,away,favorite
824996,2026-06-10 00:33:14.460245+00:00,logistic_baseline,0.6448414907905706,1,,Athletics,Brewers,,medium_55_65,home,favorite
824996,2026-06-10 00:33:14.460245+00:00,lightgbm_classifier,0.5967756450690004,1,,Athletics,Brewers,,medium_55_65,home,favorite
824996,2026-06-10 00:33:14.460245+00:00,xgboost_classifier,0.5403772592544556,1,,Athletics,Brewers,,low_45_55,home,favorite
824996,2026-06-10 00:33:14.460245+00:00,market_no_vig_baseline,0.5,1,0.5,Athletics,Brewers,,low_45_55,home,favorite
824996,2026-06-10 00:33:14.460245+00:00,market_residual_model,0.5631624308541554,1,,Athletics,Brewers,,medium_55_65,home,favorite
